date,season,competition,stage,home_team,away_team,lambda_home,lambda_away
2024-08-15,2024_25,La Liga,,Ath Bilbao,Getafe,1.9028969779001073,0.8902092679001746
2024-08-15,2024_25,La Liga,,Betis,Girona,1.2139843737578482,1.542312241525925
2024-08-16,2024_25,La Liga,,Celta,Alaves,1.5853452775026182,1.1180625481603137
2024-08-16,2024_25,La Liga,,Las Palmas,Sevilla,1.2469193131537166,1.5011596697645897
2024-08-16,2024_25,Ligue 1,,Le Havre,Paris SG,0.8301431907160025,2.1351713716871594
2024-08-16,2024_25,Premier League,,Man United,Fulham,1.7619143441106615,0.9952744297646821
2024-08-17,2024_25,La Liga,,Osasuna,Leganes,1.6841567516010516,1.0138861021394927
2024-08-17,2024_25,La Liga,,Valencia,Barcelona,0.9352428891458677,1.8190283316932927
2024-08-17,2024_25,Ligue 1,,Brest,Marseille,1.5078341295377515,1.0676051326291105
2024-08-17,2024_25,Ligue 1,,Monaco,St Etienne,2.5021053420049313,0.7264081129897317
2024-08-17,2024_25,Ligue 1,,Reims,Lille,1.2001248829722937,1.539357793177573
2024-08-17,2024_25,Premier League,,Arsenal,Wolves,2.6406461564958095,0.6257307858659347
2024-08-17,2024_25,Premier League,,Everton,Brighton,1.428895389154181,1.1493946842849432
2024-08-17,2024_25,Premier League,,Newcastle,Southampton,2.4358726620321205,0.7332046502329932
2024-08-17,2024_25,Premier League,,Nott'm Forest,Bournemouth,1.4430085559107337,1.243494372167425
2024-08-17,2024_25,Premier League,,West Ham,Aston Villa,1.2435192670588504,1.4239976317697478
2024-08-17,2024_25,Serie A,,Empoli,Monza,1.37219314383346,1.3543821505674587
2024-08-17,2024_25,Serie A,,Genoa,Inter,0.8729726338014326,1.9414256289782788
2024-08-17,2024_25,Serie A,,Milan,Torino,2.0103996704157043,0.8631580921728589
2024-08-17,2024_25,Serie A,,Parma,Fiorentina,0.9051907566510178,1.8387594965519078
2024-08-18,2024_25,La Liga,,Mallorca,Real Madrid,0.6604257834818589,2.5904454258995697
2024-08-18,2024_25,La Liga,,Sociedad,Vallecano,1.9373248483724907,0.8780319770453682
2024-08-18,2024_25,Ligue 1,,Angers,Lens,0.9481469339054811,1.8210005769073307
2024-08-18,2024_25,Ligue 1,,Auxerre,Nice,1.0510364380083417,1.5274120091687526
2024-08-18,2024_25,Ligue 1,,Montpellier,Strasbourg,1.502514793058867,1.1129362150741942
2024-08-18,2024_25,Ligue 1,,Rennes,Lyon,1.5091217875671048,1.1598826852686597
2024-08-18,2024_25,Ligue 1,,Toulouse,Nantes,1.7643049226834844,1.0185742972301204
2024-08-18,2024_25,Premier League,,Brentford,Crystal Palace,1.3402935345013847,1.3140417569860883
2024-08-18,2024_25,Premier League,,Chelsea,Man City,0.9659863629083658,1.9696772932885638
2024-08-18,2024_25,Serie A,,Bologna,Udinese,1.9404008589658328,0.9356630929428514
2024-08-18,2024_25,Serie A,,Cagliari,Roma,1.0750311245393442,1.653722198161696
2024-08-18,2024_25,Serie A,,Lazio,Venezia,2.1854587597339004,0.7686352909944738
2024-08-18,2024_25,Serie A,,Verona,Napoli,1.1148282783893877,1.4111243620548317
2024-08-19,2024_25,La Liga,,Valladolid,Espanol,1.3566566808486176,1.2862452317327364
2024-08-19,2024_25,La Liga,,Villarreal,Ath Madrid,1.2508616111973658,1.50833921619737
2024-08-19,2024_25,Premier League,,Leicester,Tottenham,1.1295455379780097,1.5262858798690422
2024-08-19,2024_25,Serie A,,Lecce,Atalanta,0.9472278926633415,1.7925329731796418
2024-08-23,2024_25,Bundesliga,,M'gladbach,Leverkusen,0.8457928059012617,2.128771754358337
2024-08-23,2024_25,La Liga,,Celta,Valencia,1.461453726234824,1.2110411257699671
2024-08-23,2024_25,La Liga,,Sevilla,Villarreal,1.2586232233931738,1.3143723015926854
2024-08-23,2024_25,Ligue 1,,Paris SG,Montpellier,2.3817787117394924,0.7319275337460327
2024-08-24,2024_25,Bundesliga,,Augsburg,Werder Bremen,1.3827261452977209,1.2980365927090027
2024-08-24,2024_25,Bundesliga,,Dortmund,Ein Frankfurt,2.0585272419720693,0.8669653844269605
2024-08-24,2024_25,Bundesliga,,Freiburg,Stuttgart,1.1014703761110425,1.6292226218726142
2024-08-24,2024_25,Bundesliga,,Mainz,Union Berlin,1.705235293513911,1.063950294942392
2024-08-24,2024_25,Bundesliga,,RB Leipzig,Bochum,2.390740880630711,0.6611543074965099
2024-08-24,2024_25,La Liga,,Barcelona,Ath Bilbao,1.9729477644992128,0.8945964216411698
2024-08-24,2024_25,La Liga,,Espanol,Sociedad,1.2406787013574911,1.4809695894078683
2024-08-24,2024_25,La Liga,,Getafe,Vallecano,1.5440630675747644,1.0973602785168644
2024-08-24,2024_25,La Liga,,Osasuna,Mallorca,1.4944423456058498,1.1213146385071497
2024-08-24,2024_25,Ligue 1,,Lille,Angers,2.6535500423427667,0.6948543584661965
2024-08-24,2024_25,Ligue 1,,Lyon,Monaco,1.1941502990937876,1.4510117366559383
2024-08-24,2024_25,Ligue 1,,St Etienne,Le Havre,1.322204530095883,1.2522641020912613
2024-08-24,2024_25,Premier League,,Aston Villa,Arsenal,1.0731133411563059,1.5084375842100886
2024-08-24,2024_25,Premier League,,Brighton,Man United,1.254063733274837,1.38369298184372
2024-08-24,2024_25,Premier League,,Crystal Palace,West Ham,1.7811730164376873,1.0460602157487295
2024-08-24,2024_25,Premier League,,Fulham,Leicester,1.5484858892500755,1.124971128209065
2024-08-24,2024_25,Premier League,,Man City,Ipswich,3.9450739513023443,0.4187048528715496
2024-08-24,2024_25,Premier League,,Southampton,Nott'm Forest,1.2943663715241427,1.3252641499755515
2024-08-24,2024_25,Premier League,,Tottenham,Everton,2.0257149842544813,0.8785392372770988
2024-08-24,2024_25,Serie A,,Inter,Lecce,2.9349310440052467,0.5636771758598691
2024-08-24,2024_25,Serie A,,Monza,Genoa,1.3983763029408984,1.2348479745545096
2024-08-24,2024_25,Serie A,,Parma,Milan,0.821666649396042,2.2675044687247263
2024-08-24,2024_25,Serie A,,Udinese,Lazio,1.1777908878349843,1.5964068219197551
2024-08-25,2024_25,Bundesliga,,Wolfsburg,Bayern Munich,0.8522659817890236,2.1253845397145597
2024-08-25,2024_25,La Liga,,Alaves,Betis,1.248103296878678,1.4140635434373288
2024-08-25,2024_25,La Liga,,Ath Madrid,Girona,1.5966150654583857,1.1844003797954228
2024-08-25,2024_25,La Liga,,Leganes,Las Palmas,1.5573903150045703,1.1435732080582377
2024-08-25,2024_25,La Liga,,Real Madrid,Valladolid,3.4561191824163906,0.5005309585177637
2024-08-25,2024_25,Ligue 1,,Lens,Brest,1.4643980447276146,1.1733478380336555
2024-08-25,2024_25,Ligue 1,,Marseille,Reims,1.806747787806262,0.9161207568482467
2024-08-25,2024_25,Ligue 1,,Nantes,Auxerre,1.3303708709166822,1.2287525934035248
2024-08-25,2024_25,Ligue 1,,Nice,Toulouse,1.6610880270701047,1.0306727062856305
2024-08-25,2024_25,Ligue 1,,Strasbourg,Rennes,1.1951707274532344,1.4421723492810865
2024-08-25,2024_25,Premier League,,Bournemouth,Newcastle,1.1595000674096303,1.501405329165896
2024-08-25,2024_25,Premier League,,Liverpool,Brentford,2.4056233439446073,0.69993766270624
2024-08-25,2024_25,Premier League,,Wolves,Chelsea,1.0973096043024677,1.7386953930003166
2024-08-25,2024_25,Serie A,,Fiorentina,Venezia,2.1254156322524644,0.8288968019657535
2024-08-25,2024_25,Serie A,,Napoli,Bologna,1.338288168643275,1.264506482772238
2024-08-25,2024_25,Serie A,,Roma,Empoli,2.0335354519078983,0.7943200957529503
2024-08-25,2024_25,Serie A,,Torino,Atalanta,1.141025506248618,1.548980231320826
2024-08-26,2024_25,La Liga,,Villarreal,Celta,1.7913665492399475,1.0619781627081497
2024-08-26,2024_25,Serie A,,Cagliari,Como,1.9232126239099379,0.8816472355295059
2024-08-26,2024_25,Serie A,,Verona,Juventus,1.034430644759094,1.6334057561187065
2024-08-27,2024_25,La Liga,,Mallorca,Sevilla,1.3886792228797091,1.2368619779875099
2024-08-27,2024_25,La Liga,,Vallecano,Barcelona,0.8550305764937401,2.140882671464741
2024-08-28,2024_25,La Liga,,Ath Bilbao,Valencia,1.7822265012946543,0.9681689677993126
2024-08-28,2024_25,La Liga,,Ath Madrid,Espanol,2.4043404165320355,0.7338228042323355
2024-08-28,2024_25,La Liga,,Sociedad,Alaves,1.842636649083715,0.9576348493809153
2024-08-28,2024_25,La Liga,,Valladolid,Leganes,1.4020756719352727,1.2458570677538752
2024-08-29,2024_25,La Liga,,Girona,Osasuna,2.059868312137598,0.8575820372351353
2024-08-29,2024_25,La Liga,,Las Palmas,Real Madrid,0.6256282661603266,2.895837802730259
2024-08-30,2024_25,Ligue 1,,Lyon,Strasbourg,1.6315483597662122,1.0159618751996842
2024-08-30,2024_25,Serie A,,Inter,Atalanta,1.9148799232965272,0.949290872188273
2024-08-30,2024_25,Serie A,,Venezia,Torino,1.1149140281536514,1.5020002051937404
2024-08-31,2024_25,Bundesliga,,Bochum,M'gladbach,1.3236837431397084,1.353014245315097
2024-08-31,2024_25,Bundesliga,,Ein Frankfurt,Hoffenheim,1.4308757561046979,1.2280201083406586
2024-08-31,2024_25,Bundesliga,,Leverkusen,RB Leipzig,1.7272161228089575,0.9857831071407828
2024-08-31,2024_25,Bundesliga,,Stuttgart,Mainz,2.1138491877013923,0.916849181489778
2024-08-31,2024_25,Bundesliga,,Werder Bremen,Dortmund,1.0626293709409804,1.8017624358017748
2024-08-31,2024_25,La Liga,,Ath Bilbao,Ath Madrid,1.1833109507569015,1.4325300250599682
2024-08-31,2024_25,La Liga,,Barcelona,Valladolid,2.7186667932697253,0.6523699972807374
2024-08-31,2024_25,La Liga,,Espanol,Vallecano,1.5408001171817738,1.1378161398324511
2024-08-31,2024_25,La Liga,,Leganes,Mallorca,1.4342971039180137,1.2344068623455327
2024-08-31,2024_25,La Liga,,Valencia,Villarreal,1.1848150139939557,1.4462787974904938
2024-08-31,2024_25,Ligue 1,,Brest,St Etienne,1.915222181141616,0.8192311693002498
2024-08-31,2024_25,Ligue 1,,Montpellier,Nantes,1.6784771393626798,1.107856166299455
2024-08-31,2024_25,Ligue 1,,Toulouse,Marseille,1.192693078136711,1.4133267785358046
2024-08-31,2024_25,Premier League,,Arsenal,Brighton,2.3519228753308328,0.6880763743757702
2024-08-31,2024_25,Premier League,,Brentford,Southampton,1.7690001168905194,0.905881411144634
2024-08-31,2024_25,Premier League,,Everton,Bournemouth,1.3897547307041394,1.2228210148653658
2024-08-31,2024_25,Premier League,,Ipswich,Fulham,1.1257642545819802,1.5402945807942492
2024-08-31,2024_25,Premier League,,Leicester,Aston Villa,1.1749755147088918,1.4772813706877699
2024-08-31,2024_25,Premier League,,Nott'm Forest,Wolves,1.5122598944233085,1.1742532815739681
2024-08-31,2024_25,Premier League,,West Ham,Man City,0.698394800173939,2.700798138602814
2024-08-31,2024_25,Serie A,,Bologna,Empoli,2.0433042548402804,0.9114085913449522
2024-08-31,2024_25,Serie A,,Lazio,Milan,1.3131990094293406,1.3405778402072261
2024-08-31,2024_25,Serie A,,Lecce,Cagliari,1.375878955981925,1.233947947712371
2024-08-31,2024_25,Serie A,,Napoli,Parma,2.17469539212416,0.7533570568958186
2024-09-01,2024_25,Bundesliga,,Bayern Munich,Freiburg,2.3241868009106463,0.735583801489377
2024-09-01,2024_25,Bundesliga,,Heidenheim,Augsburg,1.6681693185314075,1.0094020866629265
2024-09-01,2024_25,La Liga,,Alaves,Las Palmas,1.626515649887794,1.080236029786354
2024-09-01,2024_25,La Liga,,Getafe,Sociedad,1.2036322533214145,1.4268614665658432
2024-09-01,2024_25,La Liga,,Osasuna,Celta,1.426372984114246,1.237765316956211
2024-09-01,2024_25,La Liga,,Real Madrid,Betis,2.8207794354011573,0.6572692494830632
2024-09-01,2024_25,La Liga,,Sevilla,Girona,1.131767365742896,1.6745769273090887
2024-09-01,2024_25,Ligue 1,,Angers,Nice,0.9471322207364894,1.8437518070449697
2024-09-01,2024_25,Ligue 1,,Le Havre,Auxerre,1.4916740053849917,1.0677974629229894
2024-09-01,2024_25,Ligue 1,,Lille,Paris SG,1.0727977850788928,1.6906510362869096
2024-09-01,2024_25,Ligue 1,,Monaco,Lens,1.7009957342583812,0.9723443468510794
2024-09-01,2024_25,Ligue 1,,Reims,Rennes,1.2494983933862722,1.3960021492048895
2024-09-01,2024_25,Premier League,,Chelsea,Crystal Palace,1.9183456041273554,0.9812403571605943
2024-09-01,2024_25,Premier League,,Man United,Liverpool,1.0662206729753463,1.6607448998190264
2024-09-01,2024_25,Premier League,,Newcastle,Tottenham,1.4901538737048852,1.2180085960504714
2024-09-01,2024_25,Serie A,,Fiorentina,Monza,1.8388743812193662,0.9968556071751622
2024-09-01,2024_25,Serie A,,Genoa,Verona,1.621000713984463,1.023846470365389
2024-09-01,2024_25,Serie A,,Juventus,Roma,1.7398925912776204,0.9778081119656079
2024-09-01,2024_25,Serie A,,Udinese,Como,1.7857454722653618,0.9892106467627476
2024-09-13,2024_25,Bundesliga,,Dortmund,Heidenheim,2.053771141921556,0.8951767032404946
2024-09-13,2024_25,La Liga,,Betis,Leganes,1.774087115289035,0.9646086984407948
2024-09-13,2024_25,Ligue 1,,St Etienne,Lille,0.9676133676347258,1.9612633791208558
2024-09-14,2024_25,Bundesliga,,Freiburg,Bochum,1.7944909650472798,0.971487830762458
2024-09-14,2024_25,Bundesliga,,Hoffenheim,Leverkusen,0.9347324000727959,1.8400693672491888
2024-09-14,2024_25,Bundesliga,,M'gladbach,Stuttgart,1.121418348008547,1.5847054340012081
2024-09-14,2024_25,Bundesliga,,RB Leipzig,Union Berlin,2.32301728384431,0.7415001232764645
2024-09-14,2024_25,Bundesliga,,Wolfsburg,Ein Frankfurt,1.3685392439696331,1.3286255295202143
2024-09-14,2024_25,La Liga,,Espanol,Alaves,1.45703044989564,1.21190692641721
2024-09-14,2024_25,La Liga,,Mallorca,Villarreal,1.1695237233530067,1.4460602059665664
2024-09-14,2024_25,La Liga,,Sevilla,Getafe,1.5044030992547177,1.084076080220078
2024-09-14,2024_25,La Liga,,Sociedad,Real Madrid,0.8143011391196497,2.145788671942446
2024-09-14,2024_25,Ligue 1,,Auxerre,Monaco,0.9146527482798988,1.9179658489901594
2024-09-14,2024_25,Ligue 1,,Marseille,Nice,1.4912667977007967,1.0620821061958594
2024-09-14,2024_25,Ligue 1,,Paris SG,Brest,2.2397479136046146,0.7973699881489116
2024-09-14,2024_25,Premier League,,Aston Villa,Everton,2.0182548786142895,0.9172360688230383
2024-09-14,2024_25,Premier League,,Bournemouth,Chelsea,1.1464467737891264,1.5409632126142085
2024-09-14,2024_25,Premier League,,Brighton,Ipswich,1.8328485059154256,0.9393435596572429
2024-09-14,2024_25,Premier League,,Crystal Palace,Leicester,1.8210922891809447,1.0335401359591536
2024-09-14,2024_25,Premier League,,Fulham,West Ham,1.4677530597845698,1.2111858188621913
2024-09-14,2024_25,Premier League,,Liverpool,Nott'm Forest,2.642952938337934,0.6311830120104315
2024-09-14,2024_25,Premier League,,Man City,Brentford,3.0506710474612615,0.5492312736843531
2024-09-14,2024_25,Premier League,,Southampton,Man United,1.0306707288707717,1.661223681981251
2024-09-14,2024_25,Serie A,,Como,Bologna,1.024057218720903,1.770077285312913
2024-09-14,2024_25,Serie A,,Empoli,Juventus,0.9592246972530143,1.825975793436021
2024-09-14,2024_25,Serie A,,Milan,Venezia,2.5446702190573824,0.7194386493782703
2024-09-15,2024_25,Bundesliga,,Mainz,Werder Bremen,1.5975343037319176,1.1805020064706555
2024-09-15,2024_25,La Liga,,Ath Madrid,Valencia,2.1745905718338996,0.7679982766366806
2024-09-15,2024_25,La Liga,,Celta,Valladolid,1.876374445414615,0.9505569516461434
2024-09-15,2024_25,La Liga,,Girona,Barcelona,1.3957784190910403,1.4791704436916688
2024-09-15,2024_25,La Liga,,Las Palmas,Ath Bilbao,1.1230223002114625,1.6365898789568825
2024-09-15,2024_25,Ligue 1,,Lens,Lyon,1.6733252482361007,1.1114810432690376
2024-09-15,2024_25,Ligue 1,,Nantes,Reims,1.2516911792635361,1.2974767598614294
2024-09-15,2024_25,Ligue 1,,Rennes,Montpellier,1.8368595857714118,1.0028632485720448
2024-09-15,2024_25,Ligue 1,,Strasbourg,Angers,2.056929849484471,0.8143217197861302
2024-09-15,2024_25,Ligue 1,,Toulouse,Le Havre,1.4539642935129218,1.1582984613765572
2024-09-15,2024_25,Premier League,,Tottenham,Arsenal,1.1536230704770278,1.5033133323622698
2024-09-15,2024_25,Premier League,,Wolves,Newcastle,1.0782611199020793,1.5860928362080151
2024-09-15,2024_25,Serie A,,Atalanta,Fiorentina,1.6390108835426722,1.064105166003736
2024-09-15,2024_25,Serie A,,Cagliari,Napoli,1.0785587395539873,1.5129961157948164
2024-09-15,2024_25,Serie A,,Genoa,Roma,1.271275490826546,1.3424697879413041
2024-09-15,2024_25,Serie A,,Monza,Inter,0.8035082888526571,2.131321878519041
2024-09-15,2024_25,Serie A,,Torino,Lecce,1.8990496485783777,0.9050356875545016
2024-09-16,2024_25,La Liga,,Vallecano,Osasuna,1.407764846876301,1.246542064245468
2024-09-16,2024_25,Serie A,,Lazio,Verona,1.8756444385639943,0.9158117214072353
2024-09-16,2024_25,Serie A,,Parma,Udinese,1.2312565361005774,1.5111779239612326
2024-09-17,2024_25,Champions League,league_phase,BSC Young Boys (SUI),Aston Villa,1.235117714840111,1.5861761003518833
2024-09-17,2024_25,Champions League,league_phase,Juventus,PSV (NED),2.081540748598153,0.8929262760492617
2024-09-17,2024_25,Champions League,league_phase,Milan,Liverpool,1.394299216242766,1.5088357228981202
2024-09-17,2024_25,Champions League,league_phase,Real Madrid,Stuttgart,2.305880712041165,0.8330332392541326
2024-09-17,2024_25,La Liga,,Mallorca,Sociedad,1.2727059298386916,1.3688903920630338
2024-09-18,2024_25,Champions League,league_phase,Bologna,FK Shakhtar Donetsk (UKR),1.780614616873125,1.0653500581581168
2024-09-18,2024_25,Champions League,league_phase,Club Brugge KV (BEL),Dortmund,0.9822242778430716,2.0426561575361446
2024-09-18,2024_25,Champions League,league_phase,Man City,Inter,1.8562866626593386,1.0365097840783357
2024-09-18,2024_25,Champions League,league_phase,Paris SG,Girona,2.263875915634152,0.9471479799073137
2024-09-18,2024_25,La Liga,,Betis,Getafe,1.7418200311421013,0.9628532805070931
2024-09-19,2024_25,Champions League,league_phase,Atalanta,Arsenal,1.2512806610653564,1.5701223114650384
2024-09-19,2024_25,Champions League,league_phase,Ath Madrid,RB Leipzig,1.500021763298294,1.179273238790913
2024-09-19,2024_25,Champions League,league_phase,FK Crvena Zvezda (SRB),Sport Lisboa e Benfica (POR),1.4999116166413824,1.3932211687888063
2024-09-19,2024_25,Champions League,league_phase,Feyenoord Rotterdam (NED),Leverkusen,0.9313206440143131,2.124735040382237
2024-09-19,2024_25,Champions League,league_phase,Monaco,Barcelona,1.3091586325544287,1.5239141271713401
2024-09-19,2024_25,La Liga,,Leganes,Ath Bilbao,1.1352647017015498,1.5711617926431332
2024-09-20,2024_25,Bundesliga,,Augsburg,Mainz,1.3522338130443345,1.3448173072990819
2024-09-20,2024_25,La Liga,,Alaves,Sevilla,1.4331577395117685,1.1985893641798844
2024-09-20,2024_25,Ligue 1,,Nice,St Etienne,2.0536620006685036,0.8133927334038774
2024-09-20,2024_25,Serie A,,Cagliari,Empoli,1.3444092145533815,1.2685524183856478
2024-09-20,2024_25,Serie A,,Verona,Torino,1.2867307167981867,1.2736981945862276
2024-09-21,2024_25,Bundesliga,,Bochum,Holstein Kiel,1.5030710118602904,0.8482888735952525
2024-09-21,2024_25,Bundesliga,,Ein Frankfurt,M'gladbach,1.6703982827494936,1.0542170430415647
2024-09-21,2024_25,Bundesliga,,Heidenheim,Freiburg,1.5948644943850347,1.1256831548896553
2024-09-21,2024_25,Bundesliga,,Union Berlin,Hoffenheim,1.2774497832035931,1.3270477048753566
2024-09-21,2024_25,Bundesliga,,Werder Bremen,Bayern Munich,0.8061469032421339,2.0889225119921915
2024-09-21,2024_25,La Liga,,Osasuna,Las Palmas,1.6472097980391818,1.0899767860154101
2024-09-21,2024_25,La Liga,,Real Madrid,Espanol,3.2187709753852625,0.5635445581333848
2024-09-21,2024_25,La Liga,,Valencia,Girona,1.1090217614476148,1.6489706562807314
2024-09-21,2024_25,La Liga,,Valladolid,Sociedad,1.172436205690011,1.6354427228641093
2024-09-21,2024_25,Ligue 1,,Lille,Strasbourg,1.8217287997737135,0.9723526433090933
2024-09-21,2024_25,Ligue 1,,Reims,Paris SG,0.826835646108867,2.0304950022275468
2024-09-21,2024_25,Ligue 1,,Rennes,Lens,1.4595241837434383,1.1608165793309362
2024-09-21,2024_25,Premier League,,Aston Villa,Wolves,2.0285043089717845,0.8670455472082845
2024-09-21,2024_25,Premier League,,Crystal Palace,Man United,1.4304128895592083,1.27366935468049
2024-09-21,2024_25,Premier League,,Fulham,Newcastle,1.2035124146043938,1.4381078228394242
2024-09-21,2024_25,Premier League,,Leicester,Everton,1.5322235277908787,1.1285191167517752
2024-09-21,2024_25,Premier League,,Liverpool,Bournemouth,2.3994323781545006,0.6936812135641109
2024-09-21,2024_25,Premier League,,Southampton,Ipswich,1.3518693775856294,1.2994071952812618
2024-09-21,2024_25,Premier League,,Tottenham,Brentford,1.7867478017109713,0.9243976264725258
2024-09-21,2024_25,Premier League,,West Ham,Chelsea,1.099140334052912,1.6067168699480552
2024-09-21,2024_25,Serie A,,Juventus,Napoli,1.635226642976347,0.9557119057934674
2024-09-21,2024_25,Serie A,,Lecce,Parma,1.5017291577306178,1.034487052295205
2024-09-21,2024_25,Serie A,,Venezia,Genoa,1.1578345371495977,1.5305197687840753
2024-09-22,2024_25,Bundesliga,,Leverkusen,Wolfsburg,2.7044761801985553,0.6126629278668381
2024-09-22,2024_25,Bundesliga,,Stuttgart,Dortmund,1.4255106118429435,1.468242425570734
2024-09-22,2024_25,La Liga,,Ath Bilbao,Celta,1.7200659628885113,1.0309661600375566
2024-09-22,2024_25,La Liga,,Getafe,Leganes,1.561329786569289,1.1332027643375546
2024-09-22,2024_25,La Liga,,Vallecano,Ath Madrid,0.9254209352052611,1.9295834727408836
2024-09-22,2024_25,La Liga,,Villarreal,Barcelona,1.0903270102966467,1.7868127051210723
2024-09-22,2024_25,Ligue 1,,Angers,Nantes,1.2203346753449649,1.4696120594054942
2024-09-22,2024_25,Ligue 1,,Brest,Toulouse,1.6417639220309275,0.9886326740219546
2024-09-22,2024_25,Ligue 1,,Lyon,Marseille,1.2974642230532438,1.3003720179112843
2024-09-22,2024_25,Ligue 1,,Monaco,Le Havre,2.1995723379870586,0.7748858443919133
2024-09-22,2024_25,Ligue 1,,Montpellier,Auxerre,1.627308507591028,1.0249914539915221
2024-09-22,2024_25,Premier League,,Brighton,Nott'm Forest,1.6005981667727547,1.0428198076732287
2024-09-22,2024_25,Premier League,,Man City,Arsenal,1.8712543102581902,0.9776579864786308
2024-09-22,2024_25,Serie A,,Fiorentina,Lazio,1.4695466246240567,1.245189329088007
2024-09-22,2024_25,Serie A,,Inter,Milan,1.934980916208561,0.93943730428138
2024-09-22,2024_25,Serie A,,Monza,Bologna,1.2410687280233736,1.3846240923866753
2024-09-22,2024_25,Serie A,,Roma,Udinese,1.7614686777741413,0.9349450122345265
2024-09-23,2024_25,La Liga,,Betis,Mallorca,1.7854823911708664,1.0106887794408574
2024-09-24,2024_25,La Liga,,Real Madrid,Alaves,3.2407438757329974,0.5865009299081508
2024-09-24,2024_25,La Liga,,Sevilla,Valladolid,1.8233256038943793,0.9347211980330489
2024-09-24,2024_25,La Liga,,Valencia,Osasuna,1.523790366521016,1.1438692979247989
2024-09-24,2024_25,Serie A,,Atalanta,Como,2.2099424932628384,0.7593775714413283
2024-09-25,2024_25,La Liga,,Barcelona,Getafe,2.8423236258760056,0.5906254549777626
2024-09-25,2024_25,La Liga,,Girona,Vallecano,2.1299726076162946,0.910625471721283
2024-09-26,2024_25,La Liga,,Celta,Ath Madrid,1.0594986813313647,1.6828276206599622
2024-09-26,2024_25,La Liga,,Espanol,Villarreal,1.167462495274784,1.4692657417081714
2024-09-26,2024_25,La Liga,,Las Palmas,Betis,1.1353728381654258,1.5398719004915717
2024-09-27,2024_25,Bundesliga,,Dortmund,Bochum,2.6510115329145116,0.6611002622642307
2024-09-27,2024_25,La Liga,,Valladolid,Mallorca,1.2498276419024197,1.4329416246570943
2024-09-27,2024_25,Ligue 1,,Auxerre,Brest,1.0547926686909894,1.6713945524786926
2024-09-27,2024_25,Ligue 1,,Paris SG,Rennes,2.305596822387349,0.7966571022574692
2024-09-27,2024_25,Serie A,,Milan,Lecce,2.497447247193882,0.7295418254347827
2024-09-28,2024_25,Bundesliga,,Bayern Munich,Leverkusen,1.5490445409222198,1.1467593392161408
2024-09-28,2024_25,Bundesliga,,Freiburg,St Pauli,1.8630471658817396,0.897547411846657
2024-09-28,2024_25,Bundesliga,,M'gladbach,Union Berlin,1.5431000856142842,1.1765320471327
2024-09-28,2024_25,Bundesliga,,Mainz,Heidenheim,1.4916634435054938,1.220905889268528
2024-09-28,2024_25,Bundesliga,,RB Leipzig,Augsburg,2.1869882738528896,0.7526514925739691
2024-09-28,2024_25,Bundesliga,,Wolfsburg,Stuttgart,1.0999316915794735,1.6509309925422206
2024-09-28,2024_25,La Liga,,Getafe,Alaves,1.3999518298929978,1.2864564399823366
2024-09-28,2024_25,La Liga,,Osasuna,Barcelona,0.7859753089825812,2.202621229037341
2024-09-28,2024_25,La Liga,,Sociedad,Valencia,1.6187686286609226,1.076278981468338
2024-09-28,2024_25,La Liga,,Vallecano,Leganes,1.6008031708477033,1.1275416335108592
2024-09-28,2024_25,Ligue 1,,Le Havre,Lille,1.1810507508614125,1.5999345817450545
2024-09-28,2024_25,Ligue 1,,Lens,Nice,1.4186492523435452,1.2207710331513262
2024-09-28,2024_25,Ligue 1,,Monaco,Montpellier,2.286593985945732,0.7711196564969444
2024-09-28,2024_25,Premier League,,Arsenal,Leicester,2.547394955791677,0.6792691307634928
2024-09-28,2024_25,Premier League,,Brentford,West Ham,1.5232842795730945,1.129039470007623
2024-09-28,2024_25,Premier League,,Chelsea,Brighton,1.9001290768289516,0.8513643688585917
2024-09-28,2024_25,Premier League,,Everton,Crystal Palace,1.3109358444380355,1.3366465448291294
2024-09-28,2024_25,Premier League,,Newcastle,Man City,0.9034704007848499,2.0774630273954116
2024-09-28,2024_25,Premier League,,Nott'm Forest,Fulham,1.3088374301643941,1.331248961971881
2024-09-28,2024_25,Premier League,,Wolves,Liverpool,0.8014511594702961,2.195100735702815
2024-09-28,2024_25,Serie A,,Bologna,Atalanta,1.400162231558147,1.365510018769266
2024-09-28,2024_25,Serie A,,Genoa,Juventus,1.0625313440582895,1.5937183553589886
2024-09-28,2024_25,Serie A,,Udinese,Inter,0.8294444740201612,2.133815311862358
2024-09-29,2024_25,Bundesliga,,Hoffenheim,Werder Bremen,1.5406486638849584,1.0641245107478678
2024-09-29,2024_25,Bundesliga,,Holstein Kiel,Ein Frankfurt,1.030389057948326,1.732844962538812
2024-09-29,2024_25,La Liga,,Ath Bilbao,Sevilla,1.8101827236588417,0.9508800839847722
2024-09-29,2024_25,La Liga,,Ath Madrid,Real Madrid,1.0963509929478965,1.5884011368497706
2024-09-29,2024_25,La Liga,,Betis,Espanol,1.769520399385421,0.9865574484372935
2024-09-29,2024_25,La Liga,,Celta,Girona,1.2297840523742154,1.437794317179456
2024-09-29,2024_25,Ligue 1,,Angers,Reims,1.0304778490125341,1.6742374741996988
2024-09-29,2024_25,Ligue 1,,Nantes,St Etienne,1.768472581865683,0.9844554998189717
2024-09-29,2024_25,Ligue 1,,Strasbourg,Marseille,1.1822473067504733,1.4819877595260087
2024-09-29,2024_25,Ligue 1,,Toulouse,Lyon,1.305183800200913,1.376929078761672
2024-09-29,2024_25,Premier League,,Ipswich,Aston Villa,1.03988494872445,1.742938324954596
2024-09-29,2024_25,Premier League,,Man United,Tottenham,1.3621560933715975,1.2918413261658133
2024-09-29,2024_25,Serie A,,Como,Verona,1.533791295261173,1.304422046464141
2024-09-29,2024_25,Serie A,,Empoli,Fiorentina,1.216244461162975,1.4245573293305671
2024-09-29,2024_25,Serie A,,Napoli,Monza,1.8529443390538802,0.925578424213005
2024-09-29,2024_25,Serie A,,Roma,Venezia,2.2886606065983797,0.7593649274674587
2024-09-29,2024_25,Serie A,,Torino,Lazio,1.3400741019501876,1.3090954089606592
2024-09-30,2024_25,La Liga,,Villarreal,Las Palmas,2.071544668862444,0.9585166356716903
2024-09-30,2024_25,Premier League,,Bournemouth,Southampton,1.8349293816915129,0.9283712555260893
2024-09-30,2024_25,Serie A,,Parma,Cagliari,1.501937681314726,1.2968878517920779
2024-10-01,2024_25,Champions League,league_phase,Arsenal,Paris SG,1.5250092896060994,1.2714683109626277
2024-10-01,2024_25,Champions League,league_phase,Barcelona,BSC Young Boys (SUI),2.8447109044021834,0.6466423137131048
2024-10-01,2024_25,Champions League,league_phase,Dortmund,Celtic FC (SCO),2.9182626685825017,0.6955657487669009
2024-10-01,2024_25,Champions League,league_phase,FC Red Bull Salzburg (AUT),Brest,1.1991839216476055,1.5590618509165168
2024-10-01,2024_25,Champions League,league_phase,Inter,FK Crvena Zvezda (SRB),3.050109681711066,0.6397365408132216
2024-10-01,2024_25,Champions League,league_phase,Leverkusen,Milan,1.9489706229229107,0.9555432137410145
2024-10-01,2024_25,Champions League,league_phase,PSV (NED),Sporting Clube de Portugal (POR),1.2234076686440758,1.6936755291558054
2024-10-02,2024_25,Champions League,league_phase,Aston Villa,Bayern Munich,1.0148015395298389,1.883195338174884
2024-10-02,2024_25,Champions League,league_phase,FK Shakhtar Donetsk (UKR),Atalanta,1.1980985230078878,1.4891988159641416
2024-10-02,2024_25,Champions League,league_phase,GNK Dinamo Zagreb (CRO),Monaco,0.5120241362658421,4.300062828373225
2024-10-02,2024_25,Champions League,league_phase,Girona,Feyenoord Rotterdam (NED),2.058554435037413,0.9297708480958975
2024-10-02,2024_25,Champions League,league_phase,Lille,Real Madrid,0.9789168982572438,1.9242565387724044
2024-10-02,2024_25,Champions League,league_phase,Liverpool,Bologna,2.1473583486850467,0.8484172311442337
2024-10-02,2024_25,Champions League,league_phase,RB Leipzig,Juventus,1.5903933991762846,1.230030284469834
2024-10-02,2024_25,Champions League,league_phase,SK Sturm Graz (AUT),Club Brugge KV (BEL),1.6014557715871516,1.2400900122961196
2024-10-02,2024_25,Champions League,league_phase,Sport Lisboa e Benfica (POR),Ath Madrid,1.0567999595387667,1.8114077738996617
2024-10-04,2024_25,Bundesliga,,Augsburg,M'gladbach,1.390127954583105,1.2895616982875477
2024-10-04,2024_25,La Liga,,Leganes,Valencia,1.3905204714234387,1.2317176248674306
2024-10-04,2024_25,Ligue 1,,Marseille,Angers,2.467073804579199,0.681062294237842
2024-10-04,2024_25,Serie A,,Napoli,Como,1.8844123802473378,0.8999867894330771
2024-10-04,2024_25,Serie A,,Verona,Venezia,1.6965270013642901,0.9538344890891509
2024-10-05,2024_25,Bundesliga,,Bochum,Wolfsburg,1.282237260281289,1.3496489195601218
2024-10-05,2024_25,Bundesliga,,Leverkusen,Holstein Kiel,2.8672522106902063,0.4410173463561655
2024-10-05,2024_25,Bundesliga,,St Pauli,Mainz,1.3671012588162625,1.3151791355173836
2024-10-05,2024_25,Bundesliga,,Union Berlin,Dortmund,0.9254139493024208,2.043817556221074
2024-10-05,2024_25,Bundesliga,,Werder Bremen,Freiburg,1.4305524625645634,1.1622871375861374
2024-10-05,2024_25,La Liga,,Espanol,Mallorca,1.4145689244158681,1.298997232977404
2024-10-05,2024_25,La Liga,,Getafe,Osasuna,1.3627826620541477,1.2204418615464383
2024-10-05,2024_25,La Liga,,Las Palmas,Celta,1.2963106296150684,1.448744084769326
2024-10-05,2024_25,La Liga,,Real Madrid,Villarreal,2.45643869075092,0.7516593298237405
2024-10-05,2024_25,La Liga,,Valladolid,Vallecano,1.3501742574444378,1.4267913258384417
2024-10-05,2024_25,Ligue 1,,Lille,Toulouse,1.8347569377402688,0.8958580200797861
2024-10-05,2024_25,Ligue 1,,Rennes,Monaco,1.208261858932357,1.4294559616159275
2024-10-05,2024_25,Ligue 1,,St Etienne,Auxerre,1.309328897143864,1.325878244203033
2024-10-05,2024_25,Premier League,,Arsenal,Southampton,3.0695131680732786,0.5298085711709211
2024-10-05,2024_25,Premier League,,Brentford,Wolves,1.6257654864604412,1.072275079652465
2024-10-05,2024_25,Premier League,,Crystal Palace,Liverpool,0.9950739171622239,1.9362166091885622
2024-10-05,2024_25,Premier League,,Everton,Newcastle,1.1653917394275066,1.4258029345565173
2024-10-05,2024_25,Premier League,,Leicester,Bournemouth,1.4277509038182437,1.1729047187606467
2024-10-05,2024_25,Premier League,,Man City,Fulham,2.7618473066017906,0.60551064110657
2024-10-05,2024_25,Premier League,,West Ham,Ipswich,1.6031094501538132,1.1273200443434042
2024-10-05,2024_25,Serie A,,Atalanta,Genoa,2.0210645393514293,0.8572303497612127
2024-10-05,2024_25,Serie A,,Inter,Torino,2.3265276657196705,0.752576438762289
2024-10-05,2024_25,Serie A,,Udinese,Lecce,1.7378042211703641,1.0110954879995708
2024-10-06,2024_25,Bundesliga,,Ein Frankfurt,Bayern Munich,0.9166089525433324,1.9013267746427285
2024-10-06,2024_25,Bundesliga,,Heidenheim,RB Leipzig,1.0974061464535518,1.573540141206935
2024-10-06,2024_25,Bundesliga,,Stuttgart,Hoffenheim,2.0001314740081315,0.9492696689196778
2024-10-06,2024_25,La Liga,,Alaves,Barcelona,0.8318443022827645,2.1098939214984824
2024-10-06,2024_25,La Liga,,Girona,Ath Bilbao,1.5324606649415937,1.251110280210153
2024-10-06,2024_25,La Liga,,Sevilla,Betis,1.3479677161794583,1.2613295949059693
2024-10-06,2024_25,La Liga,,Sociedad,Ath Madrid,1.130030960895194,1.451893806449929
2024-10-06,2024_25,Ligue 1,,Brest,Le Havre,1.8515213011774845,0.8751747062047647
2024-10-06,2024_25,Ligue 1,,Lyon,Nantes,1.8555096292800273,0.9340735059058163
2024-10-06,2024_25,Ligue 1,,Nice,Paris SG,1.1625841495096763,1.637573547067739
2024-10-06,2024_25,Ligue 1,,Reims,Montpellier,1.658035912070089,1.0345725992725878
2024-10-06,2024_25,Ligue 1,,Strasbourg,Lens,1.2695901639826075,1.3085198126677013
2024-10-06,2024_25,Premier League,,Aston Villa,Man United,1.5951977920645264,1.031292282169952
2024-10-06,2024_25,Premier League,,Brighton,Tottenham,1.1789119953894993,1.4755983246393274
2024-10-06,2024_25,Premier League,,Chelsea,Nott'm Forest,2.1670529561827725,0.7861467415062604
2024-10-06,2024_25,Serie A,,Bologna,Parma,2.1524065691984307,0.8119263491960675
2024-10-06,2024_25,Serie A,,Fiorentina,Milan,1.2833642449834257,1.4030790091916032
2024-10-06,2024_25,Serie A,,Juventus,Cagliari,2.3989304959498607,0.6813587189579868
2024-10-06,2024_25,Serie A,,Lazio,Empoli,1.8985664500133477,0.8868163653144773
2024-10-06,2024_25,Serie A,,Monza,Roma,1.1709133805524166,1.4885172823033894
2024-10-18,2024_25,Bundesliga,,Dortmund,St Pauli,2.4670288342154394,0.6145119577479028
2024-10-18,2024_25,La Liga,,Alaves,Valladolid,1.7237883328246881,0.9768420562066399
2024-10-18,2024_25,Ligue 1,,Monaco,Lille,1.6400541666939459,1.0772866760227848
2024-10-19,2024_25,Bundesliga,,Bayern Munich,Stuttgart,2.040772032895619,0.8316801903796427
2024-10-19,2024_25,Bundesliga,,Freiburg,Augsburg,1.7187573681914208,1.0370834272774323
2024-10-19,2024_25,Bundesliga,,Hoffenheim,Bochum,1.7973962342359717,0.8974801509290229
2024-10-19,2024_25,Bundesliga,,Leverkusen,Ein Frankfurt,2.0574086017876225,0.7731022938844261
2024-10-19,2024_25,Bundesliga,,M'gladbach,Heidenheim,1.312201189046154,1.2933366260901284
2024-10-19,2024_25,Bundesliga,,Mainz,RB Leipzig,1.1243512419565096,1.6103277004970369
2024-10-19,2024_25,La Liga,,Ath Bilbao,Espanol,1.8873087495821177,0.9028343797966767
2024-10-19,2024_25,La Liga,,Celta,Real Madrid,0.8042294824863299,2.199346145336723
2024-10-19,2024_25,La Liga,,Girona,Sociedad,1.6260099104166252,1.1533313048569804
2024-10-19,2024_25,La Liga,,Osasuna,Betis,1.4207915336507302,1.2668629808685832
2024-10-19,2024_25,Ligue 1,,Brest,Rennes,1.5202326496801355,1.055120698235603
2024-10-19,2024_25,Ligue 1,,Paris SG,Strasbourg,2.380993210164749,0.6951352169918303
2024-10-19,2024_25,Ligue 1,,St Etienne,Lens,1.0129168562384447,1.7878203468672365
2024-10-19,2024_25,Premier League,,Bournemouth,Arsenal,0.9620173895507378,2.0949381671716347
2024-10-19,2024_25,Premier League,,Fulham,Aston Villa,1.2994833856436172,1.4015551292123662
2024-10-19,2024_25,Premier League,,Ipswich,Everton,1.372042654630183,1.357237979957618
2024-10-19,2024_25,Premier League,,Man United,Brentford,1.6094901380185314,1.064201092961231
2024-10-19,2024_25,Premier League,,Newcastle,Brighton,1.6612883646843342,1.0741245400472388
2024-10-19,2024_25,Premier League,,Southampton,Leicester,1.1805970364882827,1.486361505547312
2024-10-19,2024_25,Premier League,,Tottenham,West Ham,1.8526230723890127,0.9176934859064595
2024-10-19,2024_25,Serie A,,Como,Parma,1.786047248401989,0.9737775746394863
2024-10-19,2024_25,Serie A,,Genoa,Bologna,1.2440478105944504,1.4047995204810726
2024-10-19,2024_25,Serie A,,Juventus,Lazio,1.6610521461872099,1.0090321398960211
2024-10-19,2024_25,Serie A,,Milan,Udinese,2.089061451935068,0.8724537080940861
2024-10-20,2024_25,Bundesliga,,Holstein Kiel,Union Berlin,1.2994164152615912,1.3656779909552308
2024-10-20,2024_25,Bundesliga,,Wolfsburg,Werder Bremen,1.482483295598136,1.171660566961465
2024-10-20,2024_25,La Liga,,Ath Madrid,Leganes,2.242238633877491,0.7608006276960718
2024-10-20,2024_25,La Liga,,Barcelona,Sevilla,2.62914010688005,0.6282680004826122
2024-10-20,2024_25,La Liga,,Mallorca,Vallecano,1.5175560590694586,1.133844141315245
2024-10-20,2024_25,La Liga,,Villarreal,Getafe,1.8959236809347317,0.9813381497408141
2024-10-20,2024_25,Ligue 1,,Auxerre,Reims,1.1726306034018135,1.4312938007916918
2024-10-20,2024_25,Ligue 1,,Le Havre,Lyon,1.1228685055454857,1.5643286510751144
2024-10-20,2024_25,Ligue 1,,Montpellier,Marseille,1.1367504756531186,1.5287172819662873
2024-10-20,2024_25,Ligue 1,,Nantes,Nice,1.0604891674378225,1.6379515217117437
2024-10-20,2024_25,Ligue 1,,Toulouse,Angers,1.9223028247275282,0.9036777737020621
2024-10-20,2024_25,Premier League,,Liverpool,Chelsea,1.679947565532466,0.9680214834749248
2024-10-20,2024_25,Premier League,,Wolves,Man City,0.6684973738556736,2.6436266942451847
2024-10-20,2024_25,Serie A,,Cagliari,Torino,1.189462567586928,1.556007642970127
2024-10-20,2024_25,Serie A,,Empoli,Napoli,1.1140785100679007,1.4601780808596982
2024-10-20,2024_25,Serie A,,Lecce,Fiorentina,1.0295358176025085,1.5988458527068719
2024-10-20,2024_25,Serie A,,Roma,Inter,1.0940194977896502,1.6229139500769314
2024-10-20,2024_25,Serie A,,Venezia,Atalanta,0.9073630190871904,2.052948553647773
2024-10-21,2024_25,La Liga,,Valencia,Las Palmas,1.6674547823125752,1.0666108528809128
2024-10-21,2024_25,Premier League,,Nott'm Forest,Crystal Palace,1.3298721163458689,1.31959419531683
2024-10-21,2024_25,Serie A,,Verona,Monza,1.503137161272384,1.11180670773792
2024-10-22,2024_25,Champions League,league_phase,Arsenal,FK Shakhtar Donetsk (UKR),2.535556260815322,0.7084177580866389
2024-10-22,2024_25,Champions League,league_phase,Aston Villa,Bologna,1.7385314735900745,1.0860443958099903
2024-10-22,2024_25,Champions League,league_phase,Girona,ŠK Slovan Bratislava (SVK),2.79429732029419,0.6353209062388531
2024-10-22,2024_25,Champions League,league_phase,Juventus,Stuttgart,1.7485387311017693,1.0870521603748098
2024-10-22,2024_25,Champions League,league_phase,Milan,Club Brugge KV (BEL),2.198526298088833,0.8947993686435043
2024-10-22,2024_25,Champions League,league_phase,Monaco,FK Crvena Zvezda (SRB),2.4669433686613766,0.7647350196231454
2024-10-22,2024_25,Champions League,league_phase,Paris SG,PSV (NED),2.7337293809884726,0.7268296603723822
2024-10-22,2024_25,Champions League,league_phase,Real Madrid,Dortmund,2.090768726800707,1.0724645504916808
2024-10-22,2024_25,Champions League,league_phase,SK Sturm Graz (AUT),Sporting Clube de Portugal (POR),1.2006402154208788,1.5778720743802173
2024-10-23,2024_25,Champions League,league_phase,Atalanta,Celtic FC (SCO),2.6146678140616246,0.7141490553733849
2024-10-23,2024_25,Champions League,league_phase,Ath Madrid,Lille,1.7765716313218016,1.1549734453820724
2024-10-23,2024_25,Champions League,league_phase,BSC Young Boys (SUI),Inter,0.8250276792086695,2.4637099156478866
2024-10-23,2024_25,Champions League,league_phase,Barcelona,Bayern Munich,1.5558734879901461,1.2434957316907465
2024-10-23,2024_25,Champions League,league_phase,Brest,Leverkusen,1.0548333494502367,1.6666672441530106
2024-10-23,2024_25,Champions League,league_phase,FC Red Bull Salzburg (AUT),GNK Dinamo Zagreb (CRO),1.8087936788050036,1.1208954097147292
2024-10-23,2024_25,Champions League,league_phase,Man City,AC Sparta Praha (CZE),2.695410250696669,0.8075852498369008
2024-10-23,2024_25,Champions League,league_phase,RB Leipzig,Liverpool,1.3010445874941994,1.4568467089546957
2024-10-23,2024_25,Champions League,league_phase,Sport Lisboa e Benfica (POR),Feyenoord Rotterdam (NED),1.7421928141414513,1.0863603667200905
2024-10-25,2024_25,Bundesliga,,Mainz,M'gladbach,1.5526106154560526,1.1397698509377228
2024-10-25,2024_25,La Liga,,Espanol,Sevilla,1.3529534701443624,1.2763507059233294
2024-10-25,2024_25,Ligue 1,,Rennes,Le Havre,2.0198190064348345,0.8879396018870279
2024-10-25,2024_25,Premier League,,Leicester,Nott'm Forest,1.470295945890238,1.1226120429612374
2024-10-25,2024_25,Serie A,,Torino,Como,1.6641092930938655,0.9519581621521902
2024-10-25,2024_25,Serie A,,Udinese,Cagliari,1.610257183104621,1.061898788689868
2024-10-26,2024_25,Bundesliga,,Augsburg,Dortmund,0.9540610562577609,2.0977430463232007
2024-10-26,2024_25,Bundesliga,,RB Leipzig,Freiburg,1.9504046236788082,0.8910266828935435
2024-10-26,2024_25,Bundesliga,,St Pauli,Wolfsburg,1.2498412349371093,1.3644003558346074
2024-10-26,2024_25,Bundesliga,,Stuttgart,Holstein Kiel,2.1806564147524603,0.7117654160491427
2024-10-26,2024_25,Bundesliga,,Werder Bremen,Leverkusen,0.8727277320188024,1.958399929341092
2024-10-26,2024_25,La Liga,,Las Palmas,Girona,1.072266495587037,1.6125523263455532
2024-10-26,2024_25,La Liga,,Real Madrid,Barcelona,1.5774425498536866,1.218753371855358
2024-10-26,2024_25,La Liga,,Valladolid,Villarreal,1.1126665660617407,1.6759155539911683
2024-10-26,2024_25,La Liga,,Vallecano,Alaves,1.4832166111790246,1.2208485865105314
2024-10-26,2024_25,Ligue 1,,Angers,St Etienne,1.3731705350343335,1.2541095365020882
2024-10-26,2024_25,Ligue 1,,Lens,Lille,1.407744165722826,1.2329450892404796
2024-10-26,2024_25,Ligue 1,,Reims,Brest,1.321872251912924,1.336249300182703
2024-10-26,2024_25,Premier League,,Aston Villa,Bournemouth,1.8784764945735968,0.9363698021019728
2024-10-26,2024_25,Premier League,,Brentford,Ipswich,1.783441981986162,0.9476015719148871
2024-10-26,2024_25,Premier League,,Brighton,Wolves,1.697841574849102,0.9819955280570773
2024-10-26,2024_25,Premier League,,Everton,Fulham,1.3395214701227702,1.211075356447181
2024-10-26,2024_25,Premier League,,Man City,Southampton,3.976227913906904,0.4108010875684783
2024-10-26,2024_25,Serie A,,Atalanta,Verona,2.1335805476811123,0.8337412856188152
2024-10-26,2024_25,Serie A,,Napoli,Lecce,2.349196607219609,0.711597323460294
2024-10-27,2024_25,Bundesliga,,Bochum,Bayern Munich,0.7134657796036868,2.627689993203764
2024-10-27,2024_25,Bundesliga,,Heidenheim,Hoffenheim,1.460586451764017,1.1960671425839595
2024-10-27,2024_25,Bundesliga,,Union Berlin,Ein Frankfurt,1.2709598690671375,1.3475612906884546
2024-10-27,2024_25,La Liga,,Betis,Ath Madrid,1.2202128052063725,1.4476418310417016
2024-10-27,2024_25,La Liga,,Getafe,Valencia,1.5238124228820034,1.1759235323597634
2024-10-27,2024_25,La Liga,,Leganes,Celta,1.3475879039129315,1.3953800268344185
2024-10-27,2024_25,La Liga,,Sociedad,Osasuna,1.6571772262651512,1.0486574677225353
2024-10-27,2024_25,Ligue 1,,Lyon,Auxerre,1.9861384165275204,0.8121909818800646
2024-10-27,2024_25,Ligue 1,,Marseille,Paris SG,1.151346664828883,1.5043462049892462
2024-10-27,2024_25,Ligue 1,,Montpellier,Toulouse,1.3545119179857545,1.2517282191175756
2024-10-27,2024_25,Ligue 1,,Nice,Monaco,1.2950526816990866,1.4156211180672944
2024-10-27,2024_25,Ligue 1,,Strasbourg,Nantes,1.7159844264558126,1.0240458566715156
2024-10-27,2024_25,Premier League,,Arsenal,Liverpool,1.470736738332862,1.2013847722318405
2024-10-27,2024_25,Premier League,,Chelsea,Newcastle,1.7336655243241796,1.0218015935752784
2024-10-27,2024_25,Premier League,,Crystal Palace,Tottenham,1.2242047024737848,1.590007756420308
2024-10-27,2024_25,Premier League,,West Ham,Man United,1.270463888933603,1.4163091207584593
2024-10-27,2024_25,Serie A,,Fiorentina,Roma,1.5008791039524016,1.133748849440739
2024-10-27,2024_25,Serie A,,Inter,Juventus,1.807793471966686,0.9593630224720278
2024-10-27,2024_25,Serie A,,Lazio,Genoa,1.885003435646557,0.9016225805488722
2024-10-27,2024_25,Serie A,,Monza,Venezia,1.8132103419150525,0.9050586218812674
2024-10-27,2024_25,Serie A,,Parma,Empoli,1.2758363052919452,1.4277756369918713
2024-10-28,2024_25,La Liga,,Mallorca,Ath Bilbao,1.1956216442478491,1.482452487010295
2024-10-29,2024_25,Serie A,,Cagliari,Bologna,1.1558179951029721,1.5122235727190356
2024-10-29,2024_25,Serie A,,Lecce,Verona,1.3064687443462741,1.3621700144358444
2024-10-29,2024_25,Serie A,,Milan,Napoli,1.7264843040946725,1.0740139794370347
2024-10-30,2024_25,Serie A,,Atalanta,Monza,2.110997239999524,0.8011686564210574
2024-10-30,2024_25,Serie A,,Empoli,Inter,0.8227311176157165,2.0880770302012213
2024-10-30,2024_25,Serie A,,Juventus,Parma,2.4811237842033442,0.6521772241573037
2024-10-30,2024_25,Serie A,,Venezia,Udinese,1.2652444604411095,1.442633051540811
2024-10-31,2024_25,Serie A,,Como,Lazio,1.1968893376868994,1.6746639478227514
2024-10-31,2024_25,Serie A,,Genoa,Fiorentina,1.063496193654015,1.6219772022269716
2024-10-31,2024_25,Serie A,,Roma,Torino,1.5329421081402868,1.1101260527436463
2024-11-01,2024_25,Bundesliga,,Leverkusen,Stuttgart,1.9643031515476537,0.8742974643317886
2024-11-01,2024_25,La Liga,,Alaves,Mallorca,1.3806060357120526,1.2160816679466289
2024-11-01,2024_25,Ligue 1,,Lille,Lyon,1.544991405736615,1.1146269553632917
2024-11-01,2024_25,Ligue 1,,Monaco,Angers,2.691014649083628,0.6251701674551948
2024-11-02,2024_25,Bundesliga,,Bayern Munich,Union Berlin,2.7822835637645857,0.5848924220959454
2024-11-02,2024_25,Bundesliga,,Dortmund,RB Leipzig,1.611859850954685,1.097972793583405
2024-11-02,2024_25,Bundesliga,,Ein Frankfurt,Bochum,2.0962440516680507,0.76282486704305
2024-11-02,2024_25,Bundesliga,,Hoffenheim,St Pauli,1.6787415728805064,0.907680381553119
2024-11-02,2024_25,Bundesliga,,Holstein Kiel,Heidenheim,1.1615818320225584,1.4575213640089182
2024-11-02,2024_25,Bundesliga,,Wolfsburg,Augsburg,1.5904118711010113,1.0819201369098996
2024-11-02,2024_25,La Liga,,Girona,Leganes,1.9476437861249007,0.9810824091658312
2024-11-02,2024_25,La Liga,,Osasuna,Valladolid,1.853092411961715,0.9390656184695012
2024-11-02,2024_25,Ligue 1,,Brest,Nice,1.4221819453294617,1.1618962180136696
2024-11-02,2024_25,Ligue 1,,Paris SG,Lens,2.140545123199654,0.8104157189730558
2024-11-02,2024_25,Ligue 1,,St Etienne,Strasbourg,1.1255318058849517,1.5513642431212329
2024-11-02,2024_25,Premier League,,Bournemouth,Man City,0.7314341553781029,2.3450533453175555
2024-11-02,2024_25,Premier League,,Ipswich,Leicester,1.3092249788196808,1.347663674337266
2024-11-02,2024_25,Premier League,,Liverpool,Brighton,2.2305084974957836,0.7517355977145435
2024-11-02,2024_25,Premier League,,Newcastle,Arsenal,1.090517319785025,1.7586781329687278
2024-11-02,2024_25,Premier League,,Nott'm Forest,West Ham,1.3927351297230681,1.2434124166754839
2024-11-02,2024_25,Premier League,,Southampton,Everton,1.2022959748942592,1.5325148646261837
2024-11-02,2024_25,Premier League,,Wolves,Crystal Palace,1.3099241474527772,1.3092807164054756
2024-11-02,2024_25,Serie A,,Bologna,Lecce,2.1647222256347023,0.8240916551298678
2024-11-02,2024_25,Serie A,,Monza,Milan,1.1036092624763059,1.653186515601551
2024-11-02,2024_25,Serie A,,Udinese,Juventus,1.0195790051550933,1.6145768409176757
2024-11-03,2024_25,Bundesliga,,Freiburg,Mainz,1.4912436007677627,1.1890633639072954
2024-11-03,2024_25,Bundesliga,,M'gladbach,Werder Bremen,1.346324030625125,1.212546119928232
2024-11-03,2024_25,La Liga,,Ath Bilbao,Betis,1.6624229955104846,1.0405676257797658
2024-11-03,2024_25,La Liga,,Ath Madrid,Las Palmas,2.402344414380962,0.7445701979019111
2024-11-03,2024_25,La Liga,,Barcelona,Espanol,3.594718442367849,0.5213521456526268
2024-11-03,2024_25,La Liga,,Sevilla,Sociedad,1.4155522906146183,1.3170352660954647
2024-11-03,2024_25,Ligue 1,,Auxerre,Rennes,1.2674016135783361,1.4331201508161138
2024-11-03,2024_25,Ligue 1,,Le Havre,Montpellier,1.4005874198575738,1.229033012001234
2024-11-03,2024_25,Ligue 1,,Nantes,Marseille,1.0224550843934674,1.6692240301207926
2024-11-03,2024_25,Ligue 1,,Toulouse,Reims,1.3683820843174088,1.2879374280778768
2024-11-03,2024_25,Premier League,,Man United,Chelsea,1.1686418865027177,1.4147175679187043
2024-11-03,2024_25,Premier League,,Tottenham,Aston Villa,1.496540583225865,1.17919222058357
2024-11-03,2024_25,Serie A,,Inter,Venezia,3.1289120146450085,0.5779021682445924
2024-11-03,2024_25,Serie A,,Napoli,Atalanta,1.347113902765974,1.3312497154493563
2024-11-03,2024_25,Serie A,,Torino,Fiorentina,1.2177128569479199,1.3418524503829858
2024-11-03,2024_25,Serie A,,Verona,Roma,1.1418618055202194,1.50256633861738
2024-11-04,2024_25,La Liga,,Celta,Getafe,1.5497008203459846,1.0561102926899935
2024-11-04,2024_25,Premier League,,Fulham,Brentford,1.4926894004240743,1.1520808087454812
2024-11-04,2024_25,Serie A,,Empoli,Como,1.4760464793570616,1.0588997277820082
2024-11-04,2024_25,Serie A,,Lazio,Cagliari,2.148519519498286,0.7484814674741316
2024-11-04,2024_25,Serie A,,Parma,Genoa,1.3656854507093819,1.3510697780743772
2024-11-05,2024_25,Champions League,league_phase,Bologna,Monaco,1.2584591252183632,1.5281967651134727
2024-11-05,2024_25,Champions League,league_phase,Celtic FC (SCO),RB Leipzig,1.0015857012952387,2.1903463090022917
2024-11-05,2024_25,Champions League,league_phase,Dortmund,SK Sturm Graz (AUT),2.723395825250139,0.6437602279279814
2024-11-05,2024_25,Champions League,league_phase,Lille,Juventus,1.4292599859173394,1.3385485693177481
2024-11-05,2024_25,Champions League,league_phase,Liverpool,Leverkusen,1.5368347842911485,1.2118254548985898
2024-11-05,2024_25,Champions League,league_phase,PSV (NED),Girona,1.412696436640249,1.4018941731854144
2024-11-05,2024_25,Champions League,league_phase,Real Madrid,Milan,2.3511906773300515,0.8749779660699045
2024-11-05,2024_25,Champions League,league_phase,Sporting Clube de Portugal (POR),Man City,0.9436561029768071,2.053285634795738
2024-11-05,2024_25,Champions League,league_phase,ŠK Slovan Bratislava (SVK),GNK Dinamo Zagreb (CRO),1.180046417123162,1.6524964782019425
2024-11-06,2024_25,Champions League,league_phase,AC Sparta Praha (CZE),Brest,1.4267139051913655,1.6374997716682398
2024-11-06,2024_25,Champions League,league_phase,Bayern Munich,Sport Lisboa e Benfica (POR),2.713378125892778,0.6634435741472661
2024-11-06,2024_25,Champions League,league_phase,Club Brugge KV (BEL),Aston Villa,1.1708786855754858,1.635896375095372
2024-11-06,2024_25,Champions League,league_phase,FK Crvena Zvezda (SRB),Barcelona,0.6875446601409784,3.2847056205693814
2024-11-06,2024_25,Champions League,league_phase,FK Shakhtar Donetsk (UKR),BSC Young Boys (SUI),1.6058131726719407,1.0417222210888941
2024-11-06,2024_25,Champions League,league_phase,Feyenoord Rotterdam (NED),FC Red Bull Salzburg (AUT),1.9071215217235415,0.9290629034374971
2024-11-06,2024_25,Champions League,league_phase,Inter,Arsenal,1.8098460969037962,1.2632891409046156
2024-11-06,2024_25,Champions League,league_phase,Paris SG,Ath Madrid,1.9449203365174472,1.0107065327055698
2024-11-06,2024_25,Champions League,league_phase,Stuttgart,Atalanta,1.374610638614207,1.5946606126802225
2024-11-07,2024_25,Serie A,,Genoa,Como,1.5719981902698235,1.095302377918715
2024-11-08,2024_25,Bundesliga,,Union Berlin,Freiburg,1.4284868518710205,1.1994344197098246
2024-11-08,2024_25,La Liga,,Vallecano,Las Palmas,1.671911574897643,1.0513884292178943
2024-11-08,2024_25,Ligue 1,,Marseille,Auxerre,1.9091212403171596,0.8037309221554761
2024-11-08,2024_25,Serie A,,Lecce,Empoli,1.2154677676862502,1.360100145505065
2024-11-09,2024_25,Bundesliga,,Bochum,Leverkusen,0.747537114985816,2.30811948974253
2024-11-09,2024_25,Bundesliga,,Mainz,Dortmund,1.0685564965888534,1.775194277239449
2024-11-09,2024_25,Bundesliga,,RB Leipzig,M'gladbach,2.026418394342181,0.8883020552868264
2024-11-09,2024_25,Bundesliga,,St Pauli,Bayern Munich,0.7372027821851379,2.377638967053312
2024-11-09,2024_25,Bundesliga,,Werder Bremen,Holstein Kiel,1.618342765279931,0.907339891795784
2024-11-09,2024_25,La Liga,,Leganes,Sevilla,1.455285483195212,1.2006480959790804
2024-11-09,2024_25,La Liga,,Real Madrid,Osasuna,2.5854101832032024,0.6445718761663548
2024-11-09,2024_25,La Liga,,Villarreal,Alaves,1.90950787316402,0.9741873983514807
2024-11-09,2024_25,Ligue 1,,Angers,Paris SG,0.713905489534953,2.53437557212936
2024-11-09,2024_25,Ligue 1,,Lens,Nantes,1.9278528498406653,0.8904445169101838
2024-11-09,2024_25,Ligue 1,,Strasbourg,Monaco,1.0759491822824014,1.57988596424985
2024-11-09,2024_25,Premier League,,Brentford,Bournemouth,1.4854236488048902,1.2079202145656442
2024-11-09,2024_25,Premier League,,Brighton,Man City,0.8475183938768945,2.072628886251154
2024-11-09,2024_25,Premier League,,Crystal Palace,Fulham,1.5056560073094147,1.2453470192696474
2024-11-09,2024_25,Premier League,,Liverpool,Aston Villa,2.1203193483965945,0.8379249611624446
2024-11-09,2024_25,Premier League,,West Ham,Everton,1.5522701651851272,1.2057265096496004
2024-11-09,2024_25,Premier League,,Wolves,Southampton,1.7238649000503363,0.9473109073912593
2024-11-09,2024_25,Serie A,,Cagliari,Milan,0.9397310474187878,1.82522195011364
2024-11-09,2024_25,Serie A,,Juventus,Torino,1.8641399085599146,0.9012318223821197
2024-11-09,2024_25,Serie A,,Venezia,Parma,1.5183264176240714,1.0968845501753055
2024-11-10,2024_25,Bundesliga,,Augsburg,Hoffenheim,1.3422858413762746,1.251925645301053
2024-11-10,2024_25,Bundesliga,,Heidenheim,Wolfsburg,1.5559166210452906,1.1543223928114825
2024-11-10,2024_25,Bundesliga,,Stuttgart,Ein Frankfurt,1.5249354731166007,1.313216612141151
2024-11-10,2024_25,La Liga,,Betis,Celta,1.6794188498215223,1.0343908903325543
2024-11-10,2024_25,La Liga,,Getafe,Girona,1.3311778689814342,1.4257324778117402
2024-11-10,2024_25,La Liga,,Mallorca,Ath Madrid,1.0344067179477838,1.6318810576962937
2024-11-10,2024_25,La Liga,,Sociedad,Barcelona,0.842169525126376,2.222196431005359
2024-11-10,2024_25,La Liga,,Valladolid,Ath Bilbao,1.028283330456277,1.812417991685898
2024-11-10,2024_25,Ligue 1,,Le Havre,Reims,1.1558195336115433,1.4547906235278538
2024-11-10,2024_25,Ligue 1,,Lyon,St Etienne,2.274726660617852,0.7871773560955377
2024-11-10,2024_25,Ligue 1,,Montpellier,Brest,1.108220688220599,1.6348778755244624
2024-11-10,2024_25,Ligue 1,,Nice,Lille,1.4778646659880894,1.333904290040376
2024-11-10,2024_25,Ligue 1,,Rennes,Toulouse,1.544447165082778,1.0974212355455126
2024-11-10,2024_25,Premier League,,Chelsea,Arsenal,1.4282538100238382,1.4582373325951425
2024-11-10,2024_25,Premier League,,Man United,Leicester,1.7481120211403942,0.9852333575996403
2024-11-10,2024_25,Premier League,,Nott'm Forest,Newcastle,1.2650410124035816,1.3231205378633049
2024-11-10,2024_25,Premier League,,Tottenham,Ipswich,2.3010244610460053,0.7463393957563235
2024-11-10,2024_25,Serie A,,Atalanta,Udinese,2.312926857249547,0.7449704048253698
2024-11-10,2024_25,Serie A,,Fiorentina,Verona,2.232905537368444,0.8291985994257627
2024-11-10,2024_25,Serie A,,Inter,Napoli,2.0522563153517077,0.8781471670513457
2024-11-10,2024_25,Serie A,,Monza,Lazio,1.1249970697338016,1.6415376882692145
2024-11-10,2024_25,Serie A,,Roma,Bologna,1.5036038615334546,1.0997062834419047
2024-11-22,2024_25,Bundesliga,,Bayern Munich,Augsburg,2.677787210568215,0.6120085957842993
2024-11-22,2024_25,La Liga,,Getafe,Valladolid,1.6297905009095917,1.0245072537336375
2024-11-22,2024_25,Ligue 1,,Monaco,Brest,1.830083553750961,0.9986124463172681
2024-11-22,2024_25,Ligue 1,,Paris SG,Toulouse,2.3476440882202327,0.6964021179078811
2024-11-23,2024_25,Bundesliga,,Dortmund,Freiburg,2.245357240138535,0.8447855710126784
2024-11-23,2024_25,Bundesliga,,Ein Frankfurt,Werder Bremen,1.8228074053105854,0.941415222871066
2024-11-23,2024_25,Bundesliga,,Hoffenheim,RB Leipzig,1.1255813946453204,1.6583009617497129
2024-11-23,2024_25,Bundesliga,,Leverkusen,Heidenheim,2.2409105406938084,0.7452463067088632
2024-11-23,2024_25,Bundesliga,,Stuttgart,Bochum,2.2347576861094556,0.7703262200737161
2024-11-23,2024_25,Bundesliga,,Wolfsburg,Union Berlin,1.5633056917772845,1.1314591243414813
2024-11-23,2024_25,La Liga,,Ath Madrid,Alaves,2.2944413369452765,0.8043716472266277
2024-11-23,2024_25,La Liga,,Celta,Barcelona,0.7806242499636764,2.2867124745120098
2024-11-23,2024_25,La Liga,,Girona,Espanol,1.9737187204588829,0.9774472721809366
2024-11-23,2024_25,La Liga,,Las Palmas,Mallorca,1.2806984883138293,1.3313080523523815
2024-11-23,2024_25,La Liga,,Valencia,Betis,1.32737779478108,1.4029847921636178
2024-11-23,2024_25,Ligue 1,,Lens,Marseille,1.370041183770867,1.244718752972698
2024-11-23,2024_25,Ligue 1,,Reims,Lyon,1.2413100421692371,1.355953728669062
2024-11-23,2024_25,Ligue 1,,St Etienne,Montpellier,1.4281365274040931,1.240312900026722
2024-11-23,2024_25,Premier League,,Arsenal,Nott'm Forest,2.3453413999336457,0.7166544163492625
2024-11-23,2024_25,Premier League,,Aston Villa,Crystal Palace,1.7309869116466015,0.9280793502140986
2024-11-23,2024_25,Premier League,,Bournemouth,Brighton,1.4235364726040391,1.1637356979782552
2024-11-23,2024_25,Premier League,,Everton,Brentford,1.350999488665846,1.2130021210765076
2024-11-23,2024_25,Premier League,,Fulham,Wolves,1.662014267536139,1.0222155666492572
2024-11-23,2024_25,Premier League,,Leicester,Chelsea,0.9832978183681015,1.7157341083338427
2024-11-23,2024_25,Premier League,,Man City,Tottenham,2.222177636025694,0.7918916434685153
2024-11-23,2024_25,Serie A,,Milan,Juventus,1.423337140966963,1.2829763069806668
2024-11-23,2024_25,Serie A,,Parma,Atalanta,0.8552468956601103,2.2748146864251857
2024-11-23,2024_25,Serie A,,Verona,Inter,0.7940072416824174,2.2054994967412616
2024-11-24,2024_25,Bundesliga,,Holstein Kiel,Mainz,1.1221691706425774,1.4860564415782993
2024-11-24,2024_25,Bundesliga,,M'gladbach,St Pauli,1.5889991466909772,1.013833166360331
2024-11-24,2024_25,La Liga,,Ath Bilbao,Sociedad,1.6288958513512233,1.0536674440047444
2024-11-24,2024_25,La Liga,,Leganes,Real Madrid,0.737446505668262,2.323405391393272
2024-11-24,2024_25,La Liga,,Osasuna,Villarreal,1.2367605407898317,1.4520017627750303
2024-11-24,2024_25,La Liga,,Sevilla,Vallecano,1.5423541898384574,1.1232608775116342
2024-11-24,2024_25,Ligue 1,,Auxerre,Angers,1.8684382165242668,0.9410801578236935
2024-11-24,2024_25,Ligue 1,,Lille,Rennes,1.8668178973137342,0.8801167568961912
2024-11-24,2024_25,Ligue 1,,Nantes,Le Havre,1.5323460219162486,1.047168211774066
2024-11-24,2024_25,Ligue 1,,Nice,Strasbourg,1.9099443499585753,0.9821662987935569
2024-11-24,2024_25,Premier League,,Ipswich,Man United,1.1146791311041215,1.5743627564158627
2024-11-24,2024_25,Premier League,,Southampton,Liverpool,0.6761079141748316,2.749559853505343
2024-11-24,2024_25,Serie A,,Como,Fiorentina,0.986103780963037,1.7713806334243056
2024-11-24,2024_25,Serie A,,Genoa,Cagliari,1.5796409633227824,1.0969530055757482
2024-11-24,2024_25,Serie A,,Lazio,Bologna,1.63189323014074,0.9914494795317654
2024-11-24,2024_25,Serie A,,Napoli,Roma,1.6139903132043434,1.0505656887634085
2024-11-24,2024_25,Serie A,,Torino,Monza,1.5727921396079638,1.0126585939484818
2024-11-25,2024_25,Premier League,,Newcastle,West Ham,1.797502526070403,0.9958532342086952
2024-11-25,2024_25,Serie A,,Empoli,Udinese,1.3926069745296918,1.1759846953427675
2024-11-25,2024_25,Serie A,,Venezia,Lecce,1.5158563541478545,1.1290377789950463
2024-11-26,2024_25,Champions League,league_phase,AC Sparta Praha (CZE),Ath Madrid,1.2130975428265145,1.9001638224109265
2024-11-26,2024_25,Champions League,league_phase,BSC Young Boys (SUI),Atalanta,0.9720169906412306,2.18463999545551
2024-11-26,2024_25,Champions League,league_phase,Barcelona,Brest,2.5967687519754645,0.7592829150734435
2024-11-26,2024_25,Champions League,league_phase,Bayern Munich,Paris SG,1.682855883201634,1.182108751414366
2024-11-26,2024_25,Champions League,league_phase,Inter,RB Leipzig,1.9756285885562057,0.9543534098118629
2024-11-26,2024_25,Champions League,league_phase,Leverkusen,FC Red Bull Salzburg (AUT),2.755342638969134,0.6621595107824061
2024-11-26,2024_25,Champions League,league_phase,Man City,Feyenoord Rotterdam (NED),2.6270988853034516,0.6377190689247294
2024-11-26,2024_25,Champions League,league_phase,Sporting Clube de Portugal (POR),Arsenal,1.506438485300817,1.6099597025845394
2024-11-26,2024_25,Champions League,league_phase,ŠK Slovan Bratislava (SVK),Milan,0.8249977107502616,2.563185630877343
2024-11-27,2024_25,Champions League,league_phase,Aston Villa,Juventus,1.3337732232964905,1.4690159234692277
2024-11-27,2024_25,Champions League,league_phase,Bologna,Lille,1.317110764854555,1.5035691646422575
2024-11-27,2024_25,Champions League,league_phase,Celtic FC (SCO),Club Brugge KV (BEL),1.484575510684221,1.4123383550116557
2024-11-27,2024_25,Champions League,league_phase,FK Crvena Zvezda (SRB),Stuttgart,1.1364380745325129,2.0284066213743674
2024-11-27,2024_25,Champions League,league_phase,GNK Dinamo Zagreb (CRO),Dortmund,1.189566625519545,2.023517121204743
2024-11-27,2024_25,Champions League,league_phase,Liverpool,Real Madrid,1.4115753615835775,1.3462130459920891
2024-11-27,2024_25,Champions League,league_phase,Monaco,Sport Lisboa e Benfica (POR),2.0858767957395012,0.936391154649712
2024-11-27,2024_25,Champions League,league_phase,PSV (NED),FK Shakhtar Donetsk (UKR),1.7476925632525875,1.1133521490838845
2024-11-27,2024_25,Champions League,league_phase,SK Sturm Graz (AUT),Girona,1.2339405257746277,1.7172989247408812
2024-11-29,2024_25,Bundesliga,,St Pauli,Holstein Kiel,1.4920634516323268,0.9635718815830887
2024-11-29,2024_25,La Liga,,Mallorca,Valencia,1.4228004443615607,1.1223904098281827
2024-11-29,2024_25,Ligue 1,,Reims,Lens,1.3367812048692336,1.1888981569617199
2024-11-29,2024_25,Premier League,,Brighton,Southampton,2.0745262083546443,0.7783948643764017
2024-11-29,2024_25,Serie A,,Cagliari,Verona,1.4959157383155346,1.147468009352977
2024-11-30,2024_25,Bundesliga,,Augsburg,Bochum,1.717070365604869,0.9678549872415333
2024-11-30,2024_25,Bundesliga,,Dortmund,Bayern Munich,1.3316768880510057,1.3482297965911907
2024-11-30,2024_25,Bundesliga,,Freiburg,M'gladbach,1.4674134746603176,1.237764131985781
2024-11-30,2024_25,Bundesliga,,RB Leipzig,Wolfsburg,1.8878986384722174,0.9191377852934053
2024-11-30,2024_25,Bundesliga,,Union Berlin,Leverkusen,0.9016643500829162,1.8335751803397928
2024-11-30,2024_25,Bundesliga,,Werder Bremen,Stuttgart,1.2873867708243674,1.3546134273961103
2024-11-30,2024_25,La Liga,,Alaves,Leganes,1.4618230816405677,1.1366041335600994
2024-11-30,2024_25,La Liga,,Barcelona,Las Palmas,3.316663282384828,0.5281348563055364
2024-11-30,2024_25,La Liga,,Espanol,Celta,1.3323736309485512,1.3569845367015891
2024-11-30,2024_25,La Liga,,Valladolid,Ath Madrid,0.841091783839219,2.199807339415199
2024-11-30,2024_25,Ligue 1,,Brest,Strasbourg,1.6406415097668796,0.9771430745179301
2024-11-30,2024_25,Ligue 1,,Paris SG,Nantes,2.8604072641213327,0.6087516514210753
2024-11-30,2024_25,Ligue 1,,Rennes,St Etienne,1.9380493966538357,0.9511845227126856
2024-11-30,2024_25,Premier League,,Brentford,Leicester,1.6675068233130244,1.0169692501634218
2024-11-30,2024_25,Premier League,,Crystal Palace,Newcastle,1.319298602242,1.3488778185363193
2024-11-30,2024_25,Premier League,,Nott'm Forest,Ipswich,1.5587874978228937,1.1008338941337836
2024-11-30,2024_25,Premier League,,West Ham,Arsenal,0.9584601275187701,2.121785531238581
2024-11-30,2024_25,Premier League,,Wolves,Bournemouth,1.426499527525768,1.2399681601390882
2024-11-30,2024_25,Serie A,,Bologna,Venezia,1.990983506903008,0.8685365031558442
2024-11-30,2024_25,Serie A,,Como,Monza,1.3272921902479087,1.2578957202920071
2024-11-30,2024_25,Serie A,,Milan,Empoli,2.084069548727872,0.8358227925992651
2024-12-01,2024_25,Bundesliga,,Heidenheim,Ein Frankfurt,1.2074460765318473,1.5422546099722516
2024-12-01,2024_25,Bundesliga,,Mainz,Hoffenheim,1.555867271878412,1.06206422673612
2024-12-01,2024_25,La Liga,,Real Madrid,Getafe,3.0053864377205164,0.582231040965384
2024-12-01,2024_25,La Liga,,Sociedad,Betis,1.4816351431147208,1.16143913479455
2024-12-01,2024_25,La Liga,,Vallecano,Ath Bilbao,1.1628106218918275,1.6217052693079643
2024-12-01,2024_25,La Liga,,Villarreal,Girona,1.799119769362112,1.1309422799185807
2024-12-01,2024_25,Ligue 1,,Le Havre,Angers,1.5807825890721485,1.0561269180938453
2024-12-01,2024_25,Ligue 1,,Lyon,Nice,1.518351679649465,1.1386816488384972
2024-12-01,2024_25,Ligue 1,,Marseille,Monaco,1.2534491604913234,1.2756616460920536
2024-12-01,2024_25,Ligue 1,,Montpellier,Lille,1.0134170121020891,1.71479037275242
2024-12-01,2024_25,Ligue 1,,Toulouse,Auxerre,1.4772458714314767,1.1228973650505893
2024-12-01,2024_25,Premier League,,Chelsea,Aston Villa,1.7989890501588939,1.0745980771670554
2024-12-01,2024_25,Premier League,,Liverpool,Man City,1.511493842964143,1.2140351936968719
2024-12-01,2024_25,Premier League,,Man United,Everton,1.7922363871034774,0.9935910054361943
2024-12-01,2024_25,Premier League,,Tottenham,Fulham,1.9123006770686328,0.9010204639052426
2024-12-01,2024_25,Serie A,,Lecce,Juventus,0.8738717289922615,1.930194814554451
2024-12-01,2024_25,Serie A,,Parma,Lazio,0.9347337633628896,1.9985615961717833
2024-12-01,2024_25,Serie A,,Torino,Napoli,1.2069499845067568,1.3554855424064813
2024-12-01,2024_25,Serie A,,Udinese,Genoa,1.556126270709989,1.1434988763376672
2024-12-02,2024_25,La Liga,,Sevilla,Osasuna,1.4343555557643164,1.2013743167375521
2024-12-02,2024_25,Serie A,,Roma,Atalanta,1.071409271511868,1.616775462360692
2024-12-03,2024_25,La Liga,,Mallorca,Barcelona,0.8019802814951965,2.1261301722910844
2024-12-03,2024_25,Premier League,,Ipswich,Crystal Palace,1.2925158381437736,1.3105514253473887
2024-12-03,2024_25,Premier League,,Leicester,West Ham,1.3287939711277155,1.2557724621356143
2024-12-04,2024_25,La Liga,,Ath Bilbao,Real Madrid,0.9806378821958975,1.84374317818667
2024-12-04,2024_25,Premier League,,Arsenal,Man United,2.023765058060764,0.8009601968493846
2024-12-04,2024_25,Premier League,,Aston Villa,Brentford,1.6449761285210363,1.0806571397386633
2024-12-04,2024_25,Premier League,,Everton,Wolves,1.365047690176674,1.2069402023907054
2024-12-04,2024_25,Premier League,,Man City,Nott'm Forest,2.522946844595827,0.6568644309100611
2024-12-04,2024_25,Premier League,,Newcastle,Liverpool,0.960548494188322,1.9307040481488806
2024-12-04,2024_25,Premier League,,Southampton,Chelsea,0.8323467554605346,2.2039078993001593
2024-12-05,2024_25,Premier League,,Bournemouth,Tottenham,1.1929596791114347,1.5102696100238024
2024-12-05,2024_25,Premier League,,Fulham,Brighton,1.3931347688421623,1.1811425372097473
2024-12-06,2024_25,Bundesliga,,Stuttgart,Union Berlin,1.8635535638593377,1.0303459059871822
2024-12-06,2024_25,La Liga,,Celta,Mallorca,1.4864388882987727,1.1771475085508154
2024-12-06,2024_25,Ligue 1,,Auxerre,Paris SG,0.9027200987206985,2.0652127199519152
2024-12-06,2024_25,Ligue 1,,Lille,Brest,1.7409777702510527,1.0175431445513992
2024-12-06,2024_25,Serie A,,Atalanta,Milan,1.6459892912211898,1.0387332730996228
2024-12-06,2024_25,Serie A,,Inter,Parma,2.916703854167111,0.5472358580429629
2024-12-07,2024_25,Bundesliga,,Bayern Munich,Heidenheim,2.652160697840656,0.6145321140652439
2024-12-07,2024_25,Bundesliga,,Bochum,Werder Bremen,1.1398765356275997,1.552796101401716
2024-12-07,2024_25,Bundesliga,,Ein Frankfurt,Augsburg,2.1995494727982003,0.8410065909624029
2024-12-07,2024_25,Bundesliga,,Holstein Kiel,RB Leipzig,0.9303041190999441,1.8334217319427042
2024-12-07,2024_25,Bundesliga,,Leverkusen,St Pauli,2.6036417562084813,0.6501162866642682
2024-12-07,2024_25,Bundesliga,,M'gladbach,Dortmund,1.0613020220212748,1.694322049035097
2024-12-07,2024_25,La Liga,,Betis,Barcelona,0.8175524527733865,2.046855309772467
2024-12-07,2024_25,La Liga,,Girona,Real Madrid,1.0038591088638216,2.0161969996573115
2024-12-07,2024_25,La Liga,,Las Palmas,Valladolid,1.628509190681089,1.0799684471331472
2024-12-07,2024_25,La Liga,,Valencia,Vallecano,1.7175466835224924,1.1198402998093384
2024-12-07,2024_25,Ligue 1,,Angers,Lyon,0.9206965111098127,2.005394810411847
2024-12-07,2024_25,Ligue 1,,Monaco,Toulouse,2.0147242332429918,0.8504893038063343
2024-12-07,2024_25,Ligue 1,,Nice,Le Havre,2.1279335056473605,0.8490866149431956
2024-12-07,2024_25,Premier League,,Aston Villa,Southampton,2.2402411716313178,0.7341940404187862
2024-12-07,2024_25,Premier League,,Brentford,Newcastle,1.2980162000434485,1.2420845922426573
2024-12-07,2024_25,Premier League,,Crystal Palace,Man City,0.9210681200493311,2.152763062219639
2024-12-07,2024_25,Premier League,,Man United,Nott'm Forest,1.877734635105372,0.9539363228574536
2024-12-07,2024_25,Serie A,,Genoa,Torino,1.3732947783010134,1.3018343133933827
2024-12-07,2024_25,Serie A,,Juventus,Bologna,1.7655527217352,0.9530734433879382
2024-12-07,2024_25,Serie A,,Roma,Lecce,1.948046930462235,0.849306464491974
2024-12-08,2024_25,Bundesliga,,Hoffenheim,Freiburg,1.5154315984855056,1.2285423688753527
2024-12-08,2024_25,Bundesliga,,Wolfsburg,Mainz,1.3469561151953229,1.2208295628152854
2024-12-08,2024_25,La Liga,,Ath Bilbao,Villarreal,1.4955087282226212,1.1689310623777869
2024-12-08,2024_25,La Liga,,Ath Madrid,Sevilla,2.2780601371218485,0.7293807243591081
2024-12-08,2024_25,La Liga,,Leganes,Sociedad,1.269357650768904,1.3621763895500714
2024-12-08,2024_25,La Liga,,Osasuna,Alaves,1.7251256016629024,1.0932899552157562
2024-12-08,2024_25,Ligue 1,,Lens,Montpellier,1.9114053207688029,0.9178512529564582
2024-12-08,2024_25,Ligue 1,,Nantes,Rennes,1.2322432154371281,1.4646061871034293
2024-12-08,2024_25,Ligue 1,,St Etienne,Marseille,0.9255517610432452,1.7727689464758154
2024-12-08,2024_25,Ligue 1,,Strasbourg,Reims,1.3922899886301083,1.2644463000015558
2024-12-08,2024_25,Premier League,,Fulham,Arsenal,0.924383050716308,1.8441908826938038
2024-12-08,2024_25,Premier League,,Ipswich,Bournemouth,1.2731096064616068,1.470238929241373
2024-12-08,2024_25,Premier League,,Leicester,Brighton,1.2429381154368289,1.3516550851905937
2024-12-08,2024_25,Premier League,,Tottenham,Chelsea,1.3290458857836287,1.2900249039648932
2024-12-08,2024_25,Serie A,,Fiorentina,Cagliari,2.17413586421566,0.8079789479885796
2024-12-08,2024_25,Serie A,,Napoli,Lazio,1.4203129536348829,1.2312409703812945
2024-12-08,2024_25,Serie A,,Venezia,Como,1.3320537157148193,1.2654655234336851
2024-12-08,2024_25,Serie A,,Verona,Empoli,1.3455668695465453,1.2064660796743492
2024-12-09,2024_25,La Liga,,Getafe,Espanol,1.559560749021469,1.105249009798359
2024-12-09,2024_25,Premier League,,West Ham,Wolves,1.5661026822017226,1.1741603638495377
2024-12-09,2024_25,Serie A,,Monza,Udinese,1.4284718577088868,1.198430822003987
2024-12-10,2024_25,Champions League,league_phase,Atalanta,Real Madrid,1.323864649725983,1.4933193789331434
2024-12-10,2024_25,Champions League,league_phase,Brest,PSV (NED),1.5800928620466372,1.2513160265161491
2024-12-10,2024_25,Champions League,league_phase,Club Brugge KV (BEL),Sporting Clube de Portugal (POR),1.2701134672325975,1.4641208614082257
2024-12-10,2024_25,Champions League,league_phase,FC Red Bull Salzburg (AUT),Paris SG,0.7812461288899467,2.5503358820927677
2024-12-10,2024_25,Champions League,league_phase,FK Shakhtar Donetsk (UKR),Bayern Munich,0.8354309488399252,2.0714853199893466
2024-12-10,2024_25,Champions League,league_phase,GNK Dinamo Zagreb (CRO),Celtic FC (SCO),1.694775037125801,1.2204534996230183
2024-12-10,2024_25,Champions League,league_phase,Girona,Liverpool,0.9470613100225168,2.051921935323953
2024-12-10,2024_25,Champions League,league_phase,Leverkusen,Inter,1.4836643533011293,1.2811774999330343
2024-12-10,2024_25,Champions League,league_phase,RB Leipzig,Aston Villa,1.6959632248640455,1.14381703069788
2024-12-11,2024_25,Champions League,league_phase,Arsenal,Monaco,1.8264020429256962,0.9560282523844696
2024-12-11,2024_25,Champions League,league_phase,Ath Madrid,ŠK Slovan Bratislava (SVK),3.36794902774028,0.5481038533969615
2024-12-11,2024_25,Champions League,league_phase,Dortmund,Barcelona,1.28576596846514,1.5486489604751459
2024-12-11,2024_25,Champions League,league_phase,Feyenoord Rotterdam (NED),AC Sparta Praha (CZE),1.9645618806742655,0.9930791197447871
2024-12-11,2024_25,Champions League,league_phase,Juventus,Man City,1.298107203362369,1.5517548117844824
2024-12-11,2024_25,Champions League,league_phase,Lille,SK Sturm Graz (AUT),2.230218870586129,0.7789028846898259
2024-12-11,2024_25,Champions League,league_phase,Milan,FK Crvena Zvezda (SRB),2.398168138902149,0.8058276480880018
2024-12-11,2024_25,Champions League,league_phase,Sport Lisboa e Benfica (POR),Bologna,1.4724762400032583,1.3681297703934758
2024-12-11,2024_25,Champions League,league_phase,Stuttgart,BSC Young Boys (SUI),2.3289623826664445,0.8924567251718765
2024-12-13,2024_25,Bundesliga,,Freiburg,Wolfsburg,1.3741273966907708,1.2461932153524782
2024-12-13,2024_25,La Liga,,Valladolid,Valencia,1.2324783638605403,1.4814430764084632
2024-12-13,2024_25,Ligue 1,,Toulouse,St Etienne,1.9668793175499297,0.9234213199858639
2024-12-13,2024_25,Serie A,,Empoli,Torino,1.3334941471411643,1.288500741869698
2024-12-14,2024_25,Bundesliga,,Augsburg,Leverkusen,0.8504532140032656,1.9972277152652855
2024-12-14,2024_25,Bundesliga,,M'gladbach,Holstein Kiel,1.8936781990114895,0.8280315779035738
2024-12-14,2024_25,Bundesliga,,Mainz,Bayern Munich,0.8802932613075074,1.9405013729609824
2024-12-14,2024_25,Bundesliga,,St Pauli,Werder Bremen,1.2977864606892195,1.2684152385574754
2024-12-14,2024_25,Bundesliga,,Union Berlin,Bochum,1.8196095766389118,0.8703982244266776
2024-12-14,2024_25,La Liga,,Espanol,Osasuna,1.3263673720634566,1.3801658938022094
2024-12-14,2024_25,La Liga,,Mallorca,Girona,1.3220476929146063,1.379575559336359
2024-12-14,2024_25,La Liga,,Sevilla,Celta,1.459836138546984,1.1128494948396228
2024-12-14,2024_25,La Liga,,Vallecano,Real Madrid,0.7505140858250661,2.5040669062102157
2024-12-14,2024_25,Ligue 1,,Auxerre,Lens,1.2651567525814502,1.4163741305673132
2024-12-14,2024_25,Ligue 1,,Marseille,Lille,1.3736126261737513,1.1989663944104663
2024-12-14,2024_25,Ligue 1,,Reims,Monaco,1.113820570740521,1.501099099670921
2024-12-14,2024_25,Premier League,,Arsenal,Everton,2.649814762257967,0.6636013652662528
2024-12-14,2024_25,Premier League,,Liverpool,Fulham,2.399508692162942,0.6896957872111327
2024-12-14,2024_25,Premier League,,Newcastle,Leicester,1.9164048233199231,0.9467785091080325
2024-12-14,2024_25,Premier League,,Nott'm Forest,Aston Villa,1.2779141323922891,1.388266329229073
2024-12-14,2024_25,Premier League,,Wolves,Ipswich,1.532611770910456,1.1013108300376007
2024-12-14,2024_25,Serie A,,Cagliari,Atalanta,0.842091630655867,2.047757294475714
2024-12-14,2024_25,Serie A,,Juventus,Venezia,2.4980146916340336,0.6599157857718706
2024-12-14,2024_25,Serie A,,Udinese,Napoli,1.1526835387731231,1.4701386550838909
2024-12-15,2024_25,Bundesliga,,Dortmund,Hoffenheim,2.167719316208152,0.7599008287259122
2024-12-15,2024_25,Bundesliga,,Heidenheim,Stuttgart,1.1979428580140894,1.5941459760188308
2024-12-15,2024_25,Bundesliga,,RB Leipzig,Ein Frankfurt,1.4000600927277003,1.2066423568624958
2024-12-15,2024_25,La Liga,,Alaves,Ath Bilbao,1.1005056652200988,1.5325890105954798
2024-12-15,2024_25,La Liga,,Ath Madrid,Getafe,2.4870551504770955,0.6561066566587265
2024-12-15,2024_25,La Liga,,Barcelona,Leganes,3.054615437138723,0.5766682395183865
2024-12-15,2024_25,La Liga,,Sociedad,Las Palmas,1.92906209579857,0.8925345114162991
2024-12-15,2024_25,La Liga,,Villarreal,Betis,1.709898085690183,1.0772763500399563
2024-12-15,2024_25,Ligue 1,,Brest,Nantes,1.8670980079330075,0.8894194656074523
2024-12-15,2024_25,Ligue 1,,Le Havre,Strasbourg,1.2861669659759742,1.3300877161072653
2024-12-15,2024_25,Ligue 1,,Montpellier,Nice,1.1362886015860723,1.5461568670011434
2024-12-15,2024_25,Ligue 1,,Paris SG,Lyon,1.7989987036177635,0.9388245130655822
2024-12-15,2024_25,Ligue 1,,Rennes,Angers,2.056765459464144,0.8611266575996953
2024-12-15,2024_25,Premier League,,Brighton,Crystal Palace,1.4959823101990928,1.1061090211916782
2024-12-15,2024_25,Premier League,,Chelsea,Brentford,2.1637870914385777,0.8748561362249165
2024-12-15,2024_25,Premier League,,Man City,Man United,2.130106154957542,0.8188773376350752
2024-12-15,2024_25,Premier League,,Southampton,Tottenham,0.8642957136765199,2.0635239506172165
2024-12-15,2024_25,Serie A,,Bologna,Fiorentina,1.2661395069497026,1.3328562138176692
2024-12-15,2024_25,Serie A,,Como,Roma,1.1435182409687776,1.5086490563180737
2024-12-15,2024_25,Serie A,,Lecce,Monza,1.3102181938513426,1.3121242183533934
2024-12-15,2024_25,Serie A,,Milan,Genoa,1.975375779705839,0.8569145918091864
2024-12-15,2024_25,Serie A,,Parma,Verona,1.5273645437769983,1.200356717029216
2024-12-16,2024_25,Premier League,,Bournemouth,West Ham,1.6740717363207898,1.0686416517408295
2024-12-16,2024_25,Serie A,,Lazio,Inter,1.0858636446470553,1.5563270447239101
2024-12-18,2024_25,La Liga,,Espanol,Valencia,1.4272493371473947,1.264679163724846
2024-12-18,2024_25,La Liga,,Villarreal,Vallecano,1.9681856635793276,0.9245204810301376
2024-12-18,2024_25,Ligue 1,,Monaco,Paris SG,1.2231152054982068,1.481397562446149
2024-12-20,2024_25,Bundesliga,,Bayern Munich,RB Leipzig,2.137227912093251,0.8322182732985806
2024-12-20,2024_25,La Liga,,Girona,Valladolid,1.9455327655707353,0.8453022381842699
2024-12-20,2024_25,Serie A,,Verona,Milan,0.9559374297926412,1.7990826213638116
2024-12-21,2024_25,Bundesliga,,Ein Frankfurt,Mainz,1.6106099067538788,0.9944903276067101
2024-12-21,2024_25,Bundesliga,,Hoffenheim,M'gladbach,1.5086343189529834,1.2980214653063338
2024-12-21,2024_25,Bundesliga,,Holstein Kiel,Augsburg,1.2603315527453416,1.4062970803121275
2024-12-21,2024_25,Bundesliga,,Leverkusen,Freiburg,2.4030386209263095,0.7299418404568545
2024-12-21,2024_25,Bundesliga,,Stuttgart,St Pauli,2.0108411703995364,0.8595992325981595
2024-12-21,2024_25,Bundesliga,,Werder Bremen,Union Berlin,1.5922768853249993,1.082916394228627
2024-12-21,2024_25,La Liga,,Barcelona,Ath Madrid,1.6506268306619147,1.0889582720081221
2024-12-21,2024_25,La Liga,,Celta,Sociedad,1.2942748497000718,1.3564953023842268
2024-12-21,2024_25,La Liga,,Getafe,Mallorca,1.4470647474366698,1.2452532875253368
2024-12-21,2024_25,La Liga,,Osasuna,Ath Bilbao,1.2877029871836796,1.4152917092278625
2024-12-21,2024_25,Premier League,,Aston Villa,Man City,1.0860187046109844,1.7064891749890132
2024-12-21,2024_25,Premier League,,Brentford,Nott'm Forest,1.6552906740084041,1.0801620598857047
2024-12-21,2024_25,Premier League,,Crystal Palace,Arsenal,0.9872034104906607,1.9254043480651355
2024-12-21,2024_25,Premier League,,Ipswich,Newcastle,1.0673799574062264,1.6033477083348353
2024-12-21,2024_25,Premier League,,West Ham,Brighton,1.4108803257151339,1.2606862284376799
2024-12-21,2024_25,Serie A,,Genoa,Napoli,1.1264714127125515,1.4951144479331355
2024-12-21,2024_25,Serie A,,Lecce,Lazio,1.000387070419822,1.6843167323103483
2024-12-21,2024_25,Serie A,,Torino,Bologna,1.3234825863366841,1.3251216398727264
2024-12-22,2024_25,Bundesliga,,Bochum,Heidenheim,1.2387540490543587,1.3106882296556515
2024-12-22,2024_25,Bundesliga,,Wolfsburg,Dortmund,1.1675836625082012,1.609122156444295
2024-12-22,2024_25,La Liga,,Betis,Vallecano,1.7252596754272553,1.0098754192150545
2024-12-22,2024_25,La Liga,,Las Palmas,Espanol,1.515927888701215,1.1357461711338104
2024-12-22,2024_25,La Liga,,Leganes,Villarreal,1.1584483170684867,1.513041049408092
2024-12-22,2024_25,La Liga,,Real Madrid,Sevilla,2.560616778026901,0.6242515575147625
2024-12-22,2024_25,La Liga,,Valencia,Alaves,1.489653216088421,1.17306903613137
2024-12-22,2024_25,Premier League,,Everton,Chelsea,0.9388229556681064,1.7396349889174367
2024-12-22,2024_25,Premier League,,Fulham,Southampton,2.14171566424596,0.7694465072747029
2024-12-22,2024_25,Premier League,,Leicester,Wolves,1.4424088432416975,1.192939093632473
2024-12-22,2024_25,Premier League,,Man United,Bournemouth,1.6724263549486185,1.0139032797113678
2024-12-22,2024_25,Premier League,,Tottenham,Liverpool,1.1617352563917986,1.5627062501264115
2024-12-22,2024_25,Serie A,,Atalanta,Empoli,2.193717175619602,0.7412177097026235
2024-12-22,2024_25,Serie A,,Monza,Juventus,1.016078595737989,1.8099542586821011
2024-12-22,2024_25,Serie A,,Roma,Parma,1.9751657275002223,0.8322849176775634
2024-12-22,2024_25,Serie A,,Venezia,Cagliari,1.3683417829096889,1.2712301901061176
2024-12-23,2024_25,Serie A,,Fiorentina,Udinese,1.9793993341777478,0.8904335538003676
2024-12-23,2024_25,Serie A,,Inter,Como,2.940952139427753,0.5368049305634668
2024-12-26,2024_25,Premier League,,Bournemouth,Crystal Palace,1.4936236803393013,1.0749152869528469
2024-12-26,2024_25,Premier League,,Chelsea,Fulham,1.9940833343869684,0.8563659682925978
2024-12-26,2024_25,Premier League,,Liverpool,Leicester,3.003592840256574,0.5454042474567089
2024-12-26,2024_25,Premier League,,Man City,Everton,2.359808602124564,0.6598334553312047
2024-12-26,2024_25,Premier League,,Newcastle,Aston Villa,1.629831872846447,1.088189128578775
2024-12-26,2024_25,Premier League,,Nott'm Forest,Tottenham,1.143629725374268,1.4763235918962778
2024-12-26,2024_25,Premier League,,Southampton,West Ham,1.1450648698505892,1.5662080023496334
2024-12-26,2024_25,Premier League,,Wolves,Man United,1.2025957384863328,1.4774867887196885
2024-12-27,2024_25,Premier League,,Arsenal,Ipswich,2.774992912587047,0.5381830242555268
2024-12-27,2024_25,Premier League,,Brighton,Brentford,1.5827967271085492,1.176003528710149
2024-12-28,2024_25,Serie A,,Cagliari,Inter,0.7081666743234358,2.385666620179748
2024-12-28,2024_25,Serie A,,Empoli,Genoa,1.391741765276845,1.1998816433680985
2024-12-28,2024_25,Serie A,,Lazio,Atalanta,1.235066183336823,1.4247799972224386
2024-12-28,2024_25,Serie A,,Parma,Monza,1.2982251367711397,1.400625401345636
2024-12-29,2024_25,Premier League,,Crystal Palace,Southampton,2.05672574449312,0.8353313822830329
2024-12-29,2024_25,Premier League,,Everton,Nott'm Forest,1.4164813703164694,1.2833917377023756
2024-12-29,2024_25,Premier League,,Fulham,Bournemouth,1.434477784413316,1.113397216040737
2024-12-29,2024_25,Premier League,,Leicester,Man City,0.8248755063168188,2.271470799238044
2024-12-29,2024_25,Premier League,,Tottenham,Wolves,2.0165938826288032,0.8918214817824027
2024-12-29,2024_25,Premier League,,West Ham,Liverpool,0.8036198686570653,2.3466179623955807
2024-12-29,2024_25,Serie A,,Juventus,Fiorentina,1.5464045148593628,1.065536261438825
2024-12-29,2024_25,Serie A,,Milan,Roma,1.6785292544982824,1.015322407575819
2024-12-29,2024_25,Serie A,,Napoli,Venezia,2.253446883480793,0.7492589447740577
2024-12-29,2024_25,Serie A,,Udinese,Torino,1.401326792900228,1.2201063221614314
2024-12-30,2024_25,Premier League,,Aston Villa,Brighton,1.5264712528472082,1.071221989781216
2024-12-30,2024_25,Premier League,,Ipswich,Chelsea,0.8576209536465448,1.9717144824618498
2024-12-30,2024_25,Premier League,,Man United,Newcastle,1.2872170560230756,1.3022169726950137
2024-12-30,2024_25,Serie A,,Bologna,Verona,1.949818311444688,0.8381483053321194
2024-12-30,2024_25,Serie A,,Como,Lecce,1.65484313538471,1.0876059177654513
2025-01-01,2024_25,Premier League,,Brentford,Arsenal,0.9536806338713403,1.86788690385326
2025-01-03,2024_25,La Liga,,Valencia,Real Madrid,0.7833692764313018,2.3759834108855844
2025-01-03,2024_25,Ligue 1,,Nice,Rennes,1.6749722042646193,1.1639593718588401
2025-01-04,2024_25,Ligue 1,,Lille,Nantes,2.2791439285656923,0.7230295546436732
2025-01-04,2024_25,Ligue 1,,Lyon,Montpellier,2.1224514063022872,0.8274116084862375
2025-01-04,2024_25,Ligue 1,,St Etienne,Reims,1.1104059855007817,1.5448467961570644
2025-01-04,2024_25,Premier League,,Aston Villa,Leicester,1.98465046275349,0.8713048856853821
2025-01-04,2024_25,Premier League,,Bournemouth,Everton,1.5812081711284836,1.0087557299085532
2025-01-04,2024_25,Premier League,,Brighton,Arsenal,0.8976044110224036,1.8907427732679776
2025-01-04,2024_25,Premier League,,Crystal Palace,Chelsea,1.0810011017707954,1.5127823125322486
2025-01-04,2024_25,Premier League,,Man City,West Ham,2.422446951395137,0.6427698207474558
2025-01-04,2024_25,Premier League,,Southampton,Brentford,1.0952524639929997,1.7077189867147828
2025-01-04,2024_25,Premier League,,Tottenham,Newcastle,1.4020607080673384,1.232441641489027
2025-01-04,2024_25,Serie A,,Fiorentina,Napoli,1.4200628312504207,1.1683844841186144
2025-01-04,2024_25,Serie A,,Venezia,Empoli,1.2497522313529994,1.3508042612103488
2025-01-04,2024_25,Serie A,,Verona,Udinese,1.2701854117631228,1.2829806117307392
2025-01-05,2024_25,Ligue 1,,Angers,Brest,1.0301179200779393,1.8472798924586469
2025-01-05,2024_25,Ligue 1,,Lens,Toulouse,1.6781169357358015,1.005745812838695
2025-01-05,2024_25,Ligue 1,,Marseille,Le Havre,2.1921746278506293,0.7274257648881186
2025-01-05,2024_25,Ligue 1,,Strasbourg,Auxerre,1.5227625113192118,1.0973602821145088
2025-01-05,2024_25,Premier League,,Fulham,Ipswich,1.8265480568145176,0.8948168258283051
2025-01-05,2024_25,Premier League,,Liverpool,Man United,2.5674634295616996,0.6508766889146523
2025-01-05,2024_25,Serie A,,Lecce,Genoa,1.254041248139433,1.40012218445671
2025-01-05,2024_25,Serie A,,Monza,Cagliari,1.5542938791770828,1.12095425932372
2025-01-05,2024_25,Serie A,,Roma,Lazio,1.475855880692328,1.2281579749293274
2025-01-05,2024_25,Serie A,,Torino,Parma,1.8048914494860542,0.9071422818621472
2025-01-06,2024_25,Premier League,,Wolves,Nott'm Forest,1.3517953838535754,1.3049352359560604
2025-01-10,2024_25,Bundesliga,,Dortmund,Leverkusen,1.3346722464677565,1.3372152235429111
2025-01-10,2024_25,La Liga,,Vallecano,Celta,1.386484129074168,1.258957044324982
2025-01-10,2024_25,Ligue 1,,Auxerre,Lille,1.092197655466801,1.6076304084118567
2025-01-10,2024_25,Ligue 1,,Nantes,Monaco,1.0203089186678846,1.824216774753679
2025-01-10,2024_25,Serie A,,Lazio,Como,1.8716499037054273,0.877426322516961
2025-01-11,2024_25,Bundesliga,,Freiburg,Holstein Kiel,1.7875446638837111,0.910794912477069
2025-01-11,2024_25,Bundesliga,,Heidenheim,Union Berlin,1.4559622189587562,1.2240367661674094
2025-01-11,2024_25,Bundesliga,,Hoffenheim,Wolfsburg,1.3796555782900688,1.3137462136737066
2025-01-11,2024_25,Bundesliga,,M'gladbach,Bayern Munich,0.8321171730233125,2.0445307241035984
2025-01-11,2024_25,Bundesliga,,Mainz,Bochum,2.015609974507063,0.8257406707748096
2025-01-11,2024_25,Bundesliga,,St Pauli,Ein Frankfurt,1.1117391142327502,1.5923514886871601
2025-01-11,2024_25,La Liga,,Alaves,Girona,1.2953812053741574,1.3966899862342568
2025-01-11,2024_25,La Liga,,Espanol,Leganes,1.3835783860895339,1.1774281878577268
2025-01-11,2024_25,La Liga,,Sevilla,Valencia,1.5891459222143176,1.0789296279547254
2025-01-11,2024_25,La Liga,,Valladolid,Betis,1.0705102060064144,1.7069429245140715
2025-01-11,2024_25,Ligue 1,,Brest,Lyon,1.3311749263989199,1.356238815675133
2025-01-11,2024_25,Ligue 1,,Reims,Nice,1.2853752872056534,1.30923849351746
2025-01-11,2024_25,Ligue 1,,Rennes,Marseille,1.215131321511565,1.4546512588438594
2025-01-11,2024_25,Serie A,,Empoli,Lecce,1.7054737877872006,0.970090089433676
2025-01-11,2024_25,Serie A,,Milan,Cagliari,2.154872668527039,0.7214880099367826
2025-01-11,2024_25,Serie A,,Torino,Juventus,1.0406842373480123,1.6896466572365305
2025-01-11,2024_25,Serie A,,Udinese,Atalanta,0.9655730328766415,1.7676536296145495
2025-01-12,2024_25,Bundesliga,,Augsburg,Stuttgart,1.0514529069075107,1.721011322068999
2025-01-12,2024_25,Bundesliga,,RB Leipzig,Werder Bremen,1.7251071049781506,1.0127364162734005
2025-01-12,2024_25,La Liga,,Ath Madrid,Osasuna,2.2961376744741973,0.7316049965860935
2025-01-12,2024_25,La Liga,,Las Palmas,Getafe,1.4766833798663737,1.1510678998324602
2025-01-12,2024_25,Ligue 1,,Le Havre,Lens,1.0066400828252509,1.7021081416885477
2025-01-12,2024_25,Ligue 1,,Montpellier,Angers,1.7148179142184297,1.0103037938756885
2025-01-12,2024_25,Ligue 1,,Paris SG,St Etienne,3.0401989032555528,0.5474167063287393
2025-01-12,2024_25,Ligue 1,,Toulouse,Strasbourg,1.4370302353408502,1.1657436420331457
2025-01-12,2024_25,Serie A,,Bologna,Roma,1.4633837194401653,1.227052281851963
2025-01-12,2024_25,Serie A,,Genoa,Parma,1.7690826583828094,0.9601151187669075
2025-01-12,2024_25,Serie A,,Napoli,Verona,2.095009105671378,0.7615523660440909
2025-01-12,2024_25,Serie A,,Venezia,Inter,0.664550912949003,2.632268058045818
2025-01-13,2024_25,La Liga,,Sociedad,Villarreal,1.3616466152551563,1.2873602844779686
2025-01-13,2024_25,Serie A,,Monza,Fiorentina,1.1069488442968765,1.6052951537367308
2025-01-14,2024_25,Bundesliga,,Ein Frankfurt,Freiburg,1.7758870819938197,0.981757682189956
2025-01-14,2024_25,Bundesliga,,Holstein Kiel,Dortmund,0.8697579884956348,2.0974895365759814
2025-01-14,2024_25,Bundesliga,,Leverkusen,Mainz,2.142384026693161,0.7638356470142649
2025-01-14,2024_25,Bundesliga,,Wolfsburg,M'gladbach,1.5499753890424104,1.2124360443364208
2025-01-14,2024_25,Premier League,,Brentford,Man City,1.0154281381055108,1.8551208137419817
2025-01-14,2024_25,Premier League,,Chelsea,Bournemouth,1.7461102087235043,0.9330539368705193
2025-01-14,2024_25,Premier League,,Nott'm Forest,Liverpool,0.8203959125643537,2.076749243876212
2025-01-14,2024_25,Premier League,,West Ham,Fulham,1.177910445661079,1.445580302664476
2025-01-14,2024_25,Serie A,,Atalanta,Juventus,1.5383278039440587,1.1546908407352816
2025-01-14,2024_25,Serie A,,Como,Milan,1.0711471218797617,1.685052130469542
2025-01-15,2024_25,Bundesliga,,Bayern Munich,Hoffenheim,2.8637060203210156,0.5967841398006556
2025-01-15,2024_25,Bundesliga,,Bochum,St Pauli,1.2591789717192363,1.2986346343087734
2025-01-15,2024_25,Bundesliga,,Stuttgart,RB Leipzig,1.5322706641020427,1.224216697657778
2025-01-15,2024_25,Bundesliga,,Union Berlin,Augsburg,1.5587561307907116,1.1167386311946876
2025-01-15,2024_25,Bundesliga,,Werder Bremen,Heidenheim,1.6943997371512918,0.9910931337614655
2025-01-15,2024_25,Premier League,,Arsenal,Tottenham,1.9159221689642996,0.8125545270478456
2025-01-15,2024_25,Premier League,,Everton,Aston Villa,1.2262636067568915,1.4263705865149365
2025-01-15,2024_25,Premier League,,Leicester,Crystal Palace,1.1670532675586114,1.3971745266096551
2025-01-15,2024_25,Premier League,,Newcastle,Wolves,2.0677795167218007,0.7776036316376274
2025-01-15,2024_25,Serie A,,Inter,Bologna,2.244289908156034,0.7304063808574977
2025-01-16,2024_25,Premier League,,Ipswich,Brighton,1.2123042540787246,1.422862272656576
2025-01-16,2024_25,Premier League,,Man United,Southampton,2.2779212516202643,0.6944139794009001
2025-01-17,2024_25,Bundesliga,,Ein Frankfurt,Dortmund,1.2863071398831696,1.362997956015379
2025-01-17,2024_25,La Liga,,Espanol,Valladolid,1.5739623325829901,1.0230433397965712
2025-01-17,2024_25,Ligue 1,,Lille,Nice,1.6497247333935947,1.0262002023936354
2025-01-17,2024_25,Ligue 1,,Montpellier,Monaco,1.018506705195049,1.803113041537191
2025-01-17,2024_25,Serie A,,Roma,Genoa,1.9167362892368924,0.9918791845929827
2025-01-18,2024_25,Bundesliga,,Bayern Munich,Wolfsburg,2.668281163648313,0.6777863141804001
2025-01-18,2024_25,Bundesliga,,Bochum,RB Leipzig,0.9602553939266006,1.8685263281226305
2025-01-18,2024_25,Bundesliga,,Heidenheim,St Pauli,1.537497607444067,1.0923856761257202
2025-01-18,2024_25,Bundesliga,,Holstein Kiel,Hoffenheim,1.4001239815192257,1.1849914122098733
2025-01-18,2024_25,Bundesliga,,Leverkusen,M'gladbach,2.56294376896219,0.7047100406380917
2025-01-18,2024_25,Bundesliga,,Stuttgart,Freiburg,1.940021397297359,0.9100947875648557
2025-01-18,2024_25,La Liga,,Betis,Alaves,1.6596230103586953,1.0031854886951392
2025-01-18,2024_25,La Liga,,Getafe,Barcelona,0.7255492367347744,2.254310423016447
2025-01-18,2024_25,La Liga,,Girona,Sevilla,1.631202446343842,1.0489723778874414
2025-01-18,2024_25,La Liga,,Leganes,Ath Madrid,0.8338645907199808,2.029813731376302
2025-01-18,2024_25,Ligue 1,,Lens,Paris SG,0.975162854190575,1.7081054928144892
2025-01-18,2024_25,Ligue 1,,Lyon,Toulouse,1.8828801837889557,0.9043080738927382
2025-01-18,2024_25,Ligue 1,,Rennes,Brest,1.457874325489234,1.267220688937438
2025-01-18,2024_25,Premier League,,Arsenal,Aston Villa,2.108681275587382,0.7810245408517461
2025-01-18,2024_25,Premier League,,Brentford,Liverpool,0.8610438854413193,2.0103404492490045
2025-01-18,2024_25,Premier League,,Leicester,Fulham,1.1064353992092604,1.5165969241874517
2025-01-18,2024_25,Premier League,,Newcastle,Bournemouth,1.7422105552238742,0.9563560350720818
2025-01-18,2024_25,Premier League,,West Ham,Crystal Palace,1.2641994365240619,1.350501084894392
2025-01-18,2024_25,Serie A,,Atalanta,Napoli,1.6032099953912748,1.0693713679485748
2025-01-18,2024_25,Serie A,,Bologna,Monza,1.8607563574970352,0.91858184922336
2025-01-18,2024_25,Serie A,,Juventus,Milan,1.5989796982473339,1.1171722185483648
2025-01-19,2024_25,Bundesliga,,Union Berlin,Mainz,1.134840575245803,1.4587511372445627
2025-01-19,2024_25,Bundesliga,,Werder Bremen,Augsburg,1.8152276114735664,1.01620848340793
2025-01-19,2024_25,La Liga,,Celta,Ath Bilbao,1.2320781465192325,1.4456800751607755
2025-01-19,2024_25,La Liga,,Osasuna,Vallecano,1.5731825205957002,1.1134661530191985
2025-01-19,2024_25,La Liga,,Real Madrid,Las Palmas,3.112996959417672,0.5439479762899425
2025-01-19,2024_25,La Liga,,Valencia,Sociedad,1.263002184401677,1.3746858785468958
2025-01-19,2024_25,Ligue 1,,Angers,Auxerre,1.2382611261461887,1.4122638955282556
2025-01-19,2024_25,Ligue 1,,Marseille,Strasbourg,1.801828044862426,0.8962792559564657
2025-01-19,2024_25,Ligue 1,,Reims,Le Havre,1.7821588689914498,0.9166434049568656
2025-01-19,2024_25,Ligue 1,,St Etienne,Nantes,1.3960272618937886,1.2439755201009237
2025-01-19,2024_25,Premier League,,Everton,Tottenham,1.114958332430418,1.5247385453820952
2025-01-19,2024_25,Premier League,,Ipswich,Man City,0.8256709114890147,2.42451735108914
2025-01-19,2024_25,Premier League,,Man United,Brighton,1.5581023529986442,1.0937885333430535
2025-01-19,2024_25,Premier League,,Nott'm Forest,Southampton,2.2148113850924696,0.7381519437204727
2025-01-19,2024_25,Serie A,,Cagliari,Lecce,1.4945188647693044,1.1095086690385563
2025-01-19,2024_25,Serie A,,Fiorentina,Torino,1.6304464745214546,0.9995273531658487
2025-01-19,2024_25,Serie A,,Inter,Empoli,2.768279562856804,0.5978570833694908
2025-01-19,2024_25,Serie A,,Parma,Venezia,1.520804607808543,1.2562517136370228
2025-01-19,2024_25,Serie A,,Verona,Lazio,1.049526843297431,1.538311528914654
2025-01-20,2024_25,La Liga,,Villarreal,Mallorca,1.8953805510381556,0.9322193808309022
2025-01-20,2024_25,Premier League,,Chelsea,Wolves,2.1104149951924147,0.7211903458670511
2025-01-20,2024_25,Serie A,,Como,Udinese,1.4381295991275922,1.2431562188275829
2025-01-21,2024_25,Champions League,league_phase,Atalanta,SK Sturm Graz (AUT),2.3640937318458732,0.7314667997600918
2025-01-21,2024_25,Champions League,league_phase,Ath Madrid,Leverkusen,1.4010621034017574,1.353820185654625
2025-01-21,2024_25,Champions League,league_phase,Bologna,Dortmund,1.3501186955858286,1.5027492689092181
2025-01-21,2024_25,Champions League,league_phase,Club Brugge KV (BEL),Juventus,1.0740257916885425,1.7510235302164792
2025-01-21,2024_25,Champions League,league_phase,FK Crvena Zvezda (SRB),PSV (NED),1.3878547944370399,1.7243869324087555
2025-01-21,2024_25,Champions League,league_phase,Liverpool,Lille,2.097162715832656,0.8241149908101509
2025-01-21,2024_25,Champions League,league_phase,Monaco,Aston Villa,1.8738352247804642,1.1420208904962414
2025-01-21,2024_25,Champions League,league_phase,Sport Lisboa e Benfica (POR),Barcelona,0.9348746968134196,1.9009955906929432
2025-01-21,2024_25,Champions League,league_phase,ŠK Slovan Bratislava (SVK),Stuttgart,0.9256346668168703,2.3483477657847907
2025-01-22,2024_25,Champions League,league_phase,AC Sparta Praha (CZE),Inter,0.740637988200819,2.749924262063278
2025-01-22,2024_25,Champions League,league_phase,Arsenal,GNK Dinamo Zagreb (CRO),2.394259675424464,0.726135636232094
2025-01-22,2024_25,Champions League,league_phase,Celtic FC (SCO),BSC Young Boys (SUI),1.7379637017029916,1.1582147508077667
2025-01-22,2024_25,Champions League,league_phase,FK Shakhtar Donetsk (UKR),Brest,1.3011126165714804,1.4377617281504969
2025-01-22,2024_25,Champions League,league_phase,Feyenoord Rotterdam (NED),Bayern Munich,0.8723571514931426,2.2928939384422287
2025-01-22,2024_25,Champions League,league_phase,Milan,Girona,1.7937082304879475,1.0771470783768224
2025-01-22,2024_25,Champions League,league_phase,Paris SG,Man City,1.5970283321151222,1.2979284866680358
2025-01-22,2024_25,Champions League,league_phase,RB Leipzig,Sporting Clube de Portugal (POR),1.7865091014684669,1.0498975818052538
2025-01-22,2024_25,Champions League,league_phase,Real Madrid,FC Red Bull Salzburg (AUT),3.6896499271925602,0.499847866374073
2025-01-24,2024_25,Bundesliga,,Wolfsburg,Holstein Kiel,1.8659279602408945,0.8215979634346895
2025-01-24,2024_25,La Liga,,Las Palmas,Osasuna,1.3017543257964808,1.3787412363200948
2025-01-24,2024_25,Ligue 1,,Auxerre,St Etienne,1.7466703318871657,1.0438449999480561
2025-01-24,2024_25,Serie A,,Torino,Cagliari,1.612490314279137,1.0375952951451053
2025-01-25,2024_25,Bundesliga,,Augsburg,Heidenheim,1.450401065953401,1.1651368726693512
2025-01-25,2024_25,Bundesliga,,Dortmund,Werder Bremen,1.932827809335525,0.9280382514342941
2025-01-25,2024_25,Bundesliga,,Freiburg,Bayern Munich,0.8680626997428241,2.3201206296915573
2025-01-25,2024_25,Bundesliga,,M'gladbach,Bochum,1.8273934377820433,0.9167645026408497
2025-01-25,2024_25,Bundesliga,,Mainz,Stuttgart,1.309686101309486,1.400813482111924
2025-01-25,2024_25,Bundesliga,,RB Leipzig,Leverkusen,1.1896300732468086,1.5855489668553402
2025-01-25,2024_25,La Liga,,Ath Madrid,Villarreal,1.8204458008410875,0.943196948225799
2025-01-25,2024_25,La Liga,,Mallorca,Betis,1.325447283539665,1.2997602841082234
2025-01-25,2024_25,La Liga,,Sevilla,Espanol,1.755381583484636,0.9434314043185862
2025-01-25,2024_25,La Liga,,Valladolid,Real Madrid,0.6294339949333428,3.1321565576255344
2025-01-25,2024_25,Ligue 1,,Monaco,Rennes,1.945386345969977,0.9507804309225459
2025-01-25,2024_25,Ligue 1,,Paris SG,Reims,2.5893862226306896,0.6693780327198898
2025-01-25,2024_25,Ligue 1,,Strasbourg,Lille,1.2029154380399167,1.460242277270892
2025-01-25,2024_25,Premier League,,Bournemouth,Nott'm Forest,1.4611956344568933,1.1275690803328198
2025-01-25,2024_25,Premier League,,Brighton,Everton,1.7626526454469627,0.9985605948481093
2025-01-25,2024_25,Premier League,,Liverpool,Ipswich,3.0975181032158337,0.4931060985906692
2025-01-25,2024_25,Premier League,,Man City,Chelsea,1.8232356045803382,0.9391279488061902
2025-01-25,2024_25,Premier League,,Southampton,Newcastle,0.7973817834381967,2.186361459461379
2025-01-25,2024_25,Premier League,,Wolves,Arsenal,0.7816591609081277,2.192558882908077
2025-01-25,2024_25,Serie A,,Como,Atalanta,0.9515277253154365,1.8136558735924118
2025-01-25,2024_25,Serie A,,Empoli,Bologna,1.1196995991125862,1.470788385071604
2025-01-25,2024_25,Serie A,,Napoli,Juventus,1.3641809109252179,1.2094168256449993
2025-01-26,2024_25,Bundesliga,,Hoffenheim,Ein Frankfurt,1.1783560190831563,1.6211508602165006
2025-01-26,2024_25,Bundesliga,,St Pauli,Union Berlin,1.4562974228366814,1.1139730104410768
2025-01-26,2024_25,La Liga,,Ath Bilbao,Leganes,1.9757301894778994,0.8636428052334018
2025-01-26,2024_25,La Liga,,Barcelona,Valencia,2.9012009692109393,0.6793377143065853
2025-01-26,2024_25,La Liga,,Sociedad,Getafe,1.7597375625914606,0.9675136491880142
2025-01-26,2024_25,La Liga,,Vallecano,Girona,1.3551632526716269,1.3922132063644308
2025-01-26,2024_25,Ligue 1,,Le Havre,Brest,1.108932169959234,1.584682091106406
2025-01-26,2024_25,Ligue 1,,Lens,Angers,2.05756476209724,0.8126426143515151
2025-01-26,2024_25,Ligue 1,,Nantes,Lyon,1.0637379416647277,1.6473596164492037
2025-01-26,2024_25,Ligue 1,,Nice,Marseille,1.3244277901779435,1.2917748851572688
2025-01-26,2024_25,Ligue 1,,Toulouse,Montpellier,1.67692487602511,1.0381507334092186
2025-01-26,2024_25,Premier League,,Aston Villa,West Ham,1.8845872858017054,0.9015111109214853
2025-01-26,2024_25,Premier League,,Crystal Palace,Brentford,1.488951473570652,1.174832715197293
2025-01-26,2024_25,Premier League,,Fulham,Man United,1.5009943122382188,1.1611036030089552
2025-01-26,2024_25,Premier League,,Tottenham,Leicester,2.1793500205506313,0.8055952018648885
2025-01-26,2024_25,Serie A,,Lazio,Fiorentina,1.4690129793823363,1.064259712542059
2025-01-26,2024_25,Serie A,,Lecce,Inter,0.6680315841670404,2.271199996764607
2025-01-26,2024_25,Serie A,,Milan,Parma,2.3071176465971717,0.7150866445917241
2025-01-26,2024_25,Serie A,,Udinese,Roma,1.1328053912847276,1.5148885673505108
2025-01-27,2024_25,La Liga,,Alaves,Celta,1.4242724626929697,1.2038086896023046
2025-01-27,2024_25,Serie A,,Genoa,Monza,1.5115573717204798,1.0745890921014722
2025-01-27,2024_25,Serie A,,Venezia,Verona,1.3931264355018955,1.195405762036967
2025-01-29,2024_25,Champions League,league_phase,Aston Villa,Celtic FC (SCO),2.133574870526999,0.9831400690860415
2025-01-29,2024_25,Champions League,league_phase,BSC Young Boys (SUI),FK Crvena Zvezda (SRB),1.4862090581964624,1.3572506085168494
2025-01-29,2024_25,Champions League,league_phase,Barcelona,Atalanta,1.9813644911396024,1.0538129486731869
2025-01-29,2024_25,Champions League,league_phase,Bayern Munich,ŠK Slovan Bratislava (SVK),3.74092223532523,0.4995543086387264
2025-01-29,2024_25,Champions League,league_phase,Brest,Real Madrid,0.8646430253379522,2.307918027268797
2025-01-29,2024_25,Champions League,league_phase,Dortmund,FK Shakhtar Donetsk (UKR),2.0774103387858993,0.8983595106983993
2025-01-29,2024_25,Champions League,league_phase,FC Red Bull Salzburg (AUT),Ath Madrid,0.7766214378626466,2.575059420787868
2025-01-29,2024_25,Champions League,league_phase,GNK Dinamo Zagreb (CRO),Milan,1.1122501806612821,1.7739997494511
2025-01-29,2024_25,Champions League,league_phase,Girona,Arsenal,1.0485166916863458,1.855469163331011
2025-01-29,2024_25,Champions League,league_phase,Inter,Monaco,2.0899699883663168,0.8660049337213516
2025-01-29,2024_25,Champions League,league_phase,Juventus,Sport Lisboa e Benfica (POR),2.0008490776839274,0.9608879893018581
2025-01-29,2024_25,Champions League,league_phase,Leverkusen,AC Sparta Praha (CZE),3.02126444305439,0.6216659676699804
2025-01-29,2024_25,Champions League,league_phase,Lille,Feyenoord Rotterdam (NED),1.66799681351012,1.0488245470852098
2025-01-29,2024_25,Champions League,league_phase,Man City,Club Brugge KV (BEL),2.6356672272593786,0.6695725146595202
2025-01-29,2024_25,Champions League,league_phase,PSV (NED),Liverpool,0.9579683113550073,2.1405019661064215
2025-01-29,2024_25,Champions League,league_phase,SK Sturm Graz (AUT),RB Leipzig,1.03415444482117,2.0287203441012593
2025-01-29,2024_25,Champions League,league_phase,Sporting Clube de Portugal (POR),Bologna,1.5154299869872374,1.3158852134472017
2025-01-29,2024_25,Champions League,league_phase,Stuttgart,Paris SG,1.1938000998419331,1.6330481450578105
2025-01-31,2024_25,Bundesliga,,Werder Bremen,Mainz,1.3563993095447933,1.2787368243754347
2025-01-31,2024_25,La Liga,,Leganes,Vallecano,1.3899198954366454,1.2321681294510904
2025-01-31,2024_25,Ligue 1,,Montpellier,Lens,1.1951301539490862,1.5186249120242636
2025-01-31,2024_25,Serie A,,Parma,Lecce,1.5452626455989733,1.1586085365762575
2025-02-01,2024_25,Bundesliga,,Bayern Munich,Holstein Kiel,2.993174085731731,0.529586192981904
2025-02-01,2024_25,Bundesliga,,Bochum,Freiburg,1.3206973291083575,1.4222597749502082
2025-02-01,2024_25,Bundesliga,,Heidenheim,Dortmund,1.0067201322772295,1.7347998106028673
2025-02-01,2024_25,Bundesliga,,St Pauli,Augsburg,1.5092078881588273,1.145422987345631
2025-02-01,2024_25,Bundesliga,,Stuttgart,M'gladbach,1.8922263172469707,0.9966750211870242
2025-02-01,2024_25,Bundesliga,,Union Berlin,RB Leipzig,1.046007313097454,1.6775823104142384
2025-02-01,2024_25,La Liga,,Ath Madrid,Mallorca,2.41098067065548,0.6780255807732954
2025-02-01,2024_25,La Liga,,Espanol,Real Madrid,0.650838567939096,2.6828289526399574
2025-02-01,2024_25,La Liga,,Getafe,Sevilla,1.3194972161659282,1.2751397598315704
2025-02-01,2024_25,La Liga,,Villarreal,Valladolid,2.5409991471695736,0.6794285542147679
2025-02-01,2024_25,Ligue 1,,Brest,Paris SG,0.8914245682698814,1.91224306495162
2025-02-01,2024_25,Ligue 1,,Lille,St Etienne,2.42862480431268,0.7342877692113112
2025-02-01,2024_25,Ligue 1,,Monaco,Auxerre,2.039149596973025,0.8591189164717689
2025-02-01,2024_25,Premier League,,Bournemouth,Liverpool,0.9460553425556811,1.751513441395794
2025-02-01,2024_25,Premier League,,Everton,Leicester,1.718145562507778,1.0616106718781941
2025-02-01,2024_25,Premier League,,Ipswich,Southampton,1.6754443084591717,1.0037001980979041
2025-02-01,2024_25,Premier League,,Newcastle,Fulham,1.7065896764757724,0.9747757778056717
2025-02-01,2024_25,Premier League,,Nott'm Forest,Brighton,1.3749071088025249,1.1522754131163409
2025-02-01,2024_25,Premier League,,Wolves,Aston Villa,1.0996205722308168,1.7325641517859998
2025-02-01,2024_25,Serie A,,Atalanta,Torino,2.1689152514652186,0.8209204757502352
2025-02-01,2024_25,Serie A,,Bologna,Como,1.814126333138085,0.9947679285544911
2025-02-01,2024_25,Serie A,,Monza,Verona,1.502913850475152,1.1417331781775657
2025-02-01,2024_25,Serie A,,Udinese,Venezia,1.6851318462518723,1.024402667467258
2025-02-02,2024_25,Bundesliga,,Ein Frankfurt,Wolfsburg,1.6762201660045655,1.086610395988299
2025-02-02,2024_25,Bundesliga,,Leverkusen,Hoffenheim,2.50523091797276,0.6538842730978301
2025-02-02,2024_25,La Liga,,Barcelona,Alaves,2.8600732770049118,0.6326620859223792
2025-02-02,2024_25,La Liga,,Betis,Ath Bilbao,1.2411701013526923,1.341472916140522
2025-02-02,2024_25,La Liga,,Osasuna,Sociedad,1.440579423607713,1.2292393900501306
2025-02-02,2024_25,La Liga,,Valencia,Celta,1.3646757070870188,1.3499863531603151
2025-02-02,2024_25,Ligue 1,,Angers,Le Havre,1.5135630487750589,1.1549976654742022
2025-02-02,2024_25,Ligue 1,,Marseille,Lyon,1.5483392542224934,1.1083537977127829
2025-02-02,2024_25,Ligue 1,,Reims,Nantes,1.6721386945440542,1.0336818047359466
2025-02-02,2024_25,Ligue 1,,Rennes,Strasbourg,1.4359515082551089,1.139856307428175
2025-02-02,2024_25,Ligue 1,,Toulouse,Nice,1.2446410810920618,1.4318494789569023
2025-02-02,2024_25,Premier League,,Arsenal,Man City,1.3547348836631798,1.2547117974854933
2025-02-02,2024_25,Premier League,,Brentford,Tottenham,1.311884648766068,1.2416185972768783
2025-02-02,2024_25,Premier League,,Man United,Crystal Palace,1.5020491208469942,1.1767809093709263
2025-02-02,2024_25,Serie A,,Fiorentina,Genoa,1.876740876721592,1.0181194449893924
2025-02-02,2024_25,Serie A,,Juventus,Empoli,2.048705943988326,0.7822922980666522
2025-02-02,2024_25,Serie A,,Milan,Inter,0.9414993636427975,1.6836534963121175
2025-02-02,2024_25,Serie A,,Roma,Napoli,1.3181583460352855,1.320707733922201
2025-02-03,2024_25,La Liga,,Girona,Las Palmas,1.8273180593081404,0.9595527985060137
2025-02-03,2024_25,Premier League,,Chelsea,West Ham,2.2271201412173895,0.760486859940047
2025-02-03,2024_25,Serie A,,Cagliari,Lazio,1.0918292122423732,1.6225322274892144
2025-02-06,2024_25,Serie A,,Fiorentina,Inter,0.9951463102675455,1.7609426574067941
2025-02-07,2024_25,Bundesliga,,Bayern Munich,Werder Bremen,2.4708337194510146,0.678399993119043
2025-02-07,2024_25,La Liga,,Vallecano,Valladolid,1.9331591703343711,0.8870239261716546
2025-02-07,2024_25,Ligue 1,,Nantes,Brest,1.328965849777344,1.399175416456197
2025-02-07,2024_25,Ligue 1,,Paris SG,Monaco,2.0355280659170107,0.8383907617585367
2025-02-07,2024_25,Serie A,,Como,Juventus,1.0818512046222981,1.7203084616001487
2025-02-08,2024_25,Bundesliga,,Dortmund,Stuttgart,1.656306821215839,1.1058544064100473
2025-02-08,2024_25,Bundesliga,,Freiburg,Heidenheim,1.5928103690188653,1.0769938217469583
2025-02-08,2024_25,Bundesliga,,Hoffenheim,Union Berlin,1.6541235907402725,1.0831166401992567
2025-02-08,2024_25,Bundesliga,,M'gladbach,Ein Frankfurt,1.2684235013971468,1.3480462068720656
2025-02-08,2024_25,Bundesliga,,Mainz,Augsburg,1.772008705737026,0.9921239776642665
2025-02-08,2024_25,Bundesliga,,Wolfsburg,Leverkusen,1.0369166652079795,1.756736409615782
2025-02-08,2024_25,La Liga,,Ath Bilbao,Girona,1.7625077605030137,1.0270062919226572
2025-02-08,2024_25,La Liga,,Celta,Betis,1.411010862008947,1.28372738581177
2025-02-08,2024_25,La Liga,,Las Palmas,Villarreal,0.9721684495619665,1.8534093549476318
2025-02-08,2024_25,La Liga,,Real Madrid,Ath Madrid,1.8713804931117441,0.8833015878871058
2025-02-08,2024_25,Ligue 1,,Lille,Le Havre,2.5313106350933112,0.6739940691901347
2025-02-08,2024_25,Ligue 1,,Nice,Lens,1.6157666215398536,1.154800225143595
2025-02-08,2024_25,Ligue 1,,St Etienne,Rennes,1.1775931943827844,1.506300931812566
2025-02-08,2024_25,Serie A,,Empoli,Milan,1.097947690742112,1.6096313896462862
2025-02-08,2024_25,Serie A,,Torino,Genoa,1.5742308705622379,1.122034310097586
2025-02-08,2024_25,Serie A,,Verona,Atalanta,0.8503832783074574,1.994289076518293
2025-02-09,2024_25,Bundesliga,,Holstein Kiel,Bochum,1.6181563681484072,1.0233082667291264
2025-02-09,2024_25,Bundesliga,,RB Leipzig,St Pauli,1.8482723928346882,0.8817124031409502
2025-02-09,2024_25,La Liga,,Alaves,Getafe,1.441944116738373,1.1364423324941362
2025-02-09,2024_25,La Liga,,Sevilla,Barcelona,0.7986389386277917,1.887559973365867
2025-02-09,2024_25,La Liga,,Sociedad,Espanol,1.8081397949199147,0.9900953289225933
2025-02-09,2024_25,La Liga,,Valencia,Leganes,1.4909474826951845,1.1704030509799483
2025-02-09,2024_25,Ligue 1,,Angers,Marseille,0.9479147199717038,1.7868455636516192
2025-02-09,2024_25,Ligue 1,,Auxerre,Toulouse,1.3631013386763702,1.2660201458560276
2025-02-09,2024_25,Ligue 1,,Lyon,Reims,1.7843154979167022,0.9317495548054947
2025-02-09,2024_25,Ligue 1,,Strasbourg,Montpellier,1.6927149823755447,1.0261454043612372
2025-02-09,2024_25,Serie A,,Cagliari,Parma,1.6351530050931173,1.0359730235369908
2025-02-09,2024_25,Serie A,,Lazio,Monza,1.9892155196001007,0.8108278561299437
2025-02-09,2024_25,Serie A,,Lecce,Bologna,1.1008411429982774,1.6009065927258137
2025-02-09,2024_25,Serie A,,Napoli,Udinese,2.016407060257376,0.7803286922071723
2025-02-09,2024_25,Serie A,,Venezia,Roma,1.0424910742672941,1.7166632937273671
2025-02-10,2024_25,La Liga,,Mallorca,Osasuna,1.3778299167324317,1.2574831502025487
2025-02-10,2024_25,Serie A,,Inter,Fiorentina,1.9122291568329244,0.7929379339876319
2025-02-11,2024_25,Champions League,playoff,Brest,Paris SG,0.90237925701303,2.1902197554188882
2025-02-11,2024_25,Champions League,playoff,Juventus,PSV (NED),1.8647802543684986,1.0351658019817254
2025-02-11,2024_25,Champions League,playoff,Man City,Real Madrid,1.3683575363265486,1.4215967620487862
2025-02-11,2024_25,Champions League,playoff,Sporting Clube de Portugal (POR),Dortmund,1.3599899547620107,1.5161577519755887
2025-02-12,2024_25,Champions League,playoff,Celtic FC (SCO),Bayern Munich,0.8752907553443803,2.723359374438867
2025-02-12,2024_25,Champions League,playoff,Club Brugge KV (BEL),Atalanta,0.993927683243127,1.8599866517121975
2025-02-12,2024_25,Champions League,playoff,Feyenoord Rotterdam (NED),Milan,1.3660253042601926,1.5298982835918211
2025-02-12,2024_25,Champions League,playoff,Monaco,Sport Lisboa e Benfica (POR),1.8242720239209735,1.1598082971434298
2025-02-12,2024_25,Premier League,,Everton,Liverpool,0.8070793358713698,2.2297715054878435
2025-02-14,2024_25,Bundesliga,,Augsburg,RB Leipzig,1.1977987464543922,1.533570873819316
2025-02-14,2024_25,La Liga,,Girona,Getafe,1.563163241330949,1.036061540806823
2025-02-14,2024_25,Ligue 1,,Brest,Auxerre,1.5213085484626514,1.048500198550356
2025-02-14,2024_25,Premier League,,Brighton,Chelsea,1.094444583276285,1.5889096857546638
2025-02-14,2024_25,Serie A,,Bologna,Torino,1.5398067847746197,1.0504102387104541
2025-02-15,2024_25,Bundesliga,,Bochum,Dortmund,0.9401844306242145,2.032557775470313
2025-02-15,2024_25,Bundesliga,,Leverkusen,Bayern Munich,1.4384939428893475,1.344380785701544
2025-02-15,2024_25,Bundesliga,,St Pauli,Freiburg,1.4793928876263263,1.2472701259688936
2025-02-15,2024_25,Bundesliga,,Stuttgart,Wolfsburg,1.5185962020859503,1.1351735212314829
2025-02-15,2024_25,Bundesliga,,Union Berlin,M'gladbach,1.332551713669049,1.309200754534189
2025-02-15,2024_25,La Liga,,Ath Madrid,Celta,2.2503818701665077,0.7061759059064859
2025-02-15,2024_25,La Liga,,Leganes,Alaves,1.320370173764664,1.2124172289409858
2025-02-15,2024_25,La Liga,,Osasuna,Real Madrid,0.8580045161117091,2.336875452982034
2025-02-15,2024_25,La Liga,,Villarreal,Valencia,2.195295643600015,0.792821834691834
2025-02-15,2024_25,Ligue 1,,Marseille,St Etienne,2.347173798045046,0.7661004377026834
2025-02-15,2024_25,Ligue 1,,Monaco,Nantes,2.0635937421632646,0.8339226227450048
2025-02-15,2024_25,Ligue 1,,Toulouse,Paris SG,0.8341411447233904,2.1548750301248525
2025-02-15,2024_25,Premier League,,Aston Villa,Ipswich,2.050620406188608,0.7843911988877593
2025-02-15,2024_25,Premier League,,Crystal Palace,Everton,1.5850170436101383,1.035119072040995
2025-02-15,2024_25,Premier League,,Fulham,Nott'm Forest,1.418370531018142,1.2907002794419185
2025-02-15,2024_25,Premier League,,Leicester,Arsenal,0.7079550912052451,2.538731303837442
2025-02-15,2024_25,Premier League,,Man City,Newcastle,1.7334052851525292,0.8926360457924452
2025-02-15,2024_25,Premier League,,Southampton,Bournemouth,0.8232676049767574,1.9956237154167176
2025-02-15,2024_25,Premier League,,West Ham,Brentford,1.2977425915220413,1.2921900347291122
2025-02-15,2024_25,Serie A,,Atalanta,Cagliari,2.3967187015590303,0.6996498614630082
2025-02-15,2024_25,Serie A,,Lazio,Napoli,1.310684392000494,1.2807265412438542
2025-02-15,2024_25,Serie A,,Milan,Verona,2.035416937258253,0.7594790345790255
2025-02-16,2024_25,Bundesliga,,Ein Frankfurt,Holstein Kiel,2.0872048155346836,0.8220896037364218
2025-02-16,2024_25,Bundesliga,,Heidenheim,Mainz,1.1697953919183042,1.4052144624361296
2025-02-16,2024_25,Bundesliga,,Werder Bremen,Hoffenheim,1.5995473990094253,0.9813337124876842
2025-02-16,2024_25,La Liga,,Betis,Sociedad,1.4791267098124754,1.13394092790906
2025-02-16,2024_25,La Liga,,Espanol,Ath Bilbao,1.0585843814275897,1.6324625259707426
2025-02-16,2024_25,La Liga,,Mallorca,Las Palmas,1.5253597665746563,1.0467489612502783
2025-02-16,2024_25,La Liga,,Valladolid,Sevilla,1.1126893891674012,1.680058854221932
2025-02-16,2024_25,Ligue 1,,Le Havre,Nice,0.9972344272360997,1.6700329611781586
2025-02-16,2024_25,Ligue 1,,Lens,Strasbourg,1.509421741134286,1.0180337450142474
2025-02-16,2024_25,Ligue 1,,Montpellier,Lyon,1.017628569480962,1.6740411687813144
2025-02-16,2024_25,Ligue 1,,Reims,Angers,1.7746210686277089,1.016701436660834
2025-02-16,2024_25,Ligue 1,,Rennes,Lille,1.2709744219849042,1.5120335927028024
2025-02-16,2024_25,Premier League,,Liverpool,Wolves,2.8564139093638428,0.5602451100326091
2025-02-16,2024_25,Premier League,,Tottenham,Man United,1.6220959849895225,1.0528776560843234
2025-02-16,2024_25,Serie A,,Fiorentina,Como,2.0286082777275456,0.9098000916970861
2025-02-16,2024_25,Serie A,,Juventus,Inter,1.2054240421234104,1.391036507949915
2025-02-16,2024_25,Serie A,,Monza,Lecce,1.5003162062925062,1.1969180032323974
2025-02-16,2024_25,Serie A,,Parma,Roma,1.0297992712800113,1.8558600907579068
2025-02-16,2024_25,Serie A,,Udinese,Empoli,1.4943692619868554,1.06305769154265
2025-02-17,2024_25,La Liga,,Barcelona,Vallecano,2.668478668889345,0.6326362517324753
2025-02-17,2024_25,Serie A,,Genoa,Venezia,1.817582743538167,0.9886798358313865
2025-02-18,2024_25,Champions League,playoff,Atalanta,Club Brugge KV (BEL),2.2302982956584345,0.7914921700527556
2025-02-18,2024_25,Champions League,playoff,Bayern Munich,Celtic FC (SCO),3.2295070452063763,0.6228969231558611
2025-02-18,2024_25,Champions League,playoff,Milan,Feyenoord Rotterdam (NED),1.7093844104904792,1.0043253974277746
2025-02-18,2024_25,Champions League,playoff,Sport Lisboa e Benfica (POR),Monaco,1.4213172481535223,1.5618426289310379
2025-02-19,2024_25,Champions League,playoff,Dortmund,Sporting Clube de Portugal (POR),1.9338644550555035,0.946025393528221
2025-02-19,2024_25,Champions League,playoff,PSV (NED),Juventus,1.3343688292763103,1.5509135874810134
2025-02-19,2024_25,Champions League,playoff,Paris SG,Brest,2.6686981629960536,0.6979653701442087
2025-02-19,2024_25,Champions League,playoff,Real Madrid,Man City,1.8137268970513671,1.1292752904703054
2025-02-19,2024_25,Premier League,,Aston Villa,Liverpool,0.9211230358725278,1.8147788078011662
2025-02-21,2024_25,Bundesliga,,Freiburg,Werder Bremen,1.4783528082833433,1.2015589171583507
2025-02-21,2024_25,La Liga,,Celta,Osasuna,1.4781545377385956,1.1997770119961222
2025-02-21,2024_25,Ligue 1,,Rennes,Reims,1.5736783423377045,1.0131966509366472
2025-02-21,2024_25,Premier League,,Leicester,Brentford,1.0862784622519523,1.535641266162813
2025-02-21,2024_25,Serie A,,Lecce,Udinese,1.223294371991203,1.3496505606524583
2025-02-22,2024_25,Bundesliga,,Dortmund,Union Berlin,2.0429540974376574,0.8329021626293742
2025-02-22,2024_25,Bundesliga,,Holstein Kiel,Leverkusen,0.8483982987151186,2.2425498072959953
2025-02-22,2024_25,Bundesliga,,M'gladbach,Augsburg,1.6493374664144254,1.0523255333595922
2025-02-22,2024_25,Bundesliga,,Mainz,St Pauli,1.7749421573613817,0.9398491709473057
2025-02-22,2024_25,Bundesliga,,Wolfsburg,Bochum,1.9763557625105792,0.8476019702489814
2025-02-22,2024_25,La Liga,,Alaves,Espanol,1.5459838452068073,1.0610255731945715
2025-02-22,2024_25,La Liga,,Las Palmas,Barcelona,0.6834960104929991,2.560431150010575
2025-02-22,2024_25,La Liga,,Valencia,Ath Madrid,0.8850209626715485,1.9694734115018802
2025-02-22,2024_25,La Liga,,Vallecano,Villarreal,1.1255477006652694,1.5881309363368696
2025-02-22,2024_25,Ligue 1,,Auxerre,Marseille,1.0946606401860626,1.6810621265618197
2025-02-22,2024_25,Ligue 1,,Lille,Monaco,1.666639755717823,1.179537483849897
2025-02-22,2024_25,Ligue 1,,St Etienne,Angers,1.4416349969010003,1.2186956254150636
2025-02-22,2024_25,Premier League,,Arsenal,West Ham,2.599036450810362,0.6476719068257069
2025-02-22,2024_25,Premier League,,Aston Villa,Chelsea,1.3173967271751836,1.3011949419938977
2025-02-22,2024_25,Premier League,,Bournemouth,Wolves,1.9447396226227442,0.8134044737997912
2025-02-22,2024_25,Premier League,,Everton,Man United,1.4858162154530294,1.2811727356204043
2025-02-22,2024_25,Premier League,,Fulham,Crystal Palace,1.4494985631510224,1.1551120406843738
2025-02-22,2024_25,Premier League,,Ipswich,Tottenham,0.9763174218333216,1.7224755682174488
2025-02-22,2024_25,Premier League,,Southampton,Brighton,0.9785821509157164,1.6584021623373126
2025-02-22,2024_25,Serie A,,Inter,Genoa,2.3885907317981143,0.69415648244769
2025-02-22,2024_25,Serie A,,Parma,Bologna,1.0473587452097404,1.8039833672939054
2025-02-22,2024_25,Serie A,,Torino,Milan,1.2517076912281224,1.4211567985616176
2025-02-22,2024_25,Serie A,,Venezia,Lazio,0.9289262501523055,1.9072260740581224
2025-02-23,2024_25,Bundesliga,,Bayern Munich,Ein Frankfurt,2.089429850308757,0.8198338415576194
2025-02-23,2024_25,Bundesliga,,Hoffenheim,Stuttgart,1.240085736696843,1.5176466427935886
2025-02-23,2024_25,Bundesliga,,RB Leipzig,Heidenheim,2.062116125822461,0.8227381740480706
2025-02-23,2024_25,La Liga,,Ath Bilbao,Valladolid,2.4477276936213093,0.6347738680118581
2025-02-23,2024_25,La Liga,,Getafe,Betis,1.3394459945540793,1.3289578405244769
2025-02-23,2024_25,La Liga,,Real Madrid,Girona,2.8489629998569193,0.6625966128170419
2025-02-23,2024_25,La Liga,,Sociedad,Leganes,1.635394671026339,1.017964927074538
2025-02-23,2024_25,Ligue 1,,Le Havre,Toulouse,1.1436118608685346,1.3970640064575786
2025-02-23,2024_25,Ligue 1,,Lyon,Paris SG,1.046397634200595,1.7266620805801183
2025-02-23,2024_25,Ligue 1,,Nantes,Lens,1.1213702436348045,1.589816172422544
2025-02-23,2024_25,Ligue 1,,Nice,Montpellier,2.182601547483053,0.7884554187552718
2025-02-23,2024_25,Ligue 1,,Strasbourg,Brest,1.6173378340637266,1.1171351776799938
2025-02-23,2024_25,Premier League,,Man City,Liverpool,1.3011057734995162,1.2065728550290917
2025-02-23,2024_25,Premier League,,Newcastle,Nott'm Forest,1.6288593418670154,1.1431748611497323
2025-02-23,2024_25,Serie A,,Cagliari,Juventus,1.0492744171506923,1.7421016490792396
2025-02-23,2024_25,Serie A,,Como,Napoli,1.0337616216921406,1.675609418452921
2025-02-23,2024_25,Serie A,,Empoli,Atalanta,0.8729946087152655,1.989585584608548
2025-02-23,2024_25,Serie A,,Verona,Fiorentina,0.9760809541396795,1.5974375576085635
2025-02-24,2024_25,La Liga,,Sevilla,Mallorca,1.5633823158284372,1.0296019637380007
2025-02-24,2024_25,Serie A,,Roma,Monza,2.1761519027711236,0.8199860903567133
2025-02-25,2024_25,Premier League,,Brighton,Bournemouth,1.2948637516266626,1.3221708976725428
2025-02-25,2024_25,Premier League,,Chelsea,Southampton,2.7298282036791863,0.6096007266837099
2025-02-25,2024_25,Premier League,,Crystal Palace,Aston Villa,1.433797487600552,1.2488079331442719
2025-02-25,2024_25,Premier League,,Wolves,Fulham,1.2343971695108995,1.417509147162967
2025-02-26,2024_25,Premier League,,Brentford,Everton,1.554091862324537,1.1112489053310617
2025-02-26,2024_25,Premier League,,Liverpool,Newcastle,2.121933837802208,0.8298043837140766
2025-02-26,2024_25,Premier League,,Man United,Ipswich,1.8788486945376186,0.8594337727161593
2025-02-26,2024_25,Premier League,,Nott'm Forest,Arsenal,1.0437722263897893,1.63785247744901
2025-02-26,2024_25,Premier League,,Tottenham,Man City,1.2298390187934192,1.5655907301946987
2025-02-27,2024_25,Premier League,,West Ham,Leicester,1.7620905825356923,0.9619555965184428
2025-02-27,2024_25,Serie A,,Bologna,Milan,1.4534304132333218,1.3093832903771483
2025-02-28,2024_25,Bundesliga,,Stuttgart,Bayern Munich,1.0656972856501659,1.942206507848508
2025-02-28,2024_25,La Liga,,Valladolid,Las Palmas,1.2451912314862528,1.4888198660493572
2025-02-28,2024_25,Ligue 1,,Monaco,Reims,2.099813406392815,0.7858824911191044
2025-02-28,2024_25,Serie A,,Fiorentina,Lecce,1.996010772686329,0.8450106942279018
2025-03-01,2024_25,Bundesliga,,Bochum,Hoffenheim,1.30256163844319,1.3276032214688647
2025-03-01,2024_25,Bundesliga,,Ein Frankfurt,Leverkusen,1.1590390119576528,1.7039511026028735
2025-03-01,2024_25,Bundesliga,,Heidenheim,M'gladbach,1.280583936460585,1.3355899236655657
2025-03-01,2024_25,Bundesliga,,RB Leipzig,Mainz,1.575070160339737,1.0119585109025255
2025-03-01,2024_25,Bundesliga,,St Pauli,Dortmund,0.9963386699473858,1.8445356199333118
2025-03-01,2024_25,Bundesliga,,Werder Bremen,Wolfsburg,1.249673321572843,1.338859821943209
2025-03-01,2024_25,La Liga,,Ath Madrid,Ath Bilbao,1.8284843662194543,0.9592530797612075
2025-03-01,2024_25,La Liga,,Betis,Real Madrid,0.8875252931905475,2.0468452592667
2025-03-01,2024_25,La Liga,,Girona,Celta,1.5044216542850657,1.1401349156591027
2025-03-01,2024_25,La Liga,,Vallecano,Sevilla,1.3334446822769472,1.2900765177154885
2025-03-01,2024_25,Ligue 1,,Lens,Le Havre,1.9219598990804747,0.8395848177619438
2025-03-01,2024_25,Ligue 1,,Paris SG,Lille,2.0492058492051375,0.827658372495447
2025-03-01,2024_25,Ligue 1,,St Etienne,Nice,0.9716965357631488,1.9288214247316422
2025-03-01,2024_25,Serie A,,Atalanta,Venezia,2.624845882245497,0.5801132667181055
2025-03-01,2024_25,Serie A,,Napoli,Inter,1.173762373652321,1.3428477821895224
2025-03-01,2024_25,Serie A,,Udinese,Parma,1.8323028862753383,0.9145519301263569
2025-03-02,2024_25,Bundesliga,,Augsburg,Freiburg,1.444008323492818,1.310614830082675
2025-03-02,2024_25,Bundesliga,,Union Berlin,Holstein Kiel,1.4392810898232153,1.1197078633288888
2025-03-02,2024_25,La Liga,,Barcelona,Sociedad,2.4972943247922657,0.6775639784676472
2025-03-02,2024_25,La Liga,,Leganes,Getafe,1.335474815914744,1.2662983442708737
2025-03-02,2024_25,La Liga,,Mallorca,Alaves,1.5131074442182808,1.0810548942638627
2025-03-02,2024_25,La Liga,,Osasuna,Valencia,1.709282677626394,1.0851756322044988
2025-03-02,2024_25,Ligue 1,,Angers,Toulouse,1.18389642462512,1.4706226609639306
2025-03-02,2024_25,Ligue 1,,Auxerre,Strasbourg,1.405223822532962,1.258613679369393
2025-03-02,2024_25,Ligue 1,,Lyon,Brest,2.0753637661692057,0.906972918310891
2025-03-02,2024_25,Ligue 1,,Marseille,Nantes,2.213073173146895,0.7915349170042949
2025-03-02,2024_25,Ligue 1,,Montpellier,Rennes,1.2296292668405109,1.4455447923591953
2025-03-02,2024_25,Serie A,,Bologna,Cagliari,1.9694159256226436,0.9403967881886408
2025-03-02,2024_25,Serie A,,Genoa,Empoli,1.7170283110459459,0.940006200666215
2025-03-02,2024_25,Serie A,,Milan,Lazio,1.3811975512486914,1.2332018918649865
2025-03-02,2024_25,Serie A,,Monza,Torino,1.1403151718749578,1.5659586044168754
2025-03-02,2024_25,Serie A,,Roma,Como,1.9156079954589176,0.9310211924588481
2025-03-03,2024_25,Serie A,,Juventus,Verona,2.3355556191105795,0.7105970240726766
2025-03-04,2024_25,Champions League,round_of_16,Club Brugge KV (BEL),Aston Villa,1.3813952923364026,1.330449607916674
2025-03-04,2024_25,Champions League,round_of_16,Dortmund,Lille,1.6704885979364659,1.2157436798098282
2025-03-04,2024_25,Champions League,round_of_16,PSV (NED),Arsenal,1.125780346489131,1.7356400656036721
2025-03-04,2024_25,Champions League,round_of_16,Real Madrid,Ath Madrid,1.7236529058011503,1.0368083648143416
2025-03-05,2024_25,Champions League,round_of_16,Bayern Munich,Leverkusen,1.7148628824457313,1.143342564432125
2025-03-05,2024_25,Champions League,round_of_16,Feyenoord Rotterdam (NED),Inter,1.0423867721738092,1.8565701515395063
2025-03-05,2024_25,Champions League,round_of_16,Paris SG,Liverpool,1.6712471877820076,1.0988050851679882
2025-03-05,2024_25,Champions League,round_of_16,Sport Lisboa e Benfica (POR),Barcelona,0.9488613822108902,2.081168479961698
2025-03-07,2024_25,Bundesliga,,M'gladbach,Mainz,1.3213182401460366,1.2402094028864536
2025-03-07,2024_25,Ligue 1,,Toulouse,Monaco,1.273437682756789,1.4982287516005395
2025-03-07,2024_25,Serie A,,Cagliari,Genoa,1.401187637174756,1.3067777107308691
2025-03-08,2024_25,Bundesliga,,Bayern Munich,Bochum,3.294556104140881,0.49951651222486687
2025-03-08,2024_25,Bundesliga,,Dortmund,Augsburg,1.9570615466299077,0.865465852466755
2025-03-08,2024_25,Bundesliga,,Freiburg,RB Leipzig,1.3076344542114133,1.3496410442642413
2025-03-08,2024_25,Bundesliga,,Holstein Kiel,Stuttgart,1.113551780237914,1.6168180068787652
2025-03-08,2024_25,Bundesliga,,Leverkusen,Werder Bremen,2.6515422651272322,0.7047124888311331
2025-03-08,2024_25,Bundesliga,,Wolfsburg,St Pauli,1.8450706353642414,0.937041071861276
2025-03-08,2024_25,La Liga,,Alaves,Villarreal,1.0616193418876942,1.6839577722337191
2025-03-08,2024_25,La Liga,,Celta,Leganes,1.6428368829124544,1.0345382368696052
2025-03-08,2024_25,La Liga,,Valencia,Valladolid,1.9250020402237547,0.8248587020404193
2025-03-08,2024_25,Ligue 1,,Lille,Montpellier,2.459281150159739,0.6980168943291012
2025-03-08,2024_25,Ligue 1,,Marseille,Lens,1.8197730392047444,0.9819499296134699
2025-03-08,2024_25,Ligue 1,,Rennes,Paris SG,0.7920730450031951,2.177247954625467
2025-03-08,2024_25,Premier League,,Brentford,Aston Villa,1.3647632478077525,1.2326786999094699
2025-03-08,2024_25,Premier League,,Brighton,Fulham,1.4713639004888561,1.1613273115151166
2025-03-08,2024_25,Premier League,,Crystal Palace,Ipswich,2.0200312616545637,0.7998011387315825
2025-03-08,2024_25,Premier League,,Liverpool,Southampton,3.7373923457907012,0.41298666390046024
2025-03-08,2024_25,Premier League,,Nott'm Forest,Man City,1.1836818182980515,1.5816090939429543
2025-03-08,2024_25,Premier League,,Wolves,Everton,1.3274303574812134,1.425761737063206
2025-03-08,2024_25,Serie A,,Como,Venezia,1.7443999238228363,0.9746926377145603
2025-03-08,2024_25,Serie A,,Inter,Monza,2.973560813099085,0.5394545532839449
2025-03-08,2024_25,Serie A,,Lecce,Milan,1.029738492435869,1.6272037393447782
2025-03-08,2024_25,Serie A,,Parma,Torino,1.1334500132844347,1.5970401174869115
2025-03-09,2024_25,Bundesliga,,Ein Frankfurt,Union Berlin,2.0920403550239546,0.8912091773656864
2025-03-09,2024_25,Bundesliga,,Hoffenheim,Heidenheim,1.6003785192010396,1.0705479559461648
2025-03-09,2024_25,La Liga,,Ath Bilbao,Mallorca,2.090340791866539,0.8732879284007965
2025-03-09,2024_25,La Liga,,Betis,Las Palmas,1.9922566288857373,0.9047331308167235
2025-03-09,2024_25,La Liga,,Getafe,Ath Madrid,0.8584569374304571,1.8980448308644176
2025-03-09,2024_25,La Liga,,Real Madrid,Vallecano,2.8600645828130262,0.6452124918951578
2025-03-09,2024_25,La Liga,,Sociedad,Sevilla,1.437122715572889,1.216679502952759
2025-03-09,2024_25,Ligue 1,,Brest,Angers,1.7937000494608015,0.967044013581818
2025-03-09,2024_25,Ligue 1,,Le Havre,St Etienne,1.5139463429673545,1.1518764290423
2025-03-09,2024_25,Ligue 1,,Nantes,Strasbourg,1.2450615835680185,1.48794502578603
2025-03-09,2024_25,Ligue 1,,Nice,Lyon,1.4668117419175906,1.135755324148036
2025-03-09,2024_25,Ligue 1,,Reims,Auxerre,1.3590533519856642,1.2929729402889676
2025-03-09,2024_25,Premier League,,Chelsea,Leicester,2.5779435139930773,0.680349365012236
2025-03-09,2024_25,Premier League,,Man United,Arsenal,0.9150294276209114,1.8987599857065014
2025-03-09,2024_25,Premier League,,Tottenham,Bournemouth,1.4288252981263427,1.1493273903342118
2025-03-09,2024_25,Serie A,,Empoli,Roma,1.028521161271705,1.7898789456057123
2025-03-09,2024_25,Serie A,,Juventus,Atalanta,1.3867748433190814,1.2215544627513744
2025-03-09,2024_25,Serie A,,Napoli,Fiorentina,1.6443194800324128,0.9316271374467194
2025-03-09,2024_25,Serie A,,Verona,Bologna,1.0846814751969944,1.5414519834141296
2025-03-10,2024_25,La Liga,,Espanol,Girona,1.3766417605263352,1.3435634976096356
2025-03-10,2024_25,Premier League,,West Ham,Newcastle,1.1595867371600241,1.4719595490407607
2025-03-10,2024_25,Serie A,,Lazio,Udinese,1.900528781806949,0.9087318035417933
2025-03-11,2024_25,Champions League,round_of_16,Barcelona,Sport Lisboa e Benfica (POR),2.4907423862507763,0.7665187982795865
2025-03-11,2024_25,Champions League,round_of_16,Inter,Feyenoord Rotterdam (NED),2.423247172593198,0.7485902103363767
2025-03-11,2024_25,Champions League,round_of_16,Leverkusen,Bayern Munich,1.4361656674298013,1.6104779878185118
2025-03-11,2024_25,Champions League,round_of_16,Liverpool,Paris SG,1.4471733086503749,1.393277143464941
2025-03-12,2024_25,Champions League,round_of_16,Arsenal,PSV (NED),2.458634880594074,0.7855591716092074
2025-03-12,2024_25,Champions League,round_of_16,Aston Villa,Club Brugge KV (BEL),1.7793508393029311,1.0483066084011274
2025-03-12,2024_25,Champions League,round_of_16,Ath Madrid,Real Madrid,1.3658645796391073,1.3347452241163538
2025-03-12,2024_25,Champions League,round_of_16,Lille,Dortmund,1.6486078766377206,1.3045255541832665
2025-03-14,2024_25,Bundesliga,,St Pauli,Hoffenheim,1.3752888777165375,1.221678075077282
2025-03-14,2024_25,La Liga,,Las Palmas,Alaves,1.2773425259677709,1.2892706757984105
2025-03-14,2024_25,Ligue 1,,Nice,Auxerre,1.767177774700186,0.8721605313330166
2025-03-14,2024_25,Serie A,,Genoa,Lecce,1.7335825491078667,1.0268588868040314
2025-03-15,2024_25,Bundesliga,,Augsburg,Wolfsburg,1.256568516899145,1.2820324692489418
2025-03-15,2024_25,Bundesliga,,Mainz,Freiburg,1.7285429554916765,1.1194839928343545
2025-03-15,2024_25,Bundesliga,,RB Leipzig,Dortmund,1.3329942632801237,1.335070938370744
2025-03-15,2024_25,Bundesliga,,Union Berlin,Bayern Munich,0.7396031491958865,2.7196542540862745
2025-03-15,2024_25,Bundesliga,,Werder Bremen,M'gladbach,1.4098556722368407,1.3133031203276275
2025-03-15,2024_25,La Liga,,Girona,Valencia,1.6540671321344529,1.0658765842491904
2025-03-15,2024_25,La Liga,,Mallorca,Espanol,1.605738313702419,1.0787645986294232
2025-03-15,2024_25,La Liga,,Valladolid,Celta,1.0682157605944356,1.6330862221717457
2025-03-15,2024_25,La Liga,,Villarreal,Real Madrid,1.0388207539343277,1.6642932860460502
2025-03-15,2024_25,Ligue 1,,Angers,Monaco,0.9499205050622653,2.0558291178576913
2025-03-15,2024_25,Ligue 1,,Lens,Rennes,1.47635483702413,1.1306787490882815
2025-03-15,2024_25,Ligue 1,,Nantes,Lille,0.999628747521318,1.8124806208408921
2025-03-15,2024_25,Premier League,,Bournemouth,Brentford,1.475435969240228,1.0717334668757375
2025-03-15,2024_25,Premier League,,Everton,West Ham,1.6401639968419728,1.1129900007753073
2025-03-15,2024_25,Premier League,,Ipswich,Nott'm Forest,1.0176662632806572,1.7906320073350603
2025-03-15,2024_25,Premier League,,Man City,Brighton,1.9290042372230753,0.8299422745761985
2025-03-15,2024_25,Premier League,,Southampton,Wolves,1.0770462577193045,1.4745718691874896
2025-03-15,2024_25,Serie A,,Milan,Como,1.770297627651723,0.8930095371944465
2025-03-15,2024_25,Serie A,,Monza,Parma,1.4475684601710255,1.2187727886982789
2025-03-15,2024_25,Serie A,,Torino,Empoli,1.833510718846045,0.8802954632493841
2025-03-15,2024_25,Serie A,,Udinese,Verona,1.7742762657424742,0.9178152416359587
2025-03-16,2024_25,Bundesliga,,Bochum,Ein Frankfurt,1.1244592638183206,1.6121680514034835
2025-03-16,2024_25,Bundesliga,,Heidenheim,Holstein Kiel,1.368316326885905,1.1172388305415522
2025-03-16,2024_25,Bundesliga,,Stuttgart,Leverkusen,1.1501631322084127,1.539212188135542
2025-03-16,2024_25,La Liga,,Ath Madrid,Barcelona,1.207338052001577,1.3845083715048774
2025-03-16,2024_25,La Liga,,Leganes,Betis,1.2169993187644712,1.4639367435669526
2025-03-16,2024_25,La Liga,,Osasuna,Getafe,1.578273323988449,1.1683064169609507
2025-03-16,2024_25,La Liga,,Sevilla,Ath Bilbao,1.1935452566656337,1.4440083288122003
2025-03-16,2024_25,La Liga,,Vallecano,Sociedad,1.4309887800313932,1.1506443006248654
2025-03-16,2024_25,Ligue 1,,Brest,Reims,1.68472852227679,1.0123692496001648
2025-03-16,2024_25,Ligue 1,,Lyon,Le Havre,2.381067766817403,0.7237915366489946
2025-03-16,2024_25,Ligue 1,,Montpellier,St Etienne,1.5332789319425086,1.1487759490677445
2025-03-16,2024_25,Ligue 1,,Paris SG,Marseille,2.2987130683529537,0.7393270980749145
2025-03-16,2024_25,Ligue 1,,Strasbourg,Toulouse,1.3530316967160267,1.2203914204467674
2025-03-16,2024_25,Premier League,,Arsenal,Chelsea,1.8760212475662206,0.9151576329044251
2025-03-16,2024_25,Premier League,,Fulham,Tottenham,1.2875265465419194,1.2445009784548369
2025-03-16,2024_25,Premier League,,Leicester,Man United,1.0447307236248586,1.70629036920326
2025-03-16,2024_25,Serie A,,Atalanta,Inter,1.3048328176915263,1.1831391073559099
2025-03-16,2024_25,Serie A,,Bologna,Lazio,1.337335040711996,1.402346472614959
2025-03-16,2024_25,Serie A,,Fiorentina,Juventus,1.3313959976833576,1.3417255676837674
2025-03-16,2024_25,Serie A,,Roma,Cagliari,2.047857123880404,0.8728989117469583
2025-03-16,2024_25,Serie A,,Venezia,Napoli,0.8794124658442839,1.963016714517007
2025-03-27,2024_25,La Liga,,Barcelona,Osasuna,2.6648532863281575,0.6139663117726288
2025-03-28,2024_25,Bundesliga,,Leverkusen,Bochum,2.482034891974418,0.6308191647691522
2025-03-28,2024_25,Ligue 1,,Strasbourg,Lyon,1.1609310453297148,1.4201770275515724
2025-03-29,2024_25,Bundesliga,,Bayern Munich,St Pauli,3.145562573024221,0.5762014197303376
2025-03-29,2024_25,Bundesliga,,Ein Frankfurt,Stuttgart,1.4906173695198905,1.218580985818724
2025-03-29,2024_25,Bundesliga,,Hoffenheim,Augsburg,1.34570897393925,1.2490094269570196
2025-03-29,2024_25,Bundesliga,,Holstein Kiel,Werder Bremen,1.3311365787905662,1.3274494640885868
2025-03-29,2024_25,Bundesliga,,M'gladbach,RB Leipzig,1.2921494028886167,1.3023133374817448
2025-03-29,2024_25,Bundesliga,,Wolfsburg,Heidenheim,1.7817447935033348,0.9337222194249093
2025-03-29,2024_25,La Liga,,Alaves,Vallecano,1.3769847484059337,1.2561478606478713
2025-03-29,2024_25,La Liga,,Espanol,Ath Madrid,0.905388754351287,1.88146525384192
2025-03-29,2024_25,La Liga,,Real Madrid,Leganes,2.936708749346417,0.5688518624340284
2025-03-29,2024_25,La Liga,,Sociedad,Valladolid,2.064886149237988,0.773962768482623
2025-03-29,2024_25,Ligue 1,,Monaco,Nice,1.6943190268852222,1.0821427600214637
2025-03-29,2024_25,Ligue 1,,Reims,Marseille,1.0863618367659438,1.6806890757673427
2025-03-29,2024_25,Ligue 1,,St Etienne,Paris SG,0.6067009033814686,3.1665283619956655
2025-03-29,2024_25,Serie A,,Como,Empoli,1.7238062540597618,0.9942764181639319
2025-03-29,2024_25,Serie A,,Juventus,Genoa,2.0383790227456138,0.8950478612512626
2025-03-29,2024_25,Serie A,,Lecce,Roma,1.0066993996824947,1.7013507804036383
2025-03-29,2024_25,Serie A,,Venezia,Bologna,1.0494927307709565,1.6871822602011473
2025-03-30,2024_25,Bundesliga,,Dortmund,Mainz,1.547954399662901,1.039909808793869
2025-03-30,2024_25,Bundesliga,,Freiburg,Union Berlin,1.8160844323477543,0.954847442108515
2025-03-30,2024_25,La Liga,,Ath Bilbao,Osasuna,1.9826684270939392,0.8545324472384591
2025-03-30,2024_25,La Liga,,Barcelona,Girona,2.832355097846385,0.6556774674099553
2025-03-30,2024_25,La Liga,,Betis,Sevilla,1.5204943876917674,1.1455868586650468
2025-03-30,2024_25,La Liga,,Getafe,Villarreal,1.205797945953825,1.5208191456589355
2025-03-30,2024_25,La Liga,,Valencia,Mallorca,1.4340589904002912,1.248363537949839
2025-03-30,2024_25,Ligue 1,,Angers,Rennes,1.142453646365684,1.4695570707200611
2025-03-30,2024_25,Ligue 1,,Auxerre,Montpellier,1.8373004322636282,0.8970826319140255
2025-03-30,2024_25,Ligue 1,,Le Havre,Nantes,1.3930910617350236,1.2086114127174845
2025-03-30,2024_25,Ligue 1,,Lille,Lens,1.6929897164022436,0.994380034444645
2025-03-30,2024_25,Ligue 1,,Toulouse,Brest,1.5785061931057558,1.1109398726384203
2025-03-30,2024_25,Serie A,,Cagliari,Monza,1.7170147938203617,1.0244115380859091
2025-03-30,2024_25,Serie A,,Fiorentina,Atalanta,1.1620060036621953,1.4123518535198119
2025-03-30,2024_25,Serie A,,Inter,Udinese,2.487290068086182,0.693625787309062
2025-03-30,2024_25,Serie A,,Napoli,Milan,1.622790998394227,1.0567793460678798
2025-03-31,2024_25,La Liga,,Celta,Las Palmas,1.7679828080541333,0.9679971340278614
2025-03-31,2024_25,Serie A,,Lazio,Torino,1.6963083649599755,1.0051947965857024
2025-03-31,2024_25,Serie A,,Verona,Parma,1.4894750258547638,1.093706323610447
2025-04-01,2024_25,Premier League,,Arsenal,Fulham,2.112586582354656,0.7333265664220573
2025-04-01,2024_25,Premier League,,Nott'm Forest,Man United,1.5607261997829511,1.0907034019125808
2025-04-01,2024_25,Premier League,,Wolves,West Ham,1.391792694062856,1.2814668535599807
2025-04-02,2024_25,Premier League,,Bournemouth,Ipswich,1.9546642829261205,0.7949626760504804
2025-04-02,2024_25,Premier League,,Brighton,Aston Villa,1.441084518842057,1.2927927079591701
2025-04-02,2024_25,Premier League,,Liverpool,Everton,2.555817284300187,0.7066766924805258
2025-04-02,2024_25,Premier League,,Man City,Leicester,2.845184870056022,0.6117377079425526
2025-04-02,2024_25,Premier League,,Newcastle,Brentford,1.6201103606150045,1.0934213483396067
2025-04-02,2024_25,Premier League,,Southampton,Crystal Palace,0.8036632613693858,1.993623439952214
2025-04-03,2024_25,Premier League,,Chelsea,Tottenham,1.6811204400507769,0.953314751454269
2025-04-04,2024_25,Bundesliga,,Augsburg,Bayern Munich,0.8228728097594069,2.2631766386021104
2025-04-04,2024_25,La Liga,,Vallecano,Espanol,1.6376239894643978,1.0502772106952531
2025-04-04,2024_25,Ligue 1,,Nice,Nantes,2.045325493121928,0.7864073710843956
2025-04-04,2024_25,Serie A,,Genoa,Udinese,1.5288395027607635,1.1771882803850902
2025-04-05,2024_25,Bundesliga,,Bochum,Stuttgart,1.072422256944057,1.6688457078500898
2025-04-05,2024_25,Bundesliga,,Freiburg,Dortmund,1.2552303996805005,1.5012709473545116
2025-04-05,2024_25,Bundesliga,,Heidenheim,Leverkusen,0.8750256585805052,1.9703638587835253
2025-04-05,2024_25,Bundesliga,,Mainz,Holstein Kiel,2.0387507408258707,0.798919879324697
2025-04-05,2024_25,Bundesliga,,RB Leipzig,Hoffenheim,1.8862785856313953,0.964419689114318
2025-04-05,2024_25,Bundesliga,,Werder Bremen,Ein Frankfurt,1.256058703865043,1.4135234078901056
2025-04-05,2024_25,La Liga,,Barcelona,Betis,2.519211034515923,0.710529752590291
2025-04-05,2024_25,La Liga,,Girona,Alaves,1.5665990125040663,1.0549594381659508
2025-04-05,2024_25,La Liga,,Mallorca,Celta,1.4348298864801596,1.1731729890869944
2025-04-05,2024_25,La Liga,,Real Madrid,Valencia,2.9270551542227006,0.5823213482821004
2025-04-05,2024_25,Ligue 1,,Brest,Monaco,1.195258632928604,1.4975103783799901
2025-04-05,2024_25,Ligue 1,,Lyon,Lille,1.5873508047847438,1.1257584338255993
2025-04-05,2024_25,Ligue 1,,Paris SG,Angers,3.849753318928133,0.4184640254085984
2025-04-05,2024_25,Premier League,,Aston Villa,Nott'm Forest,1.6103222068199992,1.129458462826117
2025-04-05,2024_25,Premier League,,Crystal Palace,Brighton,1.5471103058614177,1.0717650130871446
2025-04-05,2024_25,Premier League,,Everton,Arsenal,0.9329910473422153,1.9029678475789347
2025-04-05,2024_25,Premier League,,Ipswich,Wolves,1.2997513259213953,1.2775107510941428
2025-04-05,2024_25,Premier League,,West Ham,Bournemouth,1.2021402142579112,1.381507099137217
2025-04-05,2024_25,Serie A,,Milan,Fiorentina,1.4999537162573506,1.103143258851299
2025-04-05,2024_25,Serie A,,Monza,Como,1.2307183985923382,1.4661459303865567
2025-04-05,2024_25,Serie A,,Parma,Inter,0.7824785765299841,2.4395413158545582
2025-04-06,2024_25,Bundesliga,,St Pauli,M'gladbach,1.2446879115559981,1.415741549077609
2025-04-06,2024_25,Bundesliga,,Union Berlin,Wolfsburg,1.2191626482429654,1.3984596605812032
2025-04-06,2024_25,La Liga,,Las Palmas,Sociedad,1.2304478471299294,1.3988838478253183
2025-04-06,2024_25,La Liga,,Sevilla,Ath Madrid,0.9498894951716473,1.565369472117767
2025-04-06,2024_25,La Liga,,Valladolid,Getafe,1.1001031016410003,1.6565960999882907
2025-04-06,2024_25,La Liga,,Villarreal,Ath Bilbao,1.4698472035382837,1.3084662029395069
2025-04-06,2024_25,Ligue 1,,Lens,St Etienne,1.9706902526049557,0.8301612675783108
2025-04-06,2024_25,Ligue 1,,Marseille,Toulouse,1.6560336832782674,1.0509404342563884
2025-04-06,2024_25,Ligue 1,,Montpellier,Le Havre,1.3492802194668645,1.2662126573495205
2025-04-06,2024_25,Ligue 1,,Reims,Strasbourg,1.2574637713536676,1.4703150988638343
2025-04-06,2024_25,Ligue 1,,Rennes,Auxerre,1.47384394564488,1.0873157151559143
2025-04-06,2024_25,Premier League,,Brentford,Chelsea,1.2259506011379484,1.4421656352034828
2025-04-06,2024_25,Premier League,,Fulham,Liverpool,0.8701377798892161,1.834865504086638
2025-04-06,2024_25,Premier League,,Man United,Man City,1.1745850771520159,1.557821522238313
2025-04-06,2024_25,Premier League,,Tottenham,Southampton,2.390723116635411,0.6736270560131778
2025-04-06,2024_25,Serie A,,Atalanta,Lazio,1.7981228597833736,1.0042407345703395
2025-04-06,2024_25,Serie A,,Empoli,Cagliari,1.3354887124718264,1.2917591709741274
2025-04-06,2024_25,Serie A,,Lecce,Venezia,1.4499752568698796,1.1580963835918587
2025-04-06,2024_25,Serie A,,Roma,Juventus,1.4787171774462142,1.2824805853276857
2025-04-06,2024_25,Serie A,,Torino,Verona,1.798632052402015,0.9113049387832617
2025-04-07,2024_25,La Liga,,Leganes,Osasuna,1.3779747973304488,1.245418694029355
2025-04-07,2024_25,Premier League,,Leicester,Newcastle,0.8900518975998541,1.910776068063741
2025-04-07,2024_25,Serie A,,Bologna,Napoli,1.3736621938774998,1.3293357271243476
2025-04-08,2024_25,Champions League,quarterfinal,Arsenal,Real Madrid,1.4001504495939294,1.2940464334164752
2025-04-08,2024_25,Champions League,quarterfinal,Bayern Munich,Inter,1.849633775223782,1.0963634790687893
2025-04-09,2024_25,Champions League,quarterfinal,Barcelona,Dortmund,2.181077475152843,0.904824873543291
2025-04-09,2024_25,Champions League,quarterfinal,Paris SG,Aston Villa,2.4733758631963627,0.7542525822124884
2025-04-11,2024_25,Bundesliga,,Wolfsburg,RB Leipzig,1.3269203176101747,1.3606223819638532
2025-04-11,2024_25,La Liga,,Valencia,Sevilla,1.3460315832699419,1.2542669782802531
2025-04-11,2024_25,Ligue 1,,Lens,Reims,1.7337894252747652,0.9463237561990867
2025-04-11,2024_25,Serie A,,Udinese,Milan,1.1973617330536612,1.4570431072175534
2025-04-12,2024_25,Bundesliga,,Bayern Munich,Dortmund,2.0959616639449674,0.8253489569968535
2025-04-12,2024_25,Bundesliga,,Bochum,Augsburg,1.1889760032499757,1.4601585079009725
2025-04-12,2024_25,Bundesliga,,Hoffenheim,Mainz,1.15824183182643,1.4244680696237635
2025-04-12,2024_25,Bundesliga,,Holstein Kiel,St Pauli,1.350562593571964,1.323975628832155
2025-04-12,2024_25,Bundesliga,,Leverkusen,Union Berlin,2.282759640907007,0.7225528923641181
2025-04-12,2024_25,Bundesliga,,M'gladbach,Freiburg,1.562447791142067,1.1901395994414734
2025-04-12,2024_25,La Liga,,Celta,Espanol,1.5614049518458117,1.1064085237594152
2025-04-12,2024_25,La Liga,,Getafe,Las Palmas,1.7046308282698708,0.9519306740996923
2025-04-12,2024_25,La Liga,,Leganes,Barcelona,0.7083069396910806,2.507713793608314
2025-04-12,2024_25,La Liga,,Sociedad,Mallorca,1.5972573515028323,1.0824224728523097
2025-04-12,2024_25,Ligue 1,,Monaco,Marseille,1.7195477701819204,1.0696242043623754
2025-04-12,2024_25,Ligue 1,,Strasbourg,Nice,1.3492025509156937,1.3008451567283694
2025-04-12,2024_25,Ligue 1,,Toulouse,Lille,1.2241731142957242,1.3024688785848135
2025-04-12,2024_25,Premier League,,Arsenal,Brentford,2.216670474983292,0.7366759161465024
2025-04-12,2024_25,Premier League,,Brighton,Leicester,2.1228480198054047,0.8305065622115171
2025-04-12,2024_25,Premier League,,Man City,Crystal Palace,1.7704252108269571,0.9496909225918724
2025-04-12,2024_25,Premier League,,Nott'm Forest,Everton,1.6953227132582558,1.040819636767366
2025-04-12,2024_25,Premier League,,Southampton,Aston Villa,0.7995218555336625,2.049226426782509
2025-04-12,2024_25,Serie A,,Inter,Cagliari,2.7696168451685756,0.6134226471767218
2025-04-12,2024_25,Serie A,,Juventus,Lecce,2.2332473335029293,0.7618995605649974
2025-04-12,2024_25,Serie A,,Venezia,Monza,1.5607024036478732,1.0688398229033007
2025-04-13,2024_25,Bundesliga,,Ein Frankfurt,Heidenheim,1.8253743487139857,0.9092310694608651
2025-04-13,2024_25,Bundesliga,,Stuttgart,Werder Bremen,1.738876162165287,1.0425652006580588
2025-04-13,2024_25,La Liga,,Alaves,Real Madrid,0.7974388178911801,2.2612231211989697
2025-04-13,2024_25,La Liga,,Ath Bilbao,Vallecano,2.0074776489077784,0.88984646768785
2025-04-13,2024_25,La Liga,,Betis,Villarreal,1.445217919318755,1.283525222811236
2025-04-13,2024_25,La Liga,,Osasuna,Girona,1.552336623136617,1.1923131971943686
2025-04-13,2024_25,Ligue 1,,Angers,Montpellier,1.4553724435917037,1.0881215121225751
2025-04-13,2024_25,Ligue 1,,Auxerre,Lyon,1.1545660200071322,1.5566094412199831
2025-04-13,2024_25,Ligue 1,,Le Havre,Rennes,1.1770605720143108,1.4023713867739127
2025-04-13,2024_25,Ligue 1,,St Etienne,Brest,1.0548958437760247,1.6626104672815372
2025-04-13,2024_25,Premier League,,Chelsea,Ipswich,2.3230706908834926,0.7180450985649395
2025-04-13,2024_25,Premier League,,Liverpool,West Ham,2.66684846937047,0.6302305390116428
2025-04-13,2024_25,Premier League,,Newcastle,Man United,1.7197017597511692,1.061062349164086
2025-04-13,2024_25,Premier League,,Wolves,Tottenham,1.1882753502637198,1.4316771389701686
2025-04-13,2024_25,Serie A,,Atalanta,Bologna,1.714966745116887,0.9741997029574352
2025-04-13,2024_25,Serie A,,Como,Torino,1.3482156540168595,1.292343438825013
2025-04-13,2024_25,Serie A,,Fiorentina,Parma,2.1720033951413877,0.7898093017919305
2025-04-13,2024_25,Serie A,,Lazio,Roma,1.5796903082215497,1.198986464965844
2025-04-13,2024_25,Serie A,,Verona,Genoa,1.3091433372300916,1.3360619756243508
2025-04-14,2024_25,La Liga,,Ath Madrid,Valladolid,2.9992885073306055,0.5108118496436888
2025-04-14,2024_25,Premier League,,Bournemouth,Fulham,1.4356072224276564,1.1282868281433134
2025-04-14,2024_25,Serie A,,Napoli,Empoli,2.3088987919770996,0.7027512538933225
2025-04-15,2024_25,Champions League,quarterfinal,Aston Villa,Paris SG,0.9805571807030176,2.032780296614781
2025-04-15,2024_25,Champions League,quarterfinal,Dortmund,Barcelona,1.1636528235818784,1.8873900077242098
2025-04-16,2024_25,Champions League,quarterfinal,Inter,Bayern Munich,1.5364431798193254,1.360331451579982
2025-04-16,2024_25,Champions League,quarterfinal,Real Madrid,Arsenal,1.5868851074015995,1.1958318049613845
2025-04-16,2024_25,Premier League,,Newcastle,Crystal Palace,1.6631484956533238,1.0702498887957566
2025-04-18,2024_25,La Liga,,Espanol,Getafe,1.4205217400937358,1.1825438557460561
2025-04-18,2024_25,Ligue 1,,Rennes,Nantes,1.701482874120617,0.9517392810028864
2025-04-19,2024_25,Bundesliga,,Freiburg,Hoffenheim,1.6273020581442295,1.1060929996520432
2025-04-19,2024_25,Bundesliga,,Heidenheim,Bayern Munich,0.7586869117678172,2.5037194679863175
2025-04-19,2024_25,Bundesliga,,Mainz,Wolfsburg,1.5918123006290927,1.0380519403349195
2025-04-19,2024_25,Bundesliga,,RB Leipzig,Holstein Kiel,2.1393384195303815,0.7896121677041728
2025-04-19,2024_25,Bundesliga,,Union Berlin,Stuttgart,1.1468117900803945,1.4983187008101788
2025-04-19,2024_25,Bundesliga,,Werder Bremen,Bochum,1.8568651637578957,0.9230972049932866
2025-04-19,2024_25,La Liga,,Barcelona,Celta,2.673850444579373,0.6311954967041592
2025-04-19,2024_25,La Liga,,Las Palmas,Ath Madrid,0.8262317884083935,2.0154518901256195
2025-04-19,2024_25,La Liga,,Mallorca,Leganes,1.6102779457518797,1.057546007724366
2025-04-19,2024_25,La Liga,,Vallecano,Valencia,1.4240982771195838,1.1300349542623513
2025-04-19,2024_25,Ligue 1,,Marseille,Montpellier,2.349853939371359,0.7348437204943714
2025-04-19,2024_25,Ligue 1,,Monaco,Strasbourg,1.8349983851477536,0.970870484538361
2025-04-19,2024_25,Ligue 1,,Paris SG,Le Havre,3.455998088993736,0.4884110437893833
2025-04-19,2024_25,Premier League,,Aston Villa,Newcastle,1.4633484668294527,1.269759708117798
2025-04-19,2024_25,Premier League,,Brentford,Brighton,1.3946754559969807,1.1197533028134985
2025-04-19,2024_25,Premier League,,Crystal Palace,Bournemouth,1.3823751311789982,1.1894213375715115
2025-04-19,2024_25,Premier League,,Everton,Man City,1.1011207627795094,1.6759182228650427
2025-04-19,2024_25,Premier League,,West Ham,Southampton,2.0592480899553096,0.7946503526056109
2025-04-19,2024_25,Serie A,,Lecce,Como,1.2489740405896421,1.3275007169653685
2025-04-19,2024_25,Serie A,,Monza,Napoli,0.8262589775719724,2.1464528902598405
2025-04-19,2024_25,Serie A,,Roma,Verona,2.074041547045101,0.8349216671762488
2025-04-20,2024_25,Bundesliga,,Augsburg,Ein Frankfurt,1.2314862454768016,1.396583373889476
2025-04-20,2024_25,Bundesliga,,Dortmund,M'gladbach,1.9173732649632858,0.9847076038281055
2025-04-20,2024_25,Bundesliga,,St Pauli,Leverkusen,0.9196532514976862,1.8910067034857818
2025-04-20,2024_25,La Liga,,Real Madrid,Ath Bilbao,1.9870410376515497,0.9474501249263163
2025-04-20,2024_25,La Liga,,Sevilla,Alaves,1.5424740165132962,1.0269359214499036
2025-04-20,2024_25,La Liga,,Valladolid,Osasuna,1.0974330730805184,1.6020089301598566
2025-04-20,2024_25,La Liga,,Villarreal,Sociedad,1.7718043211658945,1.0073190619436905
2025-04-20,2024_25,Ligue 1,,Brest,Lens,1.5293347798957955,1.0888176339332376
2025-04-20,2024_25,Ligue 1,,Lille,Auxerre,1.8260916629364534,0.9316514412519147
2025-04-20,2024_25,Ligue 1,,Nice,Angers,2.18839460526679,0.7499523745385542
2025-04-20,2024_25,Ligue 1,,Reims,Toulouse,1.3193781893798415,1.3892500436349655
2025-04-20,2024_25,Ligue 1,,St Etienne,Lyon,0.8857678503782437,2.0512278380083515
2025-04-20,2024_25,Premier League,,Fulham,Chelsea,1.3027442251317045,1.3955413588832963
2025-04-20,2024_25,Premier League,,Ipswich,Arsenal,0.7314280515321926,2.330134282934723
2025-04-20,2024_25,Premier League,,Leicester,Liverpool,0.6241531697643928,2.5686886479833615
2025-04-20,2024_25,Premier League,,Man United,Wolves,1.711239752948665,1.0118861371297596
2025-04-20,2024_25,Serie A,,Bologna,Inter,1.130416117364213,1.7144310737010682
2025-04-20,2024_25,Serie A,,Empoli,Venezia,1.4270266874618467,1.172472214253135
2025-04-20,2024_25,Serie A,,Milan,Atalanta,1.2127543314088125,1.2561392358901577
2025-04-21,2024_25,La Liga,,Girona,Betis,1.2415681131280651,1.4395303523392162
2025-04-21,2024_25,Premier League,,Tottenham,Nott'm Forest,1.458035026705762,1.1785256220869142
2025-04-22,2024_25,La Liga,,Barcelona,Mallorca,2.68882152036825,0.6432839899588744
2025-04-22,2024_25,La Liga,,Valencia,Espanol,1.4282756320189587,1.171941337658432
2025-04-22,2024_25,Ligue 1,,Nantes,Paris SG,0.6363811484022026,2.5609068748988055
2025-04-22,2024_25,Premier League,,Man City,Aston Villa,1.7459724833336219,1.033608682070714
2025-04-23,2024_25,La Liga,,Alaves,Sociedad,1.2674594357000921,1.3096028951793384
2025-04-23,2024_25,La Liga,,Ath Bilbao,Las Palmas,2.0982782254653918,0.8043437828793731
2025-04-23,2024_25,La Liga,,Celta,Villarreal,1.2088652106831699,1.4415511544331978
2025-04-23,2024_25,La Liga,,Getafe,Real Madrid,0.8732151902268462,1.9757106022882163
2025-04-23,2024_25,Premier League,,Arsenal,Crystal Palace,2.319124529692542,0.7120112305323333
2025-04-23,2024_25,Serie A,,Cagliari,Fiorentina,1.1163455956651376,1.5419914074078078
2025-04-23,2024_25,Serie A,,Genoa,Lazio,1.2610798813223292,1.4763042757150302
2025-04-23,2024_25,Serie A,,Parma,Juventus,1.0229539591105952,1.8478824907090978
2025-04-23,2024_25,Serie A,,Torino,Udinese,1.639900054225341,1.081452992526287
2025-04-24,2024_25,La Liga,,Ath Madrid,Vallecano,2.2070221122341835,0.7236423515281638
2025-04-24,2024_25,La Liga,,Betis,Valladolid,2.3475349170689723,0.6914114129792233
2025-04-24,2024_25,La Liga,,Leganes,Girona,1.4686097076899838,1.1679056653077557
2025-04-24,2024_25,La Liga,,Osasuna,Sevilla,1.4158954079004342,1.2577916728544294
2025-04-25,2024_25,Bundesliga,,Stuttgart,Heidenheim,1.9804778121106055,0.8609875904178398
2025-04-25,2024_25,Ligue 1,,Paris SG,Nice,2.292746642768338,0.7656840366227228
2025-04-26,2024_25,Bundesliga,,Bayern Munich,Mainz,2.2803727813291768,0.7279167337518946
2025-04-26,2024_25,Bundesliga,,Ein Frankfurt,RB Leipzig,1.4980958334055074,1.2482703040789125
2025-04-26,2024_25,Bundesliga,,Hoffenheim,Dortmund,1.0887463338318997,1.662453857520389
2025-04-26,2024_25,Bundesliga,,Holstein Kiel,M'gladbach,1.1601242534423766,1.6115638645814976
2025-04-26,2024_25,Bundesliga,,Leverkusen,Augsburg,2.143327320544518,0.7600980580824704
2025-04-26,2024_25,Bundesliga,,Wolfsburg,Freiburg,1.4665840463102138,1.2512876722557176
2025-04-26,2024_25,Ligue 1,,Le Havre,Monaco,0.9260358384565766,1.8836765334620102
2025-04-26,2024_25,Ligue 1,,Lyon,Rennes,1.7280587493732358,0.960486466783034
2025-04-26,2024_25,Ligue 1,,Strasbourg,St Etienne,2.071467672005897,0.8318571578307054
2025-04-26,2024_25,Premier League,,Brighton,West Ham,1.6415746392257038,1.0192146925198213
2025-04-26,2024_25,Premier League,,Chelsea,Everton,1.9208235704453125,0.9506770805049115
2025-04-26,2024_25,Premier League,,Newcastle,Ipswich,2.4260366073942747,0.7296205953614833
2025-04-26,2024_25,Premier League,,Southampton,Fulham,0.916056285785155,1.753452851226288
2025-04-26,2024_25,Premier League,,Wolves,Leicester,1.8766989739814413,0.9567712197216488
2025-04-27,2024_25,Bundesliga,,Bochum,Union Berlin,1.225382005950209,1.4598371569247655
2025-04-27,2024_25,Bundesliga,,Werder Bremen,St Pauli,1.6862345253799451,1.0933802852111338
2025-04-27,2024_25,La Liga,,Villarreal,Espanol,1.7696387802151932,1.063951964001963
2025-04-27,2024_25,Ligue 1,,Angers,Lille,0.9541343940194515,1.758202815214837
2025-04-27,2024_25,Ligue 1,,Lens,Auxerre,1.5445282832520553,1.034525448848705
2025-04-27,2024_25,Ligue 1,,Marseille,Brest,1.7730444557070757,1.0609158935575551
2025-04-27,2024_25,Ligue 1,,Montpellier,Reims,1.2240712575660293,1.471785867021235
2025-04-27,2024_25,Ligue 1,,Nantes,Toulouse,1.3172292115048727,1.3835750289481108
2025-04-27,2024_25,Premier League,,Bournemouth,Man United,1.5108601035250753,1.1563746069255938
2025-04-27,2024_25,Premier League,,Liverpool,Tottenham,2.2471362969182187,0.7430059068095669
2025-04-27,2024_25,Serie A,,Atalanta,Lecce,2.478534941274857,0.6734521996786716
2025-04-27,2024_25,Serie A,,Como,Genoa,1.5792126203518273,1.1221670952792153
2025-04-27,2024_25,Serie A,,Fiorentina,Empoli,2.11290956373723,0.804200485947921
2025-04-27,2024_25,Serie A,,Inter,Roma,2.0301138623855572,0.8340979844317183
2025-04-27,2024_25,Serie A,,Juventus,Monza,2.4495945076204704,0.6829181536465951
2025-04-27,2024_25,Serie A,,Napoli,Torino,1.945697385617737,0.8774808150577358
2025-04-27,2024_25,Serie A,,Venezia,Milan,0.9741697049607099,1.7828644799680302
2025-04-28,2024_25,Serie A,,Lazio,Parma,2.1439306105089835,0.8124969775444764
2025-04-28,2024_25,Serie A,,Udinese,Bologna,1.1718019716766996,1.5326501220835864
2025-04-28,2024_25,Serie A,,Verona,Cagliari,1.4102092599685163,1.1963934303790447
2025-04-29,2024_25,Champions League,semifinal,Arsenal,Paris SG,1.3299111446323164,1.344027185583526
2025-04-30,2024_25,Champions League,semifinal,Barcelona,Inter,1.6825805351761491,1.11246761709419
2025-05-01,2024_25,Premier League,,Nott'm Forest,Brentford,1.5158479890104446,1.04817920995299
2025-05-02,2024_25,Bundesliga,,Heidenheim,Bochum,1.494370513413031,1.0684745358669507
2025-05-02,2024_25,La Liga,,Vallecano,Getafe,1.4168397361449834,1.2564167409423797
2025-05-02,2024_25,Ligue 1,,Nice,Reims,1.8978286968129747,0.8123857620455145
2025-05-02,2024_25,Premier League,,Man City,Wolves,2.2684665834469033,0.7839164148063672
2025-05-02,2024_25,Serie A,,Torino,Venezia,1.8127758363180424,0.8907337262898182
2025-05-03,2024_25,Bundesliga,,Dortmund,Wolfsburg,1.8320568477180281,0.9220642730527248
2025-05-03,2024_25,Bundesliga,,M'gladbach,Hoffenheim,1.53736284481782,1.0650171080886284
2025-05-03,2024_25,Bundesliga,,RB Leipzig,Bayern Munich,0.9890016487072661,2.0301773739930895
2025-05-03,2024_25,Bundesliga,,St Pauli,Stuttgart,1.1811722879807078,1.4303489277564867
2025-05-03,2024_25,Bundesliga,,Union Berlin,Werder Bremen,1.3628184469179092,1.3234313959690058
2025-05-03,2024_25,La Liga,,Alaves,Ath Madrid,0.9065223759358887,1.9457597884559747
2025-05-03,2024_25,La Liga,,Las Palmas,Valencia,1.3032290541935576,1.3028668333548297
2025-05-03,2024_25,La Liga,,Valladolid,Barcelona,0.6026584168200112,3.2191589536947207
2025-05-03,2024_25,La Liga,,Villarreal,Osasuna,1.7345852252243488,1.0444903856552434
2025-05-03,2024_25,Ligue 1,,St Etienne,Monaco,0.936960754077564,1.938423482992286
2025-05-03,2024_25,Ligue 1,,Strasbourg,Paris SG,0.9074594160254144,1.8939296562974228
2025-05-03,2024_25,Ligue 1,,Toulouse,Rennes,1.355975863960829,1.1889180741652268
2025-05-03,2024_25,Premier League,,Arsenal,Bournemouth,1.9979246311667584,0.7771619745373093
2025-05-03,2024_25,Premier League,,Aston Villa,Fulham,1.7563780644297247,0.9729235214160994
2025-05-03,2024_25,Premier League,,Everton,Ipswich,1.8285808887679185,0.9095263081370559
2025-05-03,2024_25,Premier League,,Leicester,Southampton,1.5300552787263022,1.055736294591447
2025-05-03,2024_25,Serie A,,Cagliari,Udinese,1.4911071431178267,1.2308420279267211
2025-05-03,2024_25,Serie A,,Inter,Verona,2.6757275605478195,0.5614675300920846
2025-05-03,2024_25,Serie A,,Lecce,Napoli,0.8478425839931759,2.025049389750724
2025-05-03,2024_25,Serie A,,Parma,Como,1.2820976073913173,1.375313727432128
2025-05-04,2024_25,Bundesliga,,Augsburg,Holstein Kiel,1.6110533059537198,1.0130181673124312
2025-05-04,2024_25,Bundesliga,,Freiburg,Leverkusen,1.0393783106091259,1.6739507797374993
2025-05-04,2024_25,Bundesliga,,Mainz,Ein Frankfurt,1.3641310243906228,1.2486001488108853
2025-05-04,2024_25,La Liga,,Espanol,Betis,1.192145912995539,1.4396055606678129
2025-05-04,2024_25,La Liga,,Real Madrid,Celta,2.247126069516382,0.7246018820340699
2025-05-04,2024_25,La Liga,,Sevilla,Leganes,1.6073046086850193,1.0703727043972713
2025-05-04,2024_25,La Liga,,Sociedad,Ath Bilbao,1.2382826961623983,1.4965415635818444
2025-05-04,2024_25,Ligue 1,,Auxerre,Le Havre,1.7235614803081392,1.0193759762249368
2025-05-04,2024_25,Ligue 1,,Brest,Montpellier,2.119661411423456,0.8007832695472263
2025-05-04,2024_25,Ligue 1,,Lille,Marseille,1.6577160751136104,1.231910087760154
2025-05-04,2024_25,Ligue 1,,Lyon,Lens,1.8961181170041577,0.9077651234174309
2025-05-04,2024_25,Ligue 1,,Nantes,Angers,1.6640860870218686,1.0249781183128748
2025-05-04,2024_25,Premier League,,Brentford,Man United,1.4989347346452562,1.101332550813117
2025-05-04,2024_25,Premier League,,Brighton,Newcastle,1.285792191459985,1.4554023727589829
2025-05-04,2024_25,Premier League,,Chelsea,Liverpool,1.1242808987448498,1.5637017601410275
2025-05-04,2024_25,Premier League,,West Ham,Tottenham,1.276439904142126,1.2953797623434533
2025-05-04,2024_25,Serie A,,Bologna,Juventus,1.4578150024761645,1.249150219186837
2025-05-04,2024_25,Serie A,,Empoli,Lazio,1.0220392771164954,1.807361190412094
2025-05-04,2024_25,Serie A,,Monza,Atalanta,0.7614289877016356,2.202483689859874
2025-05-04,2024_25,Serie A,,Roma,Fiorentina,1.507390028605741,1.0966006157879276
2025-05-05,2024_25,La Liga,,Girona,Mallorca,1.45648260571104,1.3299201058837002
2025-05-05,2024_25,Premier League,,Crystal Palace,Nott'm Forest,1.3741899241391942,1.2043846328786587
2025-05-05,2024_25,Serie A,,Genoa,Milan,1.1407393258152703,1.6056236369624746
2025-05-06,2024_25,Champions League,semifinal,Inter,Barcelona,1.4097347914835543,1.3434330073788563
2025-05-07,2024_25,Champions League,semifinal,Paris SG,Arsenal,1.7305136585027017,1.1255135628521324
2025-05-09,2024_25,Bundesliga,,Wolfsburg,Hoffenheim,1.5267050341266364,1.1590163138207887
2025-05-09,2024_25,La Liga,,Las Palmas,Vallecano,1.3920268314910602,1.2711736611950182
2025-05-09,2024_25,Serie A,,Milan,Bologna,1.521692682013319,1.0720796595869504
2025-05-10,2024_25,Bundesliga,,Bayern Munich,M'gladbach,2.4910491222726288,0.7008322308522342
2025-05-10,2024_25,Bundesliga,,Bochum,Mainz,1.0895317424251632,1.6889228003158994
2025-05-10,2024_25,Bundesliga,,Holstein Kiel,Freiburg,1.2437021425644421,1.5817945852285051
2025-05-10,2024_25,Bundesliga,,Union Berlin,Heidenheim,1.6773709676529962,1.071507028656653
2025-05-10,2024_25,Bundesliga,,Werder Bremen,RB Leipzig,1.3361075084054501,1.3516384150650156
2025-05-10,2024_25,La Liga,,Ath Madrid,Sociedad,2.096545356451227,0.7842992538367196
2025-05-10,2024_25,La Liga,,Celta,Sevilla,1.5186535710725695,1.079894801787481
2025-05-10,2024_25,La Liga,,Girona,Villarreal,1.1953953084968991,1.5057441314187812
2025-05-10,2024_25,La Liga,,Mallorca,Valladolid,2.0200103889498258,0.8058887843066622
2025-05-10,2024_25,La Liga,,Valencia,Getafe,1.4928993579334602,1.1469129957584063
2025-05-10,2024_25,Ligue 1,,Angers,Strasbourg,1.0191139109464775,1.653867079936673
2025-05-10,2024_25,Ligue 1,,Auxerre,Nantes,1.6523458190069935,1.0739629506858166
2025-05-10,2024_25,Ligue 1,,Brest,Lille,1.2012870598288725,1.3792748862304993
2025-05-10,2024_25,Ligue 1,,Le Havre,Marseille,1.0168567462206364,1.7149361795811906
2025-05-10,2024_25,Ligue 1,,Monaco,Lyon,1.5300923572333014,1.1782688010153504
2025-05-10,2024_25,Ligue 1,,Montpellier,Paris SG,0.6279875825312191,2.963128315871131
2025-05-10,2024_25,Ligue 1,,Reims,St Etienne,1.7033920235666564,1.063746362385409
2025-05-10,2024_25,Ligue 1,,Rennes,Nice,1.1770417137223828,1.3641016381207147
2025-05-10,2024_25,Ligue 1,,Toulouse,Lens,1.3876450171165347,1.1838561973653488
2025-05-10,2024_25,Premier League,,Bournemouth,Aston Villa,1.291949155260765,1.4245879824495618
2025-05-10,2024_25,Premier League,,Fulham,Everton,1.5931801433494135,1.128489729293047
2025-05-10,2024_25,Premier League,,Ipswich,Brentford,1.0039039090828275,1.6028435230026208
2025-05-10,2024_25,Premier League,,Southampton,Man City,0.6749303831295738,2.5719729227815034
2025-05-10,2024_25,Premier League,,Wolves,Brighton,1.3024870712038465,1.3366386943345794
2025-05-10,2024_25,Serie A,,Como,Cagliari,1.6815402254246223,1.0539977979229518
2025-05-10,2024_25,Serie A,,Empoli,Parma,1.4063438794361618,1.2138216815668266
2025-05-10,2024_25,Serie A,,Lazio,Juventus,1.4341581565615975,1.2738587798260954
2025-05-11,2024_25,Bundesliga,,Ein Frankfurt,St Pauli,1.9301741722821217,0.9034555758047456
2025-05-11,2024_25,Bundesliga,,Leverkusen,Dortmund,1.579506830387657,1.154701568433331
2025-05-11,2024_25,Bundesliga,,Stuttgart,Augsburg,1.7350201059417008,0.9920089098990881
2025-05-11,2024_25,La Liga,,Ath Bilbao,Alaves,1.9528370963581352,0.808249179451719
2025-05-11,2024_25,La Liga,,Barcelona,Real Madrid,1.5813311512458443,1.1394374129839564
2025-05-11,2024_25,La Liga,,Betis,Osasuna,1.7746079634120147,0.9387192908984291
2025-05-11,2024_25,La Liga,,Leganes,Espanol,1.4060983075380797,1.193473198329012
2025-05-11,2024_25,Premier League,,Liverpool,Arsenal,1.6577844128666346,1.0814124821386593
2025-05-11,2024_25,Premier League,,Man United,West Ham,1.642767478205591,0.9819531161199556
2025-05-11,2024_25,Premier League,,Newcastle,Chelsea,1.5869725448542473,1.2142299862615507
2025-05-11,2024_25,Premier League,,Nott'm Forest,Leicester,2.198527088683211,0.7850047848252217
2025-05-11,2024_25,Premier League,,Tottenham,Crystal Palace,1.609564368873721,1.1287001191122799
2025-05-11,2024_25,Serie A,,Napoli,Genoa,2.2437799791439166,0.7805092620117848
2025-05-11,2024_25,Serie A,,Torino,Inter,0.9560904021946371,1.8688046445074147
2025-05-11,2024_25,Serie A,,Udinese,Monza,1.874211608684069,0.9240951623623442
2025-05-11,2024_25,Serie A,,Verona,Lecce,1.46743866084775,1.1250318270979351
2025-05-12,2024_25,Serie A,,Atalanta,Roma,1.7342147978965905,1.0244381530800701
2025-05-12,2024_25,Serie A,,Venezia,Fiorentina,1.0268637005413626,1.5945516626182077
2025-05-13,2024_25,La Liga,,Sevilla,Las Palmas,1.6467236294357168,1.0429005725157388
2025-05-13,2024_25,La Liga,,Sociedad,Celta,1.3565049686831054,1.2235661276103846
2025-05-13,2024_25,La Liga,,Valladolid,Girona,1.154804609152923,1.5125023402345474
2025-05-14,2024_25,La Liga,,Alaves,Valencia,1.2769185642787655,1.3591458125746592
2025-05-14,2024_25,La Liga,,Real Madrid,Mallorca,2.492725432952191,0.6730901451686461
2025-05-14,2024_25,La Liga,,Villarreal,Leganes,1.9105572423867532,0.9485174455406766
2025-05-15,2024_25,La Liga,,Espanol,Barcelona,0.8025286696359938,2.171143630700672
2025-05-15,2024_25,La Liga,,Getafe,Ath Bilbao,1.120190398763804,1.530520845534715
2025-05-15,2024_25,La Liga,,Osasuna,Ath Madrid,1.0196407259627018,1.8645412841059552
2025-05-15,2024_25,La Liga,,Vallecano,Betis,1.181114967471607,1.462617705741419
2025-05-16,2024_25,Premier League,,Aston Villa,Tottenham,1.8955087667010517,0.9572690939288351
2025-05-16,2024_25,Premier League,,Chelsea,Man United,1.8448403305785817,0.9400841236515317
2025-05-17,2024_25,Bundesliga,,Augsburg,Union Berlin,1.3814452159202792,1.2288434953410916
2025-05-17,2024_25,Bundesliga,,Dortmund,Holstein Kiel,2.421976509433921,0.7100857038881979
2025-05-17,2024_25,Bundesliga,,Freiburg,Ein Frankfurt,1.3454075246181598,1.39032420023404
2025-05-17,2024_25,Bundesliga,,Heidenheim,Werder Bremen,1.1677258290316765,1.4231064812914294
2025-05-17,2024_25,Bundesliga,,Hoffenheim,Bayern Munich,0.8073952680507331,2.2851667853557696
2025-05-17,2024_25,Bundesliga,,M'gladbach,Wolfsburg,1.5012980588877787,1.1094982293480113
2025-05-17,2024_25,Bundesliga,,Mainz,Leverkusen,1.1447365863728622,1.469356971607876
2025-05-17,2024_25,Bundesliga,,RB Leipzig,Stuttgart,1.4858222336852684,1.222714050834105
2025-05-17,2024_25,Bundesliga,,St Pauli,Bochum,1.705310862650351,0.9683296940459357
2025-05-17,2024_25,Ligue 1,,Lens,Monaco,1.1599971820111639,1.4445595188158464
2025-05-17,2024_25,Ligue 1,,Lille,Reims,2.1872384244092573,0.8480973308552153
2025-05-17,2024_25,Ligue 1,,Lyon,Angers,2.281545628264495,0.7508415879548569
2025-05-17,2024_25,Ligue 1,,Marseille,Rennes,1.852091975769863,0.9857047750156586
2025-05-17,2024_25,Ligue 1,,Nantes,Montpellier,1.740313433087834,0.9168836764486982
2025-05-17,2024_25,Ligue 1,,Nice,Brest,1.6079531643722194,1.036475467924622
2025-05-17,2024_25,Ligue 1,,Paris SG,Auxerre,2.5651799315432986,0.6462235235437025
2025-05-17,2024_25,Ligue 1,,St Etienne,Toulouse,1.2072935263406577,1.5047320097882126
2025-05-17,2024_25,Ligue 1,,Strasbourg,Le Havre,1.9502181678205799,0.8907678827884831
2025-05-17,2024_25,Serie A,,Genoa,Atalanta,0.9056287790899691,1.6810042324027812
2025-05-18,2024_25,La Liga,,Ath Madrid,Betis,1.7926610394229576,0.9352590261531872
2025-05-18,2024_25,La Liga,,Barcelona,Villarreal,2.3200075807122413,0.8244274018814515
2025-05-18,2024_25,La Liga,,Celta,Vallecano,1.677575918213811,1.054586018371508
2025-05-18,2024_25,La Liga,,Las Palmas,Leganes,1.3756195204384425,1.237156836470813
2025-05-18,2024_25,La Liga,,Mallorca,Getafe,1.6056663101685564,1.1455773073341224
2025-05-18,2024_25,La Liga,,Osasuna,Espanol,1.6107592665659878,1.1037281044127745
2025-05-18,2024_25,La Liga,,Sevilla,Real Madrid,0.8777494665711887,1.998408498987071
2025-05-18,2024_25,La Liga,,Sociedad,Girona,1.5557728094639318,1.1022304401995466
2025-05-18,2024_25,La Liga,,Valencia,Ath Bilbao,1.2115750074880034,1.421681340696389
2025-05-18,2024_25,La Liga,,Valladolid,Alaves,1.0856894781757325,1.5142321167324224
2025-05-18,2024_25,Premier League,,Arsenal,Newcastle,1.7182184735967378,0.9805215336285427
2025-05-18,2024_25,Premier League,,Brentford,Fulham,1.6440306012341364,1.1198264574523233
2025-05-18,2024_25,Premier League,,Everton,Southampton,2.2440667377790957,0.7787204404633008
2025-05-18,2024_25,Premier League,,Leicester,Ipswich,1.3573027832561777,1.1503587585276553
2025-05-18,2024_25,Premier League,,West Ham,Nott'm Forest,1.294411150936439,1.3014072550085545
2025-05-18,2024_25,Serie A,,Cagliari,Venezia,1.5400844625947845,1.0863369991165386
2025-05-18,2024_25,Serie A,,Fiorentina,Bologna,1.4829561186378726,1.1752083321729971
2025-05-18,2024_25,Serie A,,Inter,Lazio,1.9494832064618408,0.818429009459552
2025-05-18,2024_25,Serie A,,Juventus,Udinese,2.106765409377455,0.8184229483876404
2025-05-18,2024_25,Serie A,,Lecce,Torino,1.1653319475214488,1.4666561414722088
2025-05-18,2024_25,Serie A,,Monza,Empoli,1.2946555021294996,1.3215221010952485
2025-05-18,2024_25,Serie A,,Parma,Napoli,0.9305603283478748,1.990325961354345
2025-05-18,2024_25,Serie A,,Roma,Milan,1.4016217355516245,1.2706547514832058
2025-05-18,2024_25,Serie A,,Verona,Como,1.1799956294280711,1.4109981740418196
2025-05-19,2024_25,Premier League,,Brighton,Liverpool,0.9643743097349392,1.8528332165475088
2025-05-20,2024_25,Premier League,,Crystal Palace,Wolves,1.7100006424531904,1.0260450495825535
2025-05-20,2024_25,Premier League,,Man City,Bournemouth,1.9508104592479898,0.8695174477359452
2025-05-23,2024_25,La Liga,,Betis,Valencia,1.6733443019154173,1.0103626065415634
2025-05-23,2024_25,Serie A,,Como,Inter,0.9752367116801366,1.92638881542238
2025-05-23,2024_25,Serie A,,Napoli,Cagliari,2.332912963243745,0.7877136466707626
2025-05-24,2024_25,La Liga,,Alaves,Osasuna,1.3361672879052537,1.2860810843738697
2025-05-24,2024_25,La Liga,,Espanol,Las Palmas,1.562234542893195,1.0587171145327667
2025-05-24,2024_25,La Liga,,Getafe,Celta,1.264209036616313,1.2792334926525977
2025-05-24,2024_25,La Liga,,Leganes,Valladolid,1.906558111928168,0.8884201348247394
2025-05-24,2024_25,La Liga,,Real Madrid,Sociedad,2.4988797820528585,0.6786299968542459
2025-05-24,2024_25,La Liga,,Vallecano,Mallorca,1.4262714270856367,1.1278074624602616
2025-05-24,2024_25,Serie A,,Bologna,Genoa,1.8515447986639297,0.9206025660112063
2025-05-24,2024_25,Serie A,,Milan,Monza,2.30555923657191,0.6710976490666196
2025-05-25,2024_25,La Liga,,Ath Bilbao,Barcelona,1.1299399597291828,1.7546586393681383
2025-05-25,2024_25,La Liga,,Girona,Ath Madrid,0.9279461913052641,1.962933424447348
2025-05-25,2024_25,La Liga,,Villarreal,Sevilla,1.8164869415522047,0.9401800816769281
2025-05-25,2024_25,Premier League,,Bournemouth,Leicester,1.9417902112566374,0.860999739664781
2025-05-25,2024_25,Premier League,,Fulham,Man City,1.0596565236393245,1.639973488768274
2025-05-25,2024_25,Premier League,,Ipswich,West Ham,1.1241616556562553,1.4124473032498497
2025-05-25,2024_25,Premier League,,Liverpool,Crystal Palace,2.233303791525359,0.750646486329045
2025-05-25,2024_25,Premier League,,Man United,Aston Villa,1.1627039316306964,1.439397371020059
2025-05-25,2024_25,Premier League,,Newcastle,Everton,1.9827847357708053,0.9470343699978152
2025-05-25,2024_25,Premier League,,Nott'm Forest,Chelsea,1.3438004046402692,1.3337649147665194
2025-05-25,2024_25,Premier League,,Southampton,Arsenal,0.6229880514091861,2.6624004627985145
2025-05-25,2024_25,Premier League,,Tottenham,Brighton,1.34334065587017,1.237717938460427
2025-05-25,2024_25,Premier League,,Wolves,Brentford,1.2331346452270477,1.3399991187765976
2025-05-25,2024_25,Serie A,,Atalanta,Parma,2.4108954913239575,0.6732635754535462
2025-05-25,2024_25,Serie A,,Empoli,Verona,1.4674785296041892,1.100707259559523
2025-05-25,2024_25,Serie A,,Lazio,Lecce,2.147195543664761,0.8074119510234785
2025-05-25,2024_25,Serie A,,Torino,Roma,1.20565863175397,1.4856309747713596
2025-05-25,2024_25,Serie A,,Udinese,Fiorentina,1.1474850477967535,1.463061698697798
2025-05-25,2024_25,Serie A,,Venezia,Juventus,0.9761446277513315,1.8873238273408248
2025-05-31,2024_25,Champions League,final,Paris SG,Inter,1.7422845657657215,1.1469913958793405
2025-08-15,2025_26,La Liga,,Girona,Vallecano,1.3431052933217282,1.289523527050069
2025-08-15,2025_26,Ligue 1,,Rennes,Marseille,1.160736981746897,1.4886012557060417
2025-08-15,2025_26,Premier League,,Liverpool,Bournemouth,2.215599515655364,0.7244756633061658
2025-08-16,2025_26,La Liga,,Alaves,Levante,1.608571968467372,1.1726698188948692
2025-08-16,2025_26,La Liga,,Mallorca,Barcelona,0.8346342132550699,2.3118711897768516
2025-08-16,2025_26,La Liga,,Valencia,Sociedad,1.520637989728375,1.090571065889107
2025-08-16,2025_26,Ligue 1,,Lens,Lyon,1.2766238465501127,1.38550401426789
2025-08-16,2025_26,Ligue 1,,Monaco,Le Havre,2.1369883674697756,0.861577672159392
2025-08-16,2025_26,Ligue 1,,Nice,Toulouse,1.880743204923862,0.910329175193058
2025-08-16,2025_26,Premier League,,Aston Villa,Newcastle,1.5599508199291283,1.2757127842169955
2025-08-16,2025_26,Premier League,,Brighton,Fulham,1.641710634312691,1.0554443259299968
2025-08-16,2025_26,Premier League,,Sunderland,West Ham,0.8977191487412264,1.5648891407148369
2025-08-16,2025_26,Premier League,,Tottenham,Burnley,1.7762813833070317,0.9429991097603729
2025-08-16,2025_26,Premier League,,Wolves,Man City,0.9697204229472466,1.8362446370307093
2025-08-17,2025_26,La Liga,,Ath Bilbao,Sevilla,1.8297659845072134,0.9373792060171929
2025-08-17,2025_26,La Liga,,Celta,Getafe,1.635710026483553,1.040981333849981
2025-08-17,2025_26,La Liga,,Espanol,Ath Madrid,0.8888988782961066,1.9500239363916703
2025-08-17,2025_26,Ligue 1,,Auxerre,Lorient,1.6938032043428908,1.0985738043406683
2025-08-17,2025_26,Ligue 1,,Brest,Lille,1.1709329041994203,1.4508817351088292
2025-08-17,2025_26,Ligue 1,,Metz,Strasbourg,1.09298489180022,1.6186195622355248
2025-08-17,2025_26,Ligue 1,,Nantes,Paris SG,0.6939229011653466,2.497131707492618
2025-08-17,2025_26,Premier League,,Chelsea,Crystal Palace,1.7332883899116285,1.011007930363027
2025-08-17,2025_26,Premier League,,Man United,Arsenal,0.9351830856316747,1.6908118259340603
2025-08-17,2025_26,Premier League,,Nott'm Forest,Brentford,1.4444369482620616,1.1851717231603571
2025-08-18,2025_26,La Liga,,Elche,Betis,1.0345558682756049,1.7400791731103205
2025-08-18,2025_26,Premier League,,Leeds,Everton,1.096485241946843,1.4542115307040109
2025-08-19,2025_26,La Liga,,Real Madrid,Osasuna,2.439230407747054,0.672918977688017
2025-08-22,2025_26,Bundesliga,,Bayern Munich,RB Leipzig,2.548933056274499,0.6855572589035881
2025-08-22,2025_26,La Liga,,Betis,Alaves,1.7851554966120586,0.9290055433635471
2025-08-22,2025_26,Ligue 1,,Paris SG,Angers,3.4984360486415116,0.49141981282751507
2025-08-22,2025_26,Premier League,,West Ham,Chelsea,1.127884773390392,1.603058191700001
2025-08-23,2025_26,Bundesliga,,Ein Frankfurt,Werder Bremen,1.6994647790535005,1.0547092047677746
2025-08-23,2025_26,Bundesliga,,Freiburg,Augsburg,1.7352559409335226,1.024614803209729
2025-08-23,2025_26,Bundesliga,,Heidenheim,Wolfsburg,1.2260215458433077,1.394254713123884
2025-08-23,2025_26,Bundesliga,,Leverkusen,Hoffenheim,2.1358290651040623,0.7689921506294485
2025-08-23,2025_26,Bundesliga,,St Pauli,Dortmund,0.9143530423150116,1.9529961350040026
2025-08-23,2025_26,Bundesliga,,Union Berlin,Stuttgart,1.1607545667646204,1.5017580717840584
2025-08-23,2025_26,La Liga,,Ath Madrid,Elche,2.8676273777325267,0.6192743547309634
2025-08-23,2025_26,La Liga,,Levante,Barcelona,0.7762256752522564,2.565043106263142
2025-08-23,2025_26,La Liga,,Mallorca,Celta,1.3475443103008071,1.3104720021326677
2025-08-23,2025_26,Ligue 1,,Lyon,Metz,2.2323490080106483,0.7671283128679216
2025-08-23,2025_26,Ligue 1,,Nice,Auxerre,1.818682320538918,0.908390962092217
2025-08-23,2025_26,Premier League,,Arsenal,Leeds,2.6298241969887015,0.5991045151090585
2025-08-23,2025_26,Premier League,,Bournemouth,Wolves,1.7370361125379965,1.044438727299061
2025-08-23,2025_26,Premier League,,Brentford,Aston Villa,1.3049218616991567,1.3346845020288718
2025-08-23,2025_26,Premier League,,Burnley,Sunderland,1.5466894601222252,1.0605843545490454
2025-08-23,2025_26,Premier League,,Man City,Tottenham,2.2424624221295195,0.8127022542794514
2025-08-23,2025_26,Serie A,,Genoa,Lecce,1.6628369975142379,0.9759364889131495
2025-08-23,2025_26,Serie A,,Milan,Cremonese,2.2725386174822093,0.7435215347320978
2025-08-23,2025_26,Serie A,,Roma,Bologna,1.64860060605623,1.0579174761897776
2025-08-23,2025_26,Serie A,,Sassuolo,Napoli,0.8668755864586171,1.9565738416195786
2025-08-24,2025_26,Bundesliga,,M'gladbach,Hamburg,2.1999494601334915,0.892233652605321
2025-08-24,2025_26,Bundesliga,,Mainz,FC Koln,1.999864920318216,0.8686678500039189
2025-08-24,2025_26,La Liga,,Osasuna,Valencia,1.4892210750868782,1.1604442687380412
2025-08-24,2025_26,La Liga,,Oviedo,Real Madrid,0.6770241710748102,2.7341592316039836
2025-08-24,2025_26,La Liga,,Sociedad,Espanol,1.516082156883709,1.1151292264412171
2025-08-24,2025_26,La Liga,,Villarreal,Girona,2.170025721968028,0.7948713920971837
2025-08-24,2025_26,Ligue 1,,Le Havre,Lens,1.135535606651806,1.4886739842649883
2025-08-24,2025_26,Ligue 1,,Lille,Monaco,1.5484880142517234,1.1664494185011427
2025-08-24,2025_26,Ligue 1,,Lorient,Rennes,1.2434797766682364,1.3999504751979919
2025-08-24,2025_26,Ligue 1,,Strasbourg,Nantes,1.8609428861530806,0.9781958079042368
2025-08-24,2025_26,Ligue 1,,Toulouse,Brest,1.4931547468139026,1.212745293151474
2025-08-24,2025_26,Premier League,,Crystal Palace,Nott'm Forest,1.4369299054891187,1.1952763366470596
2025-08-24,2025_26,Premier League,,Everton,Brighton,1.3183134571626582,1.3340501078563063
2025-08-24,2025_26,Premier League,,Fulham,Man United,1.5028808319109854,1.1184260513675541
2025-08-24,2025_26,Serie A,,Cagliari,Fiorentina,1.1485068922014496,1.5087350540418183
2025-08-24,2025_26,Serie A,,Como,Lazio,1.2529258132552135,1.415707360551475
2025-08-24,2025_26,Serie A,,Juventus,Parma,2.109060265610193,0.7281822148179092
2025-08-25,2025_26,La Liga,,Ath Bilbao,Vallecano,1.8467756257952834,0.9913880905165895
2025-08-25,2025_26,La Liga,,Sevilla,Getafe,1.5257830218782145,1.165945365906655
2025-08-25,2025_26,Premier League,,Newcastle,Liverpool,1.1801711322685164,1.5565457902684046
2025-08-25,2025_26,Serie A,,Inter,Torino,2.375415484450121,0.6798825497766633
2025-08-25,2025_26,Serie A,,Udinese,Verona,1.566963424954073,1.0665580214501045
2025-08-27,2025_26,La Liga,,Celta,Betis,1.2842568763273305,1.3173358678379496
2025-08-29,2025_26,Bundesliga,,Hamburg,St Pauli,1.3286370456218375,1.3791626190392101
2025-08-29,2025_26,La Liga,,Elche,Levante,1.4099473594729826,1.2849718824536314
2025-08-29,2025_26,La Liga,,Valencia,Getafe,1.5218521575130788,1.0900009020557007
2025-08-29,2025_26,Ligue 1,,Lens,Brest,1.6504752988667113,1.0626869007636581
2025-08-29,2025_26,Serie A,,Cremonese,Sassuolo,1.517551968264023,1.1238186248395496
2025-08-29,2025_26,Serie A,,Lecce,Milan,0.984403484616547,1.7470248512094892
2025-08-30,2025_26,Bundesliga,,Augsburg,Bayern Munich,0.6819282959555192,2.6097355707679695
2025-08-30,2025_26,Bundesliga,,Hoffenheim,Ein Frankfurt,1.156161674405113,1.5729857389149051
2025-08-30,2025_26,Bundesliga,,RB Leipzig,Heidenheim,1.89775495082461,0.9227653127497443
2025-08-30,2025_26,Bundesliga,,Stuttgart,M'gladbach,1.6561720321718776,1.0965950359948116
2025-08-30,2025_26,Bundesliga,,Werder Bremen,Leverkusen,1.0612556331318195,1.5526846386765338
2025-08-30,2025_26,La Liga,,Alaves,Ath Madrid,0.9350929565120892,1.9561412614952927
2025-08-30,2025_26,La Liga,,Girona,Sevilla,1.258571427007164,1.2808183716137904
2025-08-30,2025_26,La Liga,,Oviedo,Sociedad,1.061231551745048,1.5592328854405824
2025-08-30,2025_26,La Liga,,Real Madrid,Mallorca,2.6990746394545817,0.5947180725872676
2025-08-30,2025_26,Ligue 1,,Lorient,Lille,1.1426034140983523,1.689055667094739
2025-08-30,2025_26,Ligue 1,,Nantes,Auxerre,1.356131365410442,1.2207582332165976
2025-08-30,2025_26,Ligue 1,,Toulouse,Paris SG,0.7723092263412139,2.1875829555860076
2025-08-30,2025_26,Premier League,,Chelsea,Fulham,1.8122780006904593,0.9083083820737149
2025-08-30,2025_26,Premier League,,Leeds,Newcastle,0.9996729820132404,1.8806333423994357
2025-08-30,2025_26,Premier League,,Man United,Burnley,1.8247517526264507,0.886799436437686
2025-08-30,2025_26,Premier League,,Sunderland,Brentford,1.000582092168564,1.811368057424474
2025-08-30,2025_26,Premier League,,Tottenham,Bournemouth,1.412800279122524,1.1672128967263715
2025-08-30,2025_26,Premier League,,Wolves,Everton,1.2909498492065632,1.3607049353409482
2025-08-30,2025_26,Serie A,,Bologna,Como,1.6751191467724549,1.0663826035645867
2025-08-30,2025_26,Serie A,,Napoli,Cagliari,2.3891894331937777,0.744015902880636
2025-08-30,2025_26,Serie A,,Parma,Atalanta,0.8672014047120378,1.8628425086657505
2025-08-30,2025_26,Serie A,,Pisa,Roma,1.191525153158268,1.5210342633203968
2025-08-31,2025_26,Bundesliga,,Dortmund,Union Berlin,2.319901752882073,0.7756379515273019
2025-08-31,2025_26,Bundesliga,,FC Koln,Freiburg,1.2371483022560545,1.5061834214300702
2025-08-31,2025_26,Bundesliga,,Wolfsburg,Mainz,1.363357380957398,1.32061266607443
2025-08-31,2025_26,La Liga,,Betis,Ath Bilbao,1.428112400748226,1.2889559887621418
2025-08-31,2025_26,La Liga,,Celta,Villarreal,1.2033798041502428,1.6138516988565204
2025-08-31,2025_26,La Liga,,Espanol,Osasuna,1.3891801711406966,1.2221846224577109
2025-08-31,2025_26,La Liga,,Vallecano,Barcelona,0.8188427627831203,2.145871305324675
2025-08-31,2025_26,Ligue 1,,Angers,Rennes,1.2214782077386113,1.362030959589116
2025-08-31,2025_26,Ligue 1,,Le Havre,Nice,0.9668575658994064,1.781059996144677
2025-08-31,2025_26,Ligue 1,,Lyon,Marseille,1.5650012548911967,1.2431864001954898
2025-08-31,2025_26,Ligue 1,,Monaco,Strasbourg,1.7067474869146777,1.1465308988692164
2025-08-31,2025_26,Ligue 1,,Paris FC,Metz,1.4742443934331395,1.3415666151872074
2025-08-31,2025_26,Premier League,,Aston Villa,Crystal Palace,1.6340159377823078,1.0669487269690883
2025-08-31,2025_26,Premier League,,Brighton,Man City,1.1566891303227165,1.584898620577311
2025-08-31,2025_26,Premier League,,Liverpool,Arsenal,1.4825508029216656,1.068588439630179
2025-08-31,2025_26,Premier League,,Nott'm Forest,West Ham,1.838110848320088,0.9399246406195408
2025-08-31,2025_26,Serie A,,Genoa,Juventus,1.084426683426929,1.6424324848183034
2025-08-31,2025_26,Serie A,,Inter,Udinese,2.739210089758626,0.6235415073449863
2025-08-31,2025_26,Serie A,,Lazio,Verona,2.037732505986415,0.8572311291476897
2025-08-31,2025_26,Serie A,,Torino,Fiorentina,1.177529554218526,1.4338364925813472
2025-09-12,2025_26,Bundesliga,,Leverkusen,Ein Frankfurt,1.6294958496287137,1.0937341688976436
2025-09-12,2025_26,La Liga,,Sevilla,Elche,1.7178893624783749,1.0082663949224135
2025-09-12,2025_26,Ligue 1,,Marseille,Lorient,2.341524831205455,0.8143451652489846
2025-09-13,2025_26,Bundesliga,,Bayern Munich,Hamburg,3.775485595800531,0.481539837765091
2025-09-13,2025_26,Bundesliga,,Freiburg,Stuttgart,1.2769843840635307,1.334439904443182
2025-09-13,2025_26,Bundesliga,,Heidenheim,Dortmund,0.8214154260971329,2.2385284702015293
2025-09-13,2025_26,Bundesliga,,Mainz,RB Leipzig,1.5822160203850972,1.168861932129017
2025-09-13,2025_26,Bundesliga,,Union Berlin,Hoffenheim,1.4220790406729689,1.204898527492994
2025-09-13,2025_26,Bundesliga,,Wolfsburg,FC Koln,1.7052581705012917,1.0407277971003956
2025-09-13,2025_26,La Liga,,Ath Bilbao,Alaves,1.935277571959588,0.8995233305267593
2025-09-13,2025_26,La Liga,,Ath Madrid,Villarreal,1.8740451570846821,1.0897974481548018
2025-09-13,2025_26,La Liga,,Getafe,Oviedo,1.6461914765615868,1.0389551372331751
2025-09-13,2025_26,La Liga,,Sociedad,Real Madrid,0.8512665562717181,2.15268442792426
2025-09-13,2025_26,Ligue 1,,Auxerre,Monaco,1.1583724284004653,1.5436632780132782
2025-09-13,2025_26,Ligue 1,,Nice,Nantes,2.0228744026704795,0.85276096599813
2025-09-13,2025_26,Premier League,,Arsenal,Nott'm Forest,2.072730408905095,0.8128105555991615
2025-09-13,2025_26,Premier League,,Bournemouth,Brighton,1.396745271847577,1.2590942543672723
2025-09-13,2025_26,Premier League,,Brentford,Chelsea,1.1971360602867145,1.4525703301037107
2025-09-13,2025_26,Premier League,,Crystal Palace,Sunderland,2.2977779322391068,0.7481382243236532
2025-09-13,2025_26,Premier League,,Everton,Aston Villa,1.3597737413109459,1.3122950904799693
2025-09-13,2025_26,Premier League,,Fulham,Leeds,1.858507768562633,0.9074164911118304
2025-09-13,2025_26,Premier League,,Newcastle,Wolves,2.062819925073675,0.905959169965591
2025-09-13,2025_26,Premier League,,West Ham,Tottenham,1.3385311627279495,1.3317184798485613
2025-09-13,2025_26,Serie A,,Cagliari,Parma,1.537757820657766,1.1122771026683829
2025-09-13,2025_26,Serie A,,Fiorentina,Napoli,1.257034835340231,1.413770044260209
2025-09-13,2025_26,Serie A,,Juventus,Inter,1.2649488626322656,1.4072107013740487
2025-09-14,2025_26,Bundesliga,,M'gladbach,Werder Bremen,1.352908948356905,1.2381460484356863
2025-09-14,2025_26,Bundesliga,,St Pauli,Augsburg,1.430894538300086,1.1663464071950111
2025-09-14,2025_26,La Liga,,Barcelona,Valencia,2.56173946052575,0.7002455359158269
2025-09-14,2025_26,La Liga,,Celta,Girona,1.7849883574740402,0.9459724313009344
2025-09-14,2025_26,La Liga,,Levante,Betis,1.178801177569355,1.5467277344013721
2025-09-14,2025_26,La Liga,,Osasuna,Vallecano,1.5471690244660823,1.1480469964393203
2025-09-14,2025_26,Ligue 1,,Brest,Paris FC,1.6798309186317402,0.9914266186081084
2025-09-14,2025_26,Ligue 1,,Lille,Toulouse,1.8965113169598584,0.8232167784461216
2025-09-14,2025_26,Ligue 1,,Metz,Angers,1.4295959595292977,1.2009137972763722
2025-09-14,2025_26,Ligue 1,,Paris SG,Lens,2.531515780057693,0.6721567988017547
2025-09-14,2025_26,Ligue 1,,Rennes,Lyon,1.1333462822701819,1.450116885605533
2025-09-14,2025_26,Ligue 1,,Strasbourg,Le Havre,1.8654862273835415,0.8927499489600967
2025-09-14,2025_26,Premier League,,Burnley,Liverpool,0.7074342000796603,2.377284042964436
2025-09-14,2025_26,Premier League,,Man City,Man United,2.1158799022874866,0.8317488973142403
2025-09-14,2025_26,Serie A,,Atalanta,Lecce,2.288964353565234,0.6917678981213742
2025-09-14,2025_26,Serie A,,Milan,Bologna,1.5933079057219468,1.0197166472551005
2025-09-14,2025_26,Serie A,,Pisa,Udinese,1.440709189780066,1.1576568806610992
2025-09-14,2025_26,Serie A,,Roma,Torino,2.0024472232245594,0.813880206362568
2025-09-14,2025_26,Serie A,,Sassuolo,Lazio,0.9968951761433077,1.7469961865287875
2025-09-15,2025_26,La Liga,,Espanol,Mallorca,1.5159699519795302,1.0853522280645735
2025-09-15,2025_26,Serie A,,Como,Genoa,1.5427205803424742,1.0497454843554044
2025-09-15,2025_26,Serie A,,Verona,Cremonese,1.393818494783464,1.2216909684032031
2025-09-16,2025_26,Champions League,league_phase,Juventus,Dortmund,1.437582025425331,1.3889982198086919
2025-09-16,2025_26,Champions League,league_phase,Real Madrid,Marseille,2.0860350090027953,0.9575855731871372
2025-09-16,2025_26,Champions League,league_phase,Tottenham,Villarreal,1.3930266130412623,1.598263659729079
2025-09-17,2025_26,Champions League,league_phase,AFC Ajax (NED),Inter,1.2235029732806726,1.5796898527929306
2025-09-17,2025_26,Champions League,league_phase,Bayern Munich,Chelsea,2.436303863380008,0.8188408156426631
2025-09-17,2025_26,Champions League,league_phase,Liverpool,Ath Madrid,1.7780559938019858,1.1110508591267436
2025-09-17,2025_26,Champions League,league_phase,Paris SG,Atalanta,2.0895956521864467,0.8152721117178314
2025-09-18,2025_26,Champions League,league_phase,Club Brugge KV (BEL),Monaco,1.290937410324916,1.471347785409465
2025-09-18,2025_26,Champions League,league_phase,Ein Frankfurt,Galatasaray SK (TUR),2.0470260905102373,0.9598456535901274
2025-09-18,2025_26,Champions League,league_phase,FC København (DEN),Leverkusen,1.0858339862305313,1.7893570847074602
2025-09-18,2025_26,Champions League,league_phase,Man City,Napoli,1.6549916387566825,1.1683690077335713
2025-09-18,2025_26,Champions League,league_phase,Newcastle,Barcelona,1.092925419205044,2.0500973921400747
2025-09-19,2025_26,Bundesliga,,Stuttgart,St Pauli,1.745450292359703,1.0163209924144854
2025-09-19,2025_26,La Liga,,Betis,Sociedad,1.702972037656556,1.0402112092575622
2025-09-19,2025_26,Ligue 1,,Lyon,Angers,2.3087730476311563,0.779926422523796
2025-09-19,2025_26,Serie A,,Lecce,Cagliari,1.3368623560789383,1.3490020950393948
2025-09-20,2025_26,Bundesliga,,Augsburg,Mainz,1.2485773431496512,1.3691209725213083
2025-09-20,2025_26,Bundesliga,,Hamburg,Heidenheim,1.3579238851884357,1.2510331553264713
2025-09-20,2025_26,Bundesliga,,Hoffenheim,Bayern Munich,0.6846762603609204,2.5896741341013545
2025-09-20,2025_26,Bundesliga,,RB Leipzig,FC Koln,1.8189523138044406,0.9438004427902497
2025-09-20,2025_26,Bundesliga,,Werder Bremen,Freiburg,1.5850791240998106,1.1263381674296906
2025-09-20,2025_26,La Liga,,Alaves,Sevilla,1.3673729370512269,1.1877712793162831
2025-09-20,2025_26,La Liga,,Girona,Levante,1.3705806757779697,1.2574439443865624
2025-09-20,2025_26,La Liga,,Real Madrid,Espanol,2.554863559534115,0.6038653412603662
2025-09-20,2025_26,La Liga,,Valencia,Ath Bilbao,1.2482689123404096,1.4427170148721002
2025-09-20,2025_26,La Liga,,Villarreal,Osasuna,1.9012591838993411,0.9186655569051241
2025-09-20,2025_26,Ligue 1,,Brest,Nice,1.1767773233737873,1.5315465602997007
2025-09-20,2025_26,Ligue 1,,Lens,Lille,1.167348236209051,1.381000126237227
2025-09-20,2025_26,Ligue 1,,Nantes,Rennes,1.3427622188474804,1.2898759355967109
2025-09-20,2025_26,Premier League,,Brighton,Tottenham,1.5453164106057393,1.1056357948922673
2025-09-20,2025_26,Premier League,,Burnley,Nott'm Forest,1.0923920953644475,1.5241035005459875
2025-09-20,2025_26,Premier League,,Fulham,Brentford,1.3974494730611682,1.2542665960441577
2025-09-20,2025_26,Premier League,,Liverpool,Everton,2.3056818218873465,0.7603267956875183
2025-09-20,2025_26,Premier League,,Man United,Chelsea,1.1461243234935394,1.501843570741699
2025-09-20,2025_26,Premier League,,West Ham,Crystal Palace,1.1431269259798567,1.5520575781339734
2025-09-20,2025_26,Premier League,,Wolves,Leeds,1.6969121599903736,1.0024555130912458
2025-09-20,2025_26,Serie A,,Bologna,Genoa,1.7505682915525294,0.9843209685604176
2025-09-20,2025_26,Serie A,,Udinese,Milan,1.0758580787589462,1.6120254608380677
2025-09-20,2025_26,Serie A,,Verona,Juventus,0.8975326251372087,2.0564423980002844
2025-09-21,2025_26,Bundesliga,,Dortmund,Wolfsburg,2.2066171061109725,0.7960505049779149
2025-09-21,2025_26,Bundesliga,,Ein Frankfurt,Union Berlin,2.2042574134025057,0.8399754735646395
2025-09-21,2025_26,Bundesliga,,Leverkusen,M'gladbach,2.1797055910287035,0.7940896543588954
2025-09-21,2025_26,La Liga,,Barcelona,Getafe,2.939887647807161,0.6041647234756266
2025-09-21,2025_26,La Liga,,Elche,Oviedo,1.6663888310502646,1.0676613293924055
2025-09-21,2025_26,La Liga,,Mallorca,Ath Madrid,0.9447629538276774,1.8987237380425943
2025-09-21,2025_26,La Liga,,Vallecano,Celta,1.4184890456226673,1.1679903599947499
2025-09-21,2025_26,Ligue 1,,Auxerre,Toulouse,1.3609838630052604,1.24285694186275
2025-09-21,2025_26,Ligue 1,,Le Havre,Lorient,1.5258266118019073,1.1634456050587922
2025-09-21,2025_26,Ligue 1,,Monaco,Metz,2.3213123298078724,0.81784488827378
2025-09-21,2025_26,Ligue 1,,Paris FC,Strasbourg,1.3184840095289265,1.4811933341531531
2025-09-21,2025_26,Premier League,,Arsenal,Man City,1.6025183064787951,1.1245851918861731
2025-09-21,2025_26,Premier League,,Bournemouth,Newcastle,1.3796593080681896,1.3137640312861487
2025-09-21,2025_26,Premier League,,Sunderland,Aston Villa,0.9627157037831372,1.823694911947615
2025-09-21,2025_26,Serie A,,Cremonese,Parma,1.5043978584617617,1.0596809442949864
2025-09-21,2025_26,Serie A,,Fiorentina,Como,1.6598171760136433,1.040169131747361
2025-09-21,2025_26,Serie A,,Inter,Sassuolo,2.8023748464080662,0.5716475262054099
2025-09-21,2025_26,Serie A,,Lazio,Roma,1.4872356661513173,1.3420742504151861
2025-09-21,2025_26,Serie A,,Torino,Atalanta,1.0164383996076527,1.6064335353873935
2025-09-22,2025_26,Ligue 1,,Marseille,Paris SG,0.9714023900698159,1.7930087735968214
2025-09-22,2025_26,Serie A,,Napoli,Pisa,2.1988693542697444,0.7540846988157637
2025-09-23,2025_26,La Liga,,Ath Bilbao,Girona,2.189167959311479,0.797839514052629
2025-09-23,2025_26,La Liga,,Espanol,Valencia,1.405243936767899,1.2002259648900635
2025-09-23,2025_26,La Liga,,Levante,Real Madrid,0.8070498516123137,2.3485335542165777
2025-09-23,2025_26,La Liga,,Sevilla,Villarreal,1.214409685741635,1.6106381423882086
2025-09-24,2025_26,La Liga,,Ath Madrid,Vallecano,2.368574616098938,0.7751200812576325
2025-09-24,2025_26,La Liga,,Getafe,Alaves,1.388415180651211,1.1850070630666312
2025-09-24,2025_26,La Liga,,Sociedad,Mallorca,1.530125946958873,1.1102838128862662
2025-09-25,2025_26,La Liga,,Osasuna,Elche,1.8110321963929348,0.925774525308101
2025-09-25,2025_26,La Liga,,Oviedo,Barcelona,0.6319224188722954,2.8628150471576315
2025-09-26,2025_26,Bundesliga,,Bayern Munich,Werder Bremen,2.887665363538603,0.5752008927690814
2025-09-26,2025_26,La Liga,,Girona,Espanol,1.2127814445709713,1.3821720299940075
2025-09-26,2025_26,Ligue 1,,Strasbourg,Marseille,1.3595566482110861,1.4053333666665375
2025-09-27,2025_26,Bundesliga,,Heidenheim,Augsburg,1.2349189097306286,1.349492837169047
2025-09-27,2025_26,Bundesliga,,M'gladbach,Ein Frankfurt,1.1133131496418924,1.590975119178402
2025-09-27,2025_26,Bundesliga,,Mainz,Dortmund,1.0919806913513765,1.6633845780435277
2025-09-27,2025_26,Bundesliga,,St Pauli,Leverkusen,0.957805006970789,1.801503209483379
2025-09-27,2025_26,Bundesliga,,Wolfsburg,RB Leipzig,1.4407716381964946,1.2884298118031527
2025-09-27,2025_26,La Liga,,Ath Madrid,Real Madrid,1.2819355465240951,1.387595400464751
2025-09-27,2025_26,La Liga,,Getafe,Levante,1.473997980695092,1.11253800678717
2025-09-27,2025_26,La Liga,,Mallorca,Alaves,1.4481772891811644,1.1989964623570764
2025-09-27,2025_26,La Liga,,Villarreal,Ath Bilbao,1.6765864866725957,1.0768330666550103
2025-09-27,2025_26,Ligue 1,,Lorient,Monaco,1.0646020422914626,1.7723039025356528
2025-09-27,2025_26,Ligue 1,,Paris SG,Auxerre,2.979245922416403,0.5199707800688376
2025-09-27,2025_26,Ligue 1,,Toulouse,Nantes,1.6097930854550944,1.096243991939978
2025-09-27,2025_26,Premier League,,Brentford,Man United,1.5358894301339079,1.1120364046856959
2025-09-27,2025_26,Premier League,,Chelsea,Brighton,1.697674925365112,0.9751148603991122
2025-09-27,2025_26,Premier League,,Crystal Palace,Liverpool,1.0358615562363735,1.6751472903666689
2025-09-27,2025_26,Premier League,,Leeds,Bournemouth,1.0794792488428786,1.4871525295762567
2025-09-27,2025_26,Premier League,,Man City,Burnley,2.699295498095443,0.6039509677340813
2025-09-27,2025_26,Premier League,,Nott'm Forest,Sunderland,2.012718665826001,0.8599841629210817
2025-09-27,2025_26,Premier League,,Tottenham,Wolves,1.7156422724428226,0.9987885213251071
2025-09-27,2025_26,Serie A,,Cagliari,Inter,0.8611038314573454,2.140732339291741
2025-09-27,2025_26,Serie A,,Como,Cremonese,1.718458926290365,0.9588812280065913
2025-09-27,2025_26,Serie A,,Juventus,Atalanta,1.4630550753100682,1.117487537768276
2025-09-28,2025_26,Bundesliga,,FC Koln,Stuttgart,1.1894217737011723,1.403153585606461
2025-09-28,2025_26,Bundesliga,,Freiburg,Hoffenheim,1.619509763438275,1.0251712876264527
2025-09-28,2025_26,Bundesliga,,Union Berlin,Hamburg,1.8666593632699253,1.0181914502103564
2025-09-28,2025_26,La Liga,,Barcelona,Sociedad,3.0009896928302613,0.6165374916867956
2025-09-28,2025_26,La Liga,,Betis,Osasuna,1.6848428931360553,1.0480841207188538
2025-09-28,2025_26,La Liga,,Elche,Celta,1.2407465333899064,1.3728159434285225
2025-09-28,2025_26,La Liga,,Vallecano,Sevilla,1.4739828244635464,1.1368676820742634
2025-09-28,2025_26,Ligue 1,,Angers,Brest,1.2448542389574215,1.3625671789210052
2025-09-28,2025_26,Ligue 1,,Lille,Lyon,1.5140966400875548,1.0692184531672586
2025-09-28,2025_26,Ligue 1,,Metz,Le Havre,1.3380967794147838,1.2671273940699919
2025-09-28,2025_26,Ligue 1,,Nice,Paris FC,1.8637974797716168,0.8879365036319198
2025-09-28,2025_26,Ligue 1,,Rennes,Lens,1.2986877753746375,1.3056512595560719
2025-09-28,2025_26,Premier League,,Aston Villa,Fulham,1.7015372819177392,1.0560118879428049
2025-09-28,2025_26,Premier League,,Newcastle,Arsenal,1.1605066586665418,1.6804524220069081
2025-09-28,2025_26,Serie A,,Lecce,Bologna,1.065027050957376,1.683255134249127
2025-09-28,2025_26,Serie A,,Milan,Napoli,1.3339874901237485,1.2538050644744556
2025-09-28,2025_26,Serie A,,Pisa,Fiorentina,1.1792280116763967,1.4706351884202205
2025-09-28,2025_26,Serie A,,Roma,Verona,2.2281659092803636,0.7274720138989111
2025-09-28,2025_26,Serie A,,Sassuolo,Udinese,1.3480157032826432,1.2552458870566736
2025-09-29,2025_26,Premier League,,Everton,West Ham,1.7278946008847647,0.9531061886722773
2025-09-29,2025_26,Serie A,,Genoa,Lazio,1.2373710814958347,1.502557305945876
2025-09-29,2025_26,Serie A,,Parma,Torino,1.3799749908266579,1.2852658925554041
2025-09-30,2025_26,Champions League,league_phase,Atalanta,Club Brugge KV (BEL),1.9836535266488384,0.883907076229808
2025-09-30,2025_26,Champions League,league_phase,Ath Madrid,Ein Frankfurt,1.910355902440246,1.1217209792449334
2025-09-30,2025_26,Champions League,league_phase,Chelsea,Sport Lisboa e Benfica (POR),1.847283911102895,1.0424889501651249
2025-09-30,2025_26,Champions League,league_phase,Galatasaray SK (TUR),Liverpool,0.9834022035830852,2.2781738971490806
2025-09-30,2025_26,Champions League,league_phase,Marseille,AFC Ajax (NED),1.6510155389561048,1.2406180519266101
2025-09-30,2025_26,La Liga,,Valencia,Oviedo,1.9586505580250466,0.8929768181423418
2025-10-01,2025_26,Champions League,league_phase,Barcelona,Paris SG,1.4839049277055267,1.3210216911557227
2025-10-01,2025_26,Champions League,league_phase,Dortmund,Athletic Bilbao,2.9437175591403375,0.6434167282968142
2025-10-01,2025_26,Champions League,league_phase,Leverkusen,PSV (NED),2.0910135428906123,0.9690920074125547
2025-10-01,2025_26,Champions League,league_phase,Monaco,Man City,1.2683234274690605,1.7812560119585137
2025-10-01,2025_26,Champions League,league_phase,Napoli,Sporting Clube de Portugal (POR),2.036955555000643,0.9623809164429348
2025-10-01,2025_26,Champions League,league_phase,Royale Union Saint-Gilloise (BEL),Newcastle,1.7166705965935665,1.118727905383352
2025-10-01,2025_26,Champions League,league_phase,Villarreal,Juventus,1.5078206265658018,1.360587176873972
2025-10-03,2025_26,Bundesliga,,Hoffenheim,FC Koln,1.5072232180861402,1.0702507048435628
2025-10-03,2025_26,La Liga,,Osasuna,Getafe,1.6513632895769763,1.1018435261648698
2025-10-03,2025_26,Ligue 1,,Paris FC,Lorient,1.7075705726567694,1.1210492607634388
2025-10-03,2025_26,Premier League,,Bournemouth,Fulham,1.560133502312227,1.0714390192164667
2025-10-03,2025_26,Serie A,,Verona,Sassuolo,1.402752624359041,1.1883067920520751
2025-10-04,2025_26,Bundesliga,,Augsburg,Wolfsburg,1.335724008906958,1.3565929313827518
2025-10-04,2025_26,Bundesliga,,Dortmund,RB Leipzig,2.1269284741399335,0.8247536116240602
2025-10-04,2025_26,Bundesliga,,Ein Frankfurt,Bayern Munich,0.9128241317986763,2.020093397666283
2025-10-04,2025_26,Bundesliga,,Leverkusen,Union Berlin,2.099289520029493,0.8021282329268542
2025-10-04,2025_26,Bundesliga,,Werder Bremen,St Pauli,1.5926392878532378,1.1008989988517401
2025-10-04,2025_26,La Liga,,Ath Bilbao,Mallorca,1.783023494622101,0.8697632176693592
2025-10-04,2025_26,La Liga,,Girona,Valencia,1.1492164161738412,1.3696245103373383
2025-10-04,2025_26,La Liga,,Oviedo,Levante,1.292352032551053,1.2592552056588446
2025-10-04,2025_26,La Liga,,Real Madrid,Villarreal,2.127837662580632,0.8225406223094583
2025-10-04,2025_26,Ligue 1,,Auxerre,Lens,1.2828862289814873,1.4153529285457283
2025-10-04,2025_26,Ligue 1,,Brest,Nantes,1.6839075207267324,1.0908920159904978
2025-10-04,2025_26,Ligue 1,,Metz,Marseille,0.9548999597923135,2.0132456030869674
2025-10-04,2025_26,Premier League,,Arsenal,West Ham,2.4626329329030536,0.6661712881449231
2025-10-04,2025_26,Premier League,,Chelsea,Liverpool,1.187803273973881,1.3990236299829903
2025-10-04,2025_26,Premier League,,Leeds,Tottenham,1.191711544153583,1.4618042225916341
2025-10-04,2025_26,Premier League,,Man United,Sunderland,1.9727874975408908,0.8753414617915872
2025-10-04,2025_26,Serie A,,Atalanta,Como,1.8388767708631266,0.8874601676364696
2025-10-04,2025_26,Serie A,,Inter,Cremonese,2.7065808501260915,0.6273066181244442
2025-10-04,2025_26,Serie A,,Lazio,Torino,1.978425574557297,0.8933831209478194
2025-10-04,2025_26,Serie A,,Parma,Lecce,1.598457037554185,1.099211125137552
2025-10-05,2025_26,Bundesliga,,Hamburg,Mainz,1.0745272535304484,1.6900618462965715
2025-10-05,2025_26,Bundesliga,,M'gladbach,Freiburg,1.3863397962878685,1.3002824615879895
2025-10-05,2025_26,Bundesliga,,Stuttgart,Heidenheim,2.0289833627011924,0.8203859657351191
2025-10-05,2025_26,La Liga,,Alaves,Elche,1.4704807604734558,1.0786685234667217
2025-10-05,2025_26,La Liga,,Celta,Ath Madrid,0.9804524085029916,1.8323049604574164
2025-10-05,2025_26,La Liga,,Espanol,Betis,1.23819095966811,1.4116661592199227
2025-10-05,2025_26,La Liga,,Sevilla,Barcelona,0.8092866846101239,2.236999228098987
2025-10-05,2025_26,La Liga,,Sociedad,Vallecano,1.4592647680152344,1.2065215751562768
2025-10-05,2025_26,Ligue 1,,Le Havre,Rennes,1.2815586314617207,1.33382265256082
2025-10-05,2025_26,Ligue 1,,Lille,Paris SG,0.9146565107308182,1.7270145630040157
2025-10-05,2025_26,Ligue 1,,Lyon,Toulouse,1.8322408054523724,0.8953433603920503
2025-10-05,2025_26,Ligue 1,,Monaco,Nice,1.6418895248241108,1.1864746319558903
2025-10-05,2025_26,Ligue 1,,Strasbourg,Angers,2.0693391337919467,0.8537375626872089
2025-10-05,2025_26,Premier League,,Aston Villa,Burnley,2.2972542191110614,0.7708066346324328
2025-10-05,2025_26,Premier League,,Brentford,Man City,1.051972169479008,1.7358800230467886
2025-10-05,2025_26,Premier League,,Everton,Crystal Palace,1.3515716741996582,1.2737370135523425
2025-10-05,2025_26,Premier League,,Newcastle,Nott'm Forest,1.7684389054152951,1.040157369150463
2025-10-05,2025_26,Premier League,,Wolves,Brighton,1.1480114531322643,1.4901525691845572
2025-10-05,2025_26,Serie A,,Bologna,Pisa,1.74298677986908,0.9123480548906618
2025-10-05,2025_26,Serie A,,Fiorentina,Roma,1.3493779036958793,1.361903018484153
2025-10-05,2025_26,Serie A,,Juventus,Milan,1.5354785855777067,1.0624661002848357
2025-10-05,2025_26,Serie A,,Napoli,Genoa,2.189948238451449,0.7889134754133414
2025-10-05,2025_26,Serie A,,Udinese,Cagliari,1.4568714964201026,1.2115981428612588
2025-10-17,2025_26,Bundesliga,,Union Berlin,M'gladbach,1.4263570057022317,1.2581449792980093
2025-10-17,2025_26,La Liga,,Oviedo,Espanol,1.2289428188916804,1.3398537994636217
2025-10-17,2025_26,Ligue 1,,Paris SG,Strasbourg,2.4203624836572097,0.6981804550958823
2025-10-18,2025_26,Bundesliga,,Bayern Munich,Dortmund,2.1300106882928014,0.8360621809923688
2025-10-18,2025_26,Bundesliga,,FC Koln,Augsburg,1.3933045039897707,1.2206311977782975
2025-10-18,2025_26,Bundesliga,,Heidenheim,Werder Bremen,1.1202180218485656,1.467827826368421
2025-10-18,2025_26,Bundesliga,,Mainz,Leverkusen,1.0929867989573878,1.6477871695775395
2025-10-18,2025_26,Bundesliga,,RB Leipzig,Hamburg,2.1534954981889896,0.8881945928886951
2025-10-18,2025_26,Bundesliga,,Wolfsburg,Stuttgart,1.2944383729093416,1.290838828641799
2025-10-18,2025_26,La Liga,,Ath Madrid,Osasuna,2.4584892373619756,0.7850284494778245
2025-10-18,2025_26,La Liga,,Barcelona,Girona,2.942602063048072,0.5607949435534793
2025-10-18,2025_26,La Liga,,Sevilla,Mallorca,1.6462304803718384,1.0128234228127562
2025-10-18,2025_26,La Liga,,Villarreal,Betis,1.5987361710397545,1.0662953344170183
2025-10-18,2025_26,Ligue 1,,Angers,Monaco,1.0313682038462637,1.7352708847680909
2025-10-18,2025_26,Ligue 1,,Marseille,Le Havre,2.3592852059687663,0.7610475224808047
2025-10-18,2025_26,Ligue 1,,Nice,Lyon,1.4295882575896062,1.2287368728105492
2025-10-18,2025_26,Premier League,,Brighton,Newcastle,1.3969356996296516,1.2817523096871715
2025-10-18,2025_26,Premier League,,Burnley,Leeds,1.3626681623256822,1.230237458751699
2025-10-18,2025_26,Premier League,,Crystal Palace,Bournemouth,1.5218277343197162,1.1521438366301326
2025-10-18,2025_26,Premier League,,Fulham,Arsenal,0.956672114870167,1.853439413005014
2025-10-18,2025_26,Premier League,,Man City,Everton,2.0980258356929524,0.7949862429654416
2025-10-18,2025_26,Premier League,,Nott'm Forest,Chelsea,1.1550710168437892,1.4565631787519593
2025-10-18,2025_26,Premier League,,Sunderland,Wolves,1.2555204386976462,1.432928062620775
2025-10-18,2025_26,Serie A,,Lecce,Sassuolo,1.4452608840819299,1.2140102853265664
2025-10-18,2025_26,Serie A,,Pisa,Verona,1.5609449858958986,1.136513053016911
2025-10-18,2025_26,Serie A,,Roma,Inter,1.2101389159952913,1.4962871268829374
2025-10-18,2025_26,Serie A,,Torino,Napoli,1.0568026993873263,1.6888856971322501
2025-10-19,2025_26,Bundesliga,,Freiburg,Ein Frankfurt,1.3377587341721593,1.486535185855711
2025-10-19,2025_26,Bundesliga,,St Pauli,Hoffenheim,1.3759284970294088,1.1593257290074583
2025-10-19,2025_26,La Liga,,Celta,Sociedad,1.6200826762419203,1.0955268374782359
2025-10-19,2025_26,La Liga,,Elche,Ath Bilbao,1.1712193386979943,1.6162782374435556
2025-10-19,2025_26,La Liga,,Getafe,Real Madrid,0.7434144644896167,2.321564873692055
2025-10-19,2025_26,La Liga,,Levante,Vallecano,1.4420122304013916,1.2762118695101434
2025-10-19,2025_26,Ligue 1,,Lens,Paris FC,1.7342969615902695,0.9913182928858038
2025-10-19,2025_26,Ligue 1,,Lorient,Brest,1.3087442339638153,1.5138250408823173
2025-10-19,2025_26,Ligue 1,,Nantes,Lille,1.0160645059416369,1.6837786189120065
2025-10-19,2025_26,Ligue 1,,Rennes,Auxerre,1.590026134651695,0.9995460257462421
2025-10-19,2025_26,Ligue 1,,Toulouse,Metz,1.8913710498274956,0.8887395938023855
2025-10-19,2025_26,Premier League,,Liverpool,Man United,2.205481046645975,0.7351014441598976
2025-10-19,2025_26,Premier League,,Tottenham,Aston Villa,1.237006504692009,1.2294399517983918
2025-10-19,2025_26,Serie A,,Atalanta,Lazio,1.5912564706975696,1.096904047907507
2025-10-19,2025_26,Serie A,,Cagliari,Bologna,1.1767662331800928,1.4950808326512102
2025-10-19,2025_26,Serie A,,Como,Juventus,1.132930457208177,1.570006134759282
2025-10-19,2025_26,Serie A,,Genoa,Parma,1.5896853250292373,0.9996680233414604
2025-10-19,2025_26,Serie A,,Milan,Fiorentina,1.6302007739874447,1.0153020043656988
2025-10-20,2025_26,La Liga,,Alaves,Valencia,1.415457865397521,1.1672932229041562
2025-10-20,2025_26,Premier League,,West Ham,Brentford,1.2111751980375576,1.4247716005665636
2025-10-20,2025_26,Serie A,,Cremonese,Udinese,1.4152773422481815,1.220284451093679
2025-10-21,2025_26,Champions League,league_phase,Arsenal,Ath Madrid,1.7521478762776843,1.1551724744827172
2025-10-21,2025_26,Champions League,league_phase,Barcelona,PAE Olympiakos SFP (GRE),2.988978234312472,0.6008011784963366
2025-10-21,2025_26,Champions League,league_phase,FC København (DEN),Dortmund,1.0823120822250853,1.947015415076568
2025-10-21,2025_26,Champions League,league_phase,FK Kairat (KAZ),Paphos FC (CYP),1.1671305785579906,1.4646552632434127
2025-10-21,2025_26,Champions League,league_phase,Leverkusen,Paris SG,1.1861083428007055,1.6534394067127618
2025-10-21,2025_26,Champions League,league_phase,Newcastle,Sport Lisboa e Benfica (POR),1.833673987528039,1.1100998380736975
2025-10-21,2025_26,Champions League,league_phase,PSV (NED),Napoli,1.3444461909251468,1.5623877646059756
2025-10-21,2025_26,Champions League,league_phase,Royale Union Saint-Gilloise (BEL),Inter,0.8382207648412682,2.2657768165208183
2025-10-21,2025_26,Champions League,league_phase,Villarreal,Man City,1.2999351756130448,1.5823410948309535
2025-10-22,2025_26,Champions League,league_phase,Atalanta,SK Slavia Praha (CZE),2.4821981155308386,0.803405665012399
2025-10-22,2025_26,Champions League,league_phase,Bayern Munich,Club Brugge KV (BEL),3.198444260115948,0.5755085580492892
2025-10-22,2025_26,Champions League,league_phase,Chelsea,AFC Ajax (NED),1.625815754863524,1.0595072890922737
2025-10-22,2025_26,Champions League,league_phase,Ein Frankfurt,Liverpool,1.3085928425761317,1.5817158560388804
2025-10-22,2025_26,Champions League,league_phase,Monaco,Tottenham,1.7750845677839835,1.1451295638637795
2025-10-22,2025_26,Champions League,league_phase,Real Madrid,Juventus,2.1076309097840285,0.8730005481442937
2025-10-22,2025_26,Champions League,league_phase,Sporting Clube de Portugal (POR),Marseille,1.30185755262167,1.6661391708286666
2025-10-24,2025_26,Bundesliga,,Werder Bremen,Union Berlin,1.5419253653589156,1.0813538080302414
2025-10-24,2025_26,La Liga,,Sociedad,Sevilla,1.3734308572194502,1.291928896129662
2025-10-24,2025_26,Ligue 1,,Paris FC,Nantes,1.6364433377097505,1.1108967524513995
2025-10-24,2025_26,Premier League,,Leeds,West Ham,1.3450401018871525,1.1905207331574672
2025-10-24,2025_26,Serie A,,Milan,Pisa,2.146767111343055,0.7491085583301014
2025-10-25,2025_26,Bundesliga,,Augsburg,RB Leipzig,1.2774555514796113,1.461076187029607
2025-10-25,2025_26,Bundesliga,,Dortmund,FC Koln,2.460952717961414,0.6638381137770133
2025-10-25,2025_26,Bundesliga,,Ein Frankfurt,St Pauli,1.9333381397725569,0.9318124392393914
2025-10-25,2025_26,Bundesliga,,Hamburg,Wolfsburg,1.3407654720227566,1.4434409866994444
2025-10-25,2025_26,Bundesliga,,Hoffenheim,Heidenheim,1.6254501078173125,0.9838612354739281
2025-10-25,2025_26,Bundesliga,,M'gladbach,Bayern Munich,0.640243672534022,2.7378226472357867
2025-10-25,2025_26,La Liga,,Ath Bilbao,Getafe,1.8578732609092878,0.9136259015628851
2025-10-25,2025_26,La Liga,,Espanol,Elche,1.643659028882768,0.9932472680539653
2025-10-25,2025_26,La Liga,,Girona,Oviedo,1.5462812180171632,1.0624969377643825
2025-10-25,2025_26,La Liga,,Valencia,Villarreal,1.2975300655726312,1.5115222796771743
2025-10-25,2025_26,Ligue 1,,Brest,Paris SG,0.7724653234702816,2.408951308126652
2025-10-25,2025_26,Ligue 1,,Lens,Marseille,1.3123506040182662,1.446763117027464
2025-10-25,2025_26,Ligue 1,,Monaco,Toulouse,1.6783848189087907,1.0555977756661752
2025-10-25,2025_26,Premier League,,Brentford,Liverpool,1.0753435631641897,1.7043576841456631
2025-10-25,2025_26,Premier League,,Chelsea,Sunderland,2.565201430010842,0.6454500021374873
2025-10-25,2025_26,Premier League,,Man United,Brighton,1.2977800218837972,1.2435735525810572
2025-10-25,2025_26,Premier League,,Newcastle,Fulham,1.8699618012457204,0.9357523525685784
2025-10-25,2025_26,Serie A,,Cremonese,Atalanta,0.9846979040528426,1.6409959632092408
2025-10-25,2025_26,Serie A,,Napoli,Inter,1.1572092990295908,1.571268740511047
2025-10-25,2025_26,Serie A,,Parma,Como,1.1719867232270393,1.4952178462152659
2025-10-25,2025_26,Serie A,,Udinese,Lecce,1.5629659724487797,1.0616389798827712
2025-10-26,2025_26,Bundesliga,,Leverkusen,Freiburg,1.8545056161701432,0.9567935549952297
2025-10-26,2025_26,Bundesliga,,Stuttgart,Mainz,1.5872594676366047,1.0945752473484973
2025-10-26,2025_26,La Liga,,Mallorca,Levante,1.4492951644809362,1.128675624745365
2025-10-26,2025_26,La Liga,,Osasuna,Celta,1.4574138540723867,1.1643019963268968
2025-10-26,2025_26,La Liga,,Real Madrid,Barcelona,1.4609881186180247,1.1509753610135145
2025-10-26,2025_26,La Liga,,Vallecano,Alaves,1.5142650282205588,1.122192844900596
2025-10-26,2025_26,Ligue 1,,Angers,Lorient,1.423418260697647,1.229689937442127
2025-10-26,2025_26,Ligue 1,,Auxerre,Le Havre,1.6561153590824742,1.0388623230974083
2025-10-26,2025_26,Ligue 1,,Lille,Metz,2.3644555700981065,0.6489974540696996
2025-10-26,2025_26,Ligue 1,,Lyon,Strasbourg,1.552499324612635,1.1596664129633962
2025-10-26,2025_26,Ligue 1,,Rennes,Nice,1.2383645147819364,1.2928819446261095
2025-10-26,2025_26,Premier League,,Arsenal,Crystal Palace,2.071934654600942,0.8580705565899213
2025-10-26,2025_26,Premier League,,Aston Villa,Man City,1.198532024784141,1.5761598533969432
2025-10-26,2025_26,Premier League,,Bournemouth,Nott'm Forest,1.6766475757370807,0.9873151934114233
2025-10-26,2025_26,Premier League,,Everton,Tottenham,1.5201604379450573,1.1845519454282496
2025-10-26,2025_26,Premier League,,Wolves,Burnley,1.6338765257640238,1.0261176188329122
2025-10-26,2025_26,Serie A,,Fiorentina,Bologna,1.373035593438684,1.24786481182458
2025-10-26,2025_26,Serie A,,Lazio,Juventus,1.4434528997415192,1.33824530429007
2025-10-26,2025_26,Serie A,,Sassuolo,Roma,1.0127008198056302,1.8092693985084227
2025-10-26,2025_26,Serie A,,Torino,Genoa,1.4578116800921237,1.1428929648963178
2025-10-26,2025_26,Serie A,,Verona,Cagliari,1.3634118491034084,1.3414171145437235
2025-10-27,2025_26,La Liga,,Betis,Ath Madrid,1.2716583504385013,1.4570411390775668
2025-10-28,2025_26,Serie A,,Atalanta,Milan,1.4606763282047777,1.1339029593145942
2025-10-28,2025_26,Serie A,,Lecce,Napoli,0.9795478493281329,1.8436643867506175
2025-10-29,2025_26,Ligue 1,,Le Havre,Brest,1.2620821701932863,1.356156085654781
2025-10-29,2025_26,Ligue 1,,Lorient,Paris SG,0.6529752747288485,3.0397020324452813
2025-10-29,2025_26,Ligue 1,,Marseille,Angers,2.6326169870793428,0.7272678761137842
2025-10-29,2025_26,Ligue 1,,Metz,Lens,0.9551868262929241,1.91864245322515
2025-10-29,2025_26,Ligue 1,,Nantes,Monaco,1.1775657662430437,1.6333363495735231
2025-10-29,2025_26,Ligue 1,,Nice,Lille,1.3440816956436898,1.3585657133447162
2025-10-29,2025_26,Ligue 1,,Paris FC,Lyon,1.1717161604373156,1.5490514234094523
2025-10-29,2025_26,Ligue 1,,Strasbourg,Auxerre,1.9026159530165243,0.8703237706943131
2025-10-29,2025_26,Ligue 1,,Toulouse,Rennes,1.5302625683818314,1.1011347238990552
2025-10-29,2025_26,Serie A,,Bologna,Torino,1.9277048325591173,0.9165914016754074
2025-10-29,2025_26,Serie A,,Como,Verona,1.8989618396985233,0.8953167293518464
2025-10-29,2025_26,Serie A,,Genoa,Cremonese,1.4820292145383347,1.0865799283296695
2025-10-29,2025_26,Serie A,,Inter,Fiorentina,2.1826222618569693,0.7946292316715902
2025-10-29,2025_26,Serie A,,Juventus,Udinese,2.023236677664418,0.8121410118059076
2025-10-29,2025_26,Serie A,,Roma,Parma,2.186215341450797,0.732944782635813
2025-10-30,2025_26,Serie A,,Cagliari,Sassuolo,1.5298873454733903,1.0767421782636823
2025-10-30,2025_26,Serie A,,Pisa,Lazio,1.0784324328285928,1.7251055370366242
2025-10-31,2025_26,Bundesliga,,Augsburg,Dortmund,0.8785099772259691,2.028339386191042
2025-10-31,2025_26,La Liga,,Getafe,Girona,1.6094667462660197,1.0404333370284444
2025-11-01,2025_26,Bundesliga,,Bayern Munich,Leverkusen,2.297793867151229,0.7494258014016458
2025-11-01,2025_26,Bundesliga,,Heidenheim,Ein Frankfurt,1.0145466155019565,1.6821929561178395
2025-11-01,2025_26,Bundesliga,,Mainz,Werder Bremen,1.4742871760255034,1.1562217153345336
2025-11-01,2025_26,Bundesliga,,RB Leipzig,Stuttgart,1.5581045361846806,1.1173233617335623
2025-11-01,2025_26,Bundesliga,,St Pauli,M'gladbach,1.3567993254144715,1.173873773965041
2025-11-01,2025_26,Bundesliga,,Union Berlin,Freiburg,1.3488625223621278,1.3508128614537187
2025-11-01,2025_26,La Liga,,Ath Madrid,Sevilla,2.272592457354774,0.8349553175113209
2025-11-01,2025_26,La Liga,,Real Madrid,Valencia,2.6791789424878107,0.5969757259555989
2025-11-01,2025_26,La Liga,,Sociedad,Ath Bilbao,1.2756240057264792,1.4371922654346603
2025-11-01,2025_26,La Liga,,Villarreal,Vallecano,1.8825579641169412,0.9944058000277073
2025-11-01,2025_26,Ligue 1,,Auxerre,Marseille,1.0399243367624738,1.7799680107957312
2025-11-01,2025_26,Ligue 1,,Monaco,Paris FC,1.9104558553741453,0.9172578423876641
2025-11-01,2025_26,Ligue 1,,Paris SG,Nice,2.455780347328408,0.6429376312829604
2025-11-01,2025_26,Premier League,,Brighton,Leeds,2.0109713613515896,0.8444102952355513
2025-11-01,2025_26,Premier League,,Burnley,Arsenal,0.7640640759651858,2.326266739771042
2025-11-01,2025_26,Premier League,,Crystal Palace,Brentford,1.577705784743703,1.1550581659043697
2025-11-01,2025_26,Premier League,,Fulham,Wolves,1.7144310855447171,1.0315652312529107
2025-11-01,2025_26,Premier League,,Liverpool,Aston Villa,1.842716760531968,0.8729989082638697
2025-11-01,2025_26,Premier League,,Nott'm Forest,Man United,1.3178248209592212,1.2986377709752428
2025-11-01,2025_26,Premier League,,Tottenham,Chelsea,1.178479678186182,1.4171290095962077
2025-11-01,2025_26,Serie A,,Cremonese,Juventus,1.0546685574433121,1.7135337834379525
2025-11-01,2025_26,Serie A,,Napoli,Como,1.8821780507585693,0.9308716827382418
2025-11-01,2025_26,Serie A,,Udinese,Atalanta,1.0321503404932213,1.643427708471322
2025-11-02,2025_26,Bundesliga,,FC Koln,Hamburg,1.6273811739379858,1.0688878622328246
2025-11-02,2025_26,Bundesliga,,Wolfsburg,Hoffenheim,1.3622666757934632,1.1656207092953224
2025-11-02,2025_26,La Liga,,Alaves,Espanol,1.4554811679224888,1.2066942328445018
2025-11-02,2025_26,La Liga,,Barcelona,Elche,3.0452801279889066,0.5364664376728039
2025-11-02,2025_26,La Liga,,Betis,Mallorca,1.8207408768685314,0.942194705139257
2025-11-02,2025_26,La Liga,,Levante,Celta,1.2743602882987821,1.373176345151096
2025-11-02,2025_26,Ligue 1,,Brest,Lyon,1.208557145694249,1.540046008334886
2025-11-02,2025_26,Ligue 1,,Lens,Lorient,1.9914414977069257,0.9041257827676176
2025-11-02,2025_26,Ligue 1,,Lille,Angers,2.3723471298170553,0.7111315903106283
2025-11-02,2025_26,Ligue 1,,Nantes,Metz,1.7666883575547843,0.9816766782645032
2025-11-02,2025_26,Ligue 1,,Rennes,Strasbourg,1.276879129705655,1.4066953828433804
2025-11-02,2025_26,Ligue 1,,Toulouse,Le Havre,1.8604995367824917,0.9458279793938673
2025-11-02,2025_26,Premier League,,Man City,Bournemouth,2.0382059676086928,0.8403037344402621
2025-11-02,2025_26,Premier League,,West Ham,Newcastle,1.0157668867093883,1.7498404383319897
2025-11-02,2025_26,Serie A,,Fiorentina,Lecce,1.8801259911814103,0.9317157038798564
2025-11-02,2025_26,Serie A,,Milan,Roma,1.465572311931133,1.24214720925323
2025-11-02,2025_26,Serie A,,Parma,Bologna,1.0589490208433436,1.671456174480506
2025-11-02,2025_26,Serie A,,Torino,Pisa,1.5504185543667521,1.0233021829588411
2025-11-02,2025_26,Serie A,,Verona,Inter,0.7408191389018323,2.555136996536496
2025-11-03,2025_26,La Liga,,Oviedo,Osasuna,1.1660807834865774,1.4091517998017875
2025-11-03,2025_26,Premier League,,Sunderland,Everton,1.186601720262272,1.5097740276727016
2025-11-03,2025_26,Serie A,,Lazio,Cagliari,2.043555700096769,0.9362014429041146
2025-11-03,2025_26,Serie A,,Sassuolo,Genoa,1.3978224713554332,1.2112848256178503
2025-11-04,2025_26,Champions League,league_phase,Ath Madrid,Royale Union Saint-Gilloise (BEL),2.6325480224259628,0.6003075735010001
2025-11-04,2025_26,Champions League,league_phase,Juventus,Sporting Clube de Portugal (POR),1.869318683533241,1.0068561040257094
2025-11-04,2025_26,Champions League,league_phase,Liverpool,Real Madrid,1.3670053045244563,1.4156386132514787
2025-11-04,2025_26,Champions League,league_phase,Napoli,Ein Frankfurt,1.768008261620583,1.1083750423808778
2025-11-04,2025_26,Champions League,league_phase,PAE Olympiakos SFP (GRE),PSV (NED),1.0517780164511539,2.077143128277086
2025-11-04,2025_26,Champions League,league_phase,Paris SG,Bayern Munich,1.3795948575708405,1.3227744177265808
2025-11-04,2025_26,Champions League,league_phase,SK Slavia Praha (CZE),Arsenal,0.9275830629893392,2.463559729909164
2025-11-04,2025_26,Champions League,league_phase,Tottenham,FC København (DEN),1.7009617723618922,1.1460903550404384
2025-11-05,2025_26,Champions League,league_phase,AFC Ajax (NED),Galatasaray SK (TUR),1.8027126208605357,1.0641254397468263
2025-11-05,2025_26,Champions League,league_phase,Club Brugge KV (BEL),Barcelona,0.957567443424814,2.159498317170687
2025-11-05,2025_26,Champions League,league_phase,Inter,FK Kairat (KAZ),3.4744808766974113,0.4939597285141098
2025-11-05,2025_26,Champions League,league_phase,Man City,Dortmund,1.7250968930143435,1.1210599699115564
2025-11-05,2025_26,Champions League,league_phase,Marseille,Atalanta,1.8067328921672925,1.2002784780628453
2025-11-05,2025_26,Champions League,league_phase,Newcastle,Athletic Bilbao,2.1911010071561248,0.9293367810230349
2025-11-05,2025_26,Champions League,league_phase,Paphos FC (CYP),Villarreal,1.0416785999438947,2.013061702765519
2025-11-05,2025_26,Champions League,league_phase,Sport Lisboa e Benfica (POR),Leverkusen,1.2024135093687827,1.6270916420498467
2025-11-07,2025_26,Bundesliga,,Werder Bremen,Wolfsburg,1.544152806888411,1.1142067242711853
2025-11-07,2025_26,La Liga,,Elche,Sociedad,1.3263423956998028,1.3125001184241571
2025-11-07,2025_26,Ligue 1,,Paris FC,Rennes,1.3892440978954346,1.2887917203644006
2025-11-07,2025_26,Serie A,,Pisa,Cremonese,1.4367504965691165,1.215302099459455
2025-11-08,2025_26,Bundesliga,,Hamburg,Dortmund,0.8712109395956841,2.1760505299044186
2025-11-08,2025_26,Bundesliga,,Hoffenheim,RB Leipzig,1.1730250958294817,1.5258583008108257
2025-11-08,2025_26,Bundesliga,,Leverkusen,Heidenheim,2.3113580360861534,0.7327943076406936
2025-11-08,2025_26,Bundesliga,,M'gladbach,FC Koln,1.5275671232363826,1.1370448168596392
2025-11-08,2025_26,Bundesliga,,Union Berlin,Bayern Munich,0.6465990378305448,2.634514992450526
2025-11-08,2025_26,La Liga,,Ath Madrid,Levante,2.4341026829609733,0.7070958926738522
2025-11-08,2025_26,La Liga,,Espanol,Villarreal,1.2045871208678276,1.5367323228576029
2025-11-08,2025_26,La Liga,,Girona,Alaves,1.2912418515674033,1.3119510946400923
2025-11-08,2025_26,La Liga,,Sevilla,Osasuna,1.4511089048258132,1.1832707295505973
2025-11-08,2025_26,Ligue 1,,Le Havre,Nantes,1.5236468419801288,1.2056689818820856
2025-11-08,2025_26,Ligue 1,,Marseille,Brest,1.946024991933009,0.9138680885818
2025-11-08,2025_26,Ligue 1,,Monaco,Lens,1.5783000647046048,1.0997554707959647
2025-11-08,2025_26,Premier League,,Chelsea,Wolves,2.210267519324998,0.7660562899485099
2025-11-08,2025_26,Premier League,,Everton,Fulham,1.5067602325295204,1.1531050425496756
2025-11-08,2025_26,Premier League,,Sunderland,Arsenal,0.7805588847737154,2.496079990677208
2025-11-08,2025_26,Premier League,,Tottenham,Man United,1.4742429257729974,1.1260702961231934
2025-11-08,2025_26,Premier League,,West Ham,Burnley,1.5663439951077849,1.0443881842619578
2025-11-08,2025_26,Serie A,,Como,Cagliari,1.860622347035903,0.954885026047214
2025-11-08,2025_26,Serie A,,Juventus,Torino,1.961760592473831,0.8799449822160278
2025-11-08,2025_26,Serie A,,Lecce,Verona,1.500508760235111,1.1352837130437219
2025-11-08,2025_26,Serie A,,Parma,Milan,1.0047805912302605,1.814429964587681
2025-11-09,2025_26,Bundesliga,,Ein Frankfurt,Mainz,1.5949489886840273,1.0565675121811986
2025-11-09,2025_26,Bundesliga,,Freiburg,St Pauli,1.8743526692553067,0.9761047707909637
2025-11-09,2025_26,Bundesliga,,Stuttgart,Augsburg,1.9046507391187952,0.9506035125269234
2025-11-09,2025_26,La Liga,,Ath Bilbao,Oviedo,1.9747933425511222,0.8006824633605965
2025-11-09,2025_26,La Liga,,Celta,Barcelona,0.9183975548839842,2.07505304472522
2025-11-09,2025_26,La Liga,,Mallorca,Getafe,1.488684947595452,1.253541181615436
2025-11-09,2025_26,La Liga,,Valencia,Betis,1.201996974478398,1.4615919637613122
2025-11-09,2025_26,La Liga,,Vallecano,Real Madrid,0.8059025226361297,2.133076780999861
2025-11-09,2025_26,Ligue 1,,Angers,Auxerre,1.3536450452257056,1.2261143051093604
2025-11-09,2025_26,Ligue 1,,Lorient,Toulouse,1.279250152944237,1.5843180594031807
2025-11-09,2025_26,Ligue 1,,Lyon,Paris SG,0.9627876221343679,1.8055184911456492
2025-11-09,2025_26,Ligue 1,,Metz,Nice,0.9765362802266355,1.7594352284712984
2025-11-09,2025_26,Ligue 1,,Strasbourg,Lille,1.3976027593269265,1.2528423533002295
2025-11-09,2025_26,Premier League,,Aston Villa,Bournemouth,1.5907959256983306,1.1246284370379016
2025-11-09,2025_26,Premier League,,Brentford,Newcastle,1.362576410669961,1.3448997720478735
2025-11-09,2025_26,Premier League,,Crystal Palace,Brighton,1.498203044922093,1.1166127769473937
2025-11-09,2025_26,Premier League,,Man City,Liverpool,1.625661615583838,1.0703401345911752
2025-11-09,2025_26,Premier League,,Nott'm Forest,Leeds,1.7763401162080614,0.9989820504811394
2025-11-09,2025_26,Serie A,,Atalanta,Sassuolo,2.05344334454665,0.7761947120665721
2025-11-09,2025_26,Serie A,,Bologna,Napoli,1.4946510644525945,1.299679583175882
2025-11-09,2025_26,Serie A,,Genoa,Fiorentina,1.251912984877224,1.2741962390701458
2025-11-09,2025_26,Serie A,,Inter,Lazio,2.04316172023444,0.8703514486066538
2025-11-09,2025_26,Serie A,,Roma,Udinese,2.04954730623119,0.8229923429041586
2025-11-21,2025_26,Bundesliga,,Mainz,Hoffenheim,1.402036045326271,1.1834883148467936
2025-11-21,2025_26,La Liga,,Valencia,Levante,1.5572791837435882,1.1091947536378566
2025-11-21,2025_26,Ligue 1,,Nice,Marseille,1.4543848965134074,1.4178027038311012
2025-11-22,2025_26,Bundesliga,,Augsburg,Hamburg,1.589769190294501,1.099052371388573
2025-11-22,2025_26,Bundesliga,,Bayern Munich,Freiburg,3.0913677379055127,0.5897361617319359
2025-11-22,2025_26,Bundesliga,,Dortmund,Stuttgart,1.8537847945050425,0.9019466839076183
2025-11-22,2025_26,Bundesliga,,FC Koln,Ein Frankfurt,1.2120660727470387,1.466059060171991
2025-11-22,2025_26,Bundesliga,,Heidenheim,M'gladbach,1.153062235516418,1.4872600398531357
2025-11-22,2025_26,Bundesliga,,Wolfsburg,Leverkusen,1.018214645660352,1.7408829479538597
2025-11-22,2025_26,La Liga,,Alaves,Celta,1.3174200009845667,1.255959896270038
2025-11-22,2025_26,La Liga,,Barcelona,Ath Bilbao,2.4177336600518666,0.7211395318786167
2025-11-22,2025_26,La Liga,,Osasuna,Sociedad,1.535584222049133,1.1369458704316815
2025-11-22,2025_26,La Liga,,Villarreal,Mallorca,2.0682288870188796,0.8044538125008555
2025-11-22,2025_26,Ligue 1,,Lens,Strasbourg,1.5370253359820867,1.2242249889191261
2025-11-22,2025_26,Ligue 1,,Paris SG,Le Havre,3.1199776293564434,0.5071195610497671
2025-11-22,2025_26,Ligue 1,,Rennes,Monaco,1.3310637760435742,1.257029951068744
2025-11-22,2025_26,Premier League,,Bournemouth,West Ham,1.750648029068538,0.9371621684352132
2025-11-22,2025_26,Premier League,,Brighton,Brentford,1.594480642300933,1.127489402208211
2025-11-22,2025_26,Premier League,,Burnley,Chelsea,0.9285968118411457,1.879469999899452
2025-11-22,2025_26,Premier League,,Fulham,Sunderland,1.8385812051918593,0.9666759458333994
2025-11-22,2025_26,Premier League,,Liverpool,Nott'm Forest,2.2883554665539627,0.7660968925397839
2025-11-22,2025_26,Premier League,,Newcastle,Man City,1.1195243833560886,1.6237997971523317
2025-11-22,2025_26,Premier League,,Wolves,Crystal Palace,1.087591355615161,1.7301161449274167
2025-11-22,2025_26,Serie A,,Cagliari,Genoa,1.3890050907189238,1.2109360693008968
2025-11-22,2025_26,Serie A,,Fiorentina,Juventus,1.2374911061993177,1.4799085552564344
2025-11-22,2025_26,Serie A,,Napoli,Atalanta,1.5725159267561464,1.0693635982387841
2025-11-22,2025_26,Serie A,,Udinese,Bologna,1.0851140055620914,1.557796251816037
2025-11-23,2025_26,Bundesliga,,RB Leipzig,Werder Bremen,1.7285376309155247,0.9772176809283617
2025-11-23,2025_26,Bundesliga,,St Pauli,Union Berlin,1.3283279683367784,1.3347326125750008
2025-11-23,2025_26,La Liga,,Betis,Girona,2.0788210160999157,0.8706424939840022
2025-11-23,2025_26,La Liga,,Elche,Real Madrid,0.7330506867408668,2.3972054641287746
2025-11-23,2025_26,La Liga,,Getafe,Ath Madrid,1.0045268196805832,1.9324334908527467
2025-11-23,2025_26,La Liga,,Oviedo,Vallecano,1.2113447881545913,1.3749980654842446
2025-11-23,2025_26,Ligue 1,,Auxerre,Lyon,1.0684425257103094,1.6331744198930593
2025-11-23,2025_26,Ligue 1,,Brest,Metz,1.7621569563297506,0.9659500165291202
2025-11-23,2025_26,Ligue 1,,Lille,Paris FC,1.9873269553228472,0.8547240438152331
2025-11-23,2025_26,Ligue 1,,Nantes,Lorient,1.5759697428504438,1.1535927883874244
2025-11-23,2025_26,Ligue 1,,Toulouse,Angers,1.8671139449115555,0.9466726516002442
2025-11-23,2025_26,Premier League,,Arsenal,Tottenham,2.172845736618686,0.8325687839080697
2025-11-23,2025_26,Premier League,,Leeds,Aston Villa,0.9872839023560327,1.7271723205156964
2025-11-23,2025_26,Serie A,,Cremonese,Roma,1.0087080315942512,1.7580056176794525
2025-11-23,2025_26,Serie A,,Inter,Milan,1.9319124137362262,0.9147331729360979
2025-11-23,2025_26,Serie A,,Lazio,Lecce,2.0745252809953683,0.8957180948111747
2025-11-23,2025_26,Serie A,,Verona,Parma,1.4265964884535354,1.2432740254042096
2025-11-24,2025_26,La Liga,,Espanol,Sevilla,1.3962487689372585,1.1821431466238548
2025-11-24,2025_26,Premier League,,Man United,Everton,1.5491609197300886,1.1191153840396728
2025-11-24,2025_26,Serie A,,Sassuolo,Pisa,1.3422967632017309,1.178601144095273
2025-11-24,2025_26,Serie A,,Torino,Como,1.3301555145339095,1.2870918471154276
2025-11-25,2025_26,Champions League,league_phase,AFC Ajax (NED),Sport Lisboa e Benfica (POR),1.7399298398941214,1.144868567516137
2025-11-25,2025_26,Champions League,league_phase,Chelsea,Barcelona,1.2129476672484631,1.6802377428891249
2025-11-25,2025_26,Champions League,league_phase,Dortmund,Villarreal,1.8094151765305342,1.1423636282753784
2025-11-25,2025_26,Champions League,league_phase,FK Bodø/Glimt (NOR),Juventus,1.201061651384415,1.713678972811021
2025-11-25,2025_26,Champions League,league_phase,Galatasaray SK (TUR),Royale Union Saint-Gilloise (BEL),1.9639867348146742,0.8538113422936703
2025-11-25,2025_26,Champions League,league_phase,Man City,Leverkusen,1.907186839835637,1.0240210226619644
2025-11-25,2025_26,Champions League,league_phase,Marseille,Newcastle,1.7900971906963634,1.1253353670643362
2025-11-25,2025_26,Champions League,league_phase,Napoli,Qarabağ Ağdam FK (AZE),1.883524633441831,0.9949666863793305
2025-11-25,2025_26,Champions League,league_phase,SK Slavia Praha (CZE),Athletic Bilbao,1.5899697864768267,1.3238223821604007
2025-11-26,2025_26,Champions League,league_phase,Arsenal,Bayern Munich,1.2160863411520313,1.6120915136093403
2025-11-26,2025_26,Champions League,league_phase,Ath Madrid,Inter,1.552379009542096,1.3462313291987165
2025-11-26,2025_26,Champions League,league_phase,Ein Frankfurt,Atalanta,1.574285401030425,1.2688620768824017
2025-11-26,2025_26,Champions League,league_phase,FC København (DEN),FK Kairat (KAZ),1.884548108790292,0.9342807626813356
2025-11-26,2025_26,Champions League,league_phase,Liverpool,PSV (NED),1.9685628390105554,0.9878499851373092
2025-11-26,2025_26,Champions League,league_phase,PAE Olympiakos SFP (GRE),Real Madrid,0.7439194080873971,2.958896535660974
2025-11-26,2025_26,Champions League,league_phase,Paphos FC (CYP),Monaco,1.2794253986745325,1.5971151078409562
2025-11-26,2025_26,Champions League,league_phase,Paris SG,Tottenham,2.6022576876428944,0.7012856049159827
2025-11-26,2025_26,Champions League,league_phase,Sporting Clube de Portugal (POR),Club Brugge KV (BEL),1.6806418321621637,1.1829790931324984
2025-11-28,2025_26,Bundesliga,,M'gladbach,RB Leipzig,1.199437547429047,1.4717820067286487
2025-11-28,2025_26,La Liga,,Getafe,Elche,1.5413389768664558,1.089845640963207
2025-11-28,2025_26,Ligue 1,,Metz,Rennes,1.0715285135708428,1.6785239378107955
2025-11-28,2025_26,Serie A,,Como,Sassuolo,1.7932348200203285,0.8764924959095356
2025-11-29,2025_26,Bundesliga,,Bayern Munich,St Pauli,3.825418871078722,0.4754949081817611
2025-11-29,2025_26,Bundesliga,,Hoffenheim,Augsburg,1.6340727833775186,1.0603930338724632
2025-11-29,2025_26,Bundesliga,,Leverkusen,Dortmund,1.4014562099606118,1.2832983777251885
2025-11-29,2025_26,Bundesliga,,Union Berlin,Heidenheim,1.9090371822738286,0.9218175023616647
2025-11-29,2025_26,Bundesliga,,Werder Bremen,FC Koln,1.615696555033375,1.085718969938642
2025-11-29,2025_26,La Liga,,Ath Madrid,Oviedo,2.70516603617937,0.6376840950180683
2025-11-29,2025_26,La Liga,,Barcelona,Alaves,2.913952154836403,0.6363950409134297
2025-11-29,2025_26,La Liga,,Levante,Ath Bilbao,1.2032668922642442,1.5108125089780122
2025-11-29,2025_26,La Liga,,Mallorca,Osasuna,1.4260665537238102,1.2145925731126046
2025-11-29,2025_26,Ligue 1,,Marseille,Toulouse,2.060784500115176,0.8912498632131859
2025-11-29,2025_26,Ligue 1,,Monaco,Paris SG,0.8397860788583552,2.0537176384993225
2025-11-29,2025_26,Ligue 1,,Paris FC,Auxerre,1.6159358289510615,1.1303346528013054
2025-11-29,2025_26,Premier League,,Brentford,Burnley,2.0225355481022844,0.8437779703109213
2025-11-29,2025_26,Premier League,,Everton,Newcastle,1.3559409411307162,1.3005715813011303
2025-11-29,2025_26,Premier League,,Man City,Leeds,2.937770064654888,0.5953807444476104
2025-11-29,2025_26,Premier League,,Sunderland,Bournemouth,1.1430709867764641,1.6432284877948298
2025-11-29,2025_26,Premier League,,Tottenham,Fulham,1.5808413495238105,1.0705572041465494
2025-11-29,2025_26,Serie A,,Genoa,Verona,1.6370877404375792,0.9853948378954608
2025-11-29,2025_26,Serie A,,Juventus,Cagliari,2.174409202600347,0.8602908720887863
2025-11-29,2025_26,Serie A,,Milan,Lazio,1.7026922522180006,1.0360572607460912
2025-11-29,2025_26,Serie A,,Parma,Udinese,1.4715699775774087,1.2314211706303657
2025-11-30,2025_26,Bundesliga,,Ein Frankfurt,Wolfsburg,1.7326281099031469,1.052220283442873
2025-11-30,2025_26,Bundesliga,,Freiburg,Mainz,1.4764379634874814,1.2199117105901158
2025-11-30,2025_26,Bundesliga,,Hamburg,Stuttgart,1.0565229619958272,1.6323472966084391
2025-11-30,2025_26,La Liga,,Celta,Espanol,1.5643148025324884,1.156919833951904
2025-11-30,2025_26,La Liga,,Girona,Real Madrid,0.7207678565417948,2.3091358261452832
2025-11-30,2025_26,La Liga,,Sevilla,Betis,1.2299942015735927,1.4178424193622825
2025-11-30,2025_26,La Liga,,Sociedad,Villarreal,1.2277765340922324,1.5456781602872647
2025-11-30,2025_26,Ligue 1,,Angers,Lens,1.0832133448689314,1.548152215128862
2025-11-30,2025_26,Ligue 1,,Le Havre,Lille,1.0443131462797486,1.7729333561551228
2025-11-30,2025_26,Ligue 1,,Lorient,Nice,1.1588217251057678,1.6264935044601532
2025-11-30,2025_26,Ligue 1,,Lyon,Nantes,1.9948456278140723,0.8390503219100296
2025-11-30,2025_26,Ligue 1,,Strasbourg,Brest,1.803415661341528,0.9412303694019875
2025-11-30,2025_26,Premier League,,Aston Villa,Wolves,2.329853962936411,0.7645868168834615
2025-11-30,2025_26,Premier League,,Chelsea,Arsenal,1.2093711064816874,1.5069887521233067
2025-11-30,2025_26,Premier League,,Crystal Palace,Man United,1.645509780310411,1.0669954378967659
2025-11-30,2025_26,Premier League,,Nott'm Forest,Brighton,1.3160786139100928,1.276099432021222
2025-11-30,2025_26,Premier League,,West Ham,Liverpool,0.9944868953660425,1.7044092656234056
2025-11-30,2025_26,Serie A,,Atalanta,Fiorentina,1.6890460837837578,0.9929582632885118
2025-11-30,2025_26,Serie A,,Lecce,Torino,1.2782172563586256,1.3499319888756067
2025-11-30,2025_26,Serie A,,Pisa,Inter,0.8846297462960873,2.05069202089172
2025-11-30,2025_26,Serie A,,Roma,Napoli,1.5271838526909498,1.1348731834402728
2025-12-01,2025_26,La Liga,,Vallecano,Valencia,1.5224375383842859,1.0915543475012557
2025-12-01,2025_26,Serie A,,Bologna,Cremonese,2.1287645753344147,0.8101659243462729
2025-12-02,2025_26,La Liga,,Barcelona,Ath Madrid,1.8212862388393813,0.9904136261012316
2025-12-02,2025_26,Premier League,,Bournemouth,Everton,1.528484566030917,1.0940325104309145
2025-12-02,2025_26,Premier League,,Fulham,Man City,1.0442228327755405,1.759941411999356
2025-12-02,2025_26,Premier League,,Newcastle,Tottenham,1.6542034466138014,1.0095377808477282
2025-12-03,2025_26,La Liga,,Ath Bilbao,Real Madrid,0.9548594102772903,1.7304405975609303
2025-12-03,2025_26,Premier League,,Arsenal,Brentford,2.3219511082448627,0.7708222418710167
2025-12-03,2025_26,Premier League,,Brighton,Aston Villa,1.430480334196523,1.2636443177196162
2025-12-03,2025_26,Premier League,,Burnley,Crystal Palace,1.014045887051216,1.6968492006121887
2025-12-03,2025_26,Premier League,,Leeds,Chelsea,0.8855175031204457,2.022110800819027
2025-12-03,2025_26,Premier League,,Liverpool,Sunderland,2.3859306607302804,0.6961433425239512
2025-12-03,2025_26,Premier League,,Wolves,Nott'm Forest,1.2165277732814634,1.4950643773136325
2025-12-04,2025_26,Premier League,,Man United,West Ham,1.6736356745414405,0.9640524831528626
2025-12-05,2025_26,Bundesliga,,Mainz,M'gladbach,1.3834252523095634,1.2356782368109953
2025-12-05,2025_26,La Liga,,Oviedo,Mallorca,1.2896894847253373,1.2223349390473721
2025-12-05,2025_26,Ligue 1,,Brest,Monaco,1.2702667919765762,1.4240721019344698
2025-12-05,2025_26,Ligue 1,,Lille,Marseille,1.3888806652487975,1.28611266137118
2025-12-06,2025_26,Bundesliga,,Augsburg,Leverkusen,0.9035282520233524,1.960164808330265
2025-12-06,2025_26,Bundesliga,,FC Koln,St Pauli,1.7009672854756068,1.047578863645977
2025-12-06,2025_26,Bundesliga,,Heidenheim,Freiburg,1.1056985034697184,1.6503171819072413
2025-12-06,2025_26,Bundesliga,,RB Leipzig,Ein Frankfurt,1.6477723396416215,1.0185124707878828
2025-12-06,2025_26,Bundesliga,,Stuttgart,Bayern Munich,0.8265269326694552,2.114725135964781
2025-12-06,2025_26,Bundesliga,,Wolfsburg,Union Berlin,1.5244959808615857,1.1778567100928585
2025-12-06,2025_26,La Liga,,Alaves,Sociedad,1.4178573932504703,1.195230525031831
2025-12-06,2025_26,La Liga,,Ath Bilbao,Ath Madrid,1.0993322118166398,1.5072517014840858
2025-12-06,2025_26,La Liga,,Betis,Barcelona,1.0364378021604097,1.821109042818792
2025-12-06,2025_26,La Liga,,Villarreal,Getafe,2.0915379868866912,0.8979545265753147
2025-12-06,2025_26,Ligue 1,,Nantes,Lens,1.0693865955153798,1.659925382973312
2025-12-06,2025_26,Ligue 1,,Paris SG,Rennes,2.542518864826708,0.7047312131396233
2025-12-06,2025_26,Ligue 1,,Toulouse,Strasbourg,1.3532545081468097,1.3665709466986542
2025-12-06,2025_26,Premier League,,Aston Villa,Arsenal,1.1748073415618863,1.575264258519559
2025-12-06,2025_26,Premier League,,Bournemouth,Chelsea,1.134040086933674,1.4880378125421785
2025-12-06,2025_26,Premier League,,Everton,Nott'm Forest,1.4866034371227257,1.1778555075085262
2025-12-06,2025_26,Premier League,,Leeds,Liverpool,0.9003646841540072,1.861370762590093
2025-12-06,2025_26,Premier League,,Man City,Sunderland,2.8545952130859944,0.6275445915092345
2025-12-06,2025_26,Premier League,,Newcastle,Burnley,2.289187898378119,0.7327812360425741
2025-12-06,2025_26,Premier League,,Tottenham,Brentford,1.4996687231329517,1.203122668951047
2025-12-06,2025_26,Serie A,,Inter,Como,2.0432266200962284,0.8778725479071678
2025-12-06,2025_26,Serie A,,Sassuolo,Fiorentina,1.2883641971879252,1.332855255102721
2025-12-06,2025_26,Serie A,,Verona,Atalanta,0.9789650696448783,1.7684076714075994
2025-12-07,2025_26,Bundesliga,,Dortmund,Hoffenheim,2.1380812503171795,0.7958448643625566
2025-12-07,2025_26,Bundesliga,,Hamburg,Werder Bremen,1.2222051149416981,1.370399146826307
2025-12-07,2025_26,La Liga,,Elche,Girona,1.4820191382999803,1.1771534458324564
2025-12-07,2025_26,La Liga,,Espanol,Vallecano,1.4840555828739022,1.1601365620314674
2025-12-07,2025_26,La Liga,,Real Madrid,Celta,2.525359958699544,0.6589488345230924
2025-12-07,2025_26,La Liga,,Valencia,Sevilla,1.4978090425138162,1.2002450949311356
2025-12-07,2025_26,Ligue 1,,Auxerre,Metz,1.612924934393514,1.0668792196293193
2025-12-07,2025_26,Ligue 1,,Le Havre,Paris FC,1.3075479611209164,1.2964542844169877
2025-12-07,2025_26,Ligue 1,,Lorient,Lyon,1.115886620580656,1.7682193240148003
2025-12-07,2025_26,Ligue 1,,Nice,Angers,1.920822110787418,0.925889176748763
2025-12-07,2025_26,Premier League,,Brighton,West Ham,1.8665440447199932,0.8925375409277839
2025-12-07,2025_26,Premier League,,Fulham,Crystal Palace,1.3509686935959802,1.3070293710237675
2025-12-07,2025_26,Serie A,,Cagliari,Roma,0.9938703726541289,1.7911683567733636
2025-12-07,2025_26,Serie A,,Cremonese,Lecce,1.5805540362919048,1.0877363824347857
2025-12-07,2025_26,Serie A,,Lazio,Bologna,1.4135120991939396,1.3017785128531854
2025-12-07,2025_26,Serie A,,Napoli,Juventus,1.5720745111047194,1.1147427143389268
2025-12-08,2025_26,La Liga,,Osasuna,Levante,1.6235008001519886,1.020820343999036
2025-12-08,2025_26,Premier League,,Wolves,Man United,1.111666585849958,1.5665316176207513
2025-12-08,2025_26,Serie A,,Pisa,Parma,1.5625075864143276,1.0769738496159533
2025-12-08,2025_26,Serie A,,Torino,Milan,1.0915556615155004,1.5449002941128498
2025-12-08,2025_26,Serie A,,Udinese,Genoa,1.3848534224695193,1.1890942271655567
2025-12-09,2025_26,Champions League,league_phase,Atalanta,Chelsea,1.342887515228456,1.4227455242121076
2025-12-09,2025_26,Champions League,league_phase,Barcelona,Ein Frankfurt,2.6979784438936227,0.7103732992907426
2025-12-09,2025_26,Champions League,league_phase,Bayern Munich,Sporting Clube de Portugal (POR),3.139015751347739,0.6406370362738223
2025-12-09,2025_26,Champions League,league_phase,FK Kairat (KAZ),PAE Olympiakos SFP (GRE),1.4206794989101827,1.370365953614462
2025-12-09,2025_26,Champions League,league_phase,Inter,Liverpool,1.8363979615708916,1.0222590969302352
2025-12-09,2025_26,Champions League,league_phase,Monaco,Galatasaray SK (TUR),1.6738863140502098,1.1009275030472891
2025-12-09,2025_26,Champions League,league_phase,PSV (NED),Ath Madrid,1.3880307222656936,1.474456653497162
2025-12-09,2025_26,Champions League,league_phase,Royale Union Saint-Gilloise (BEL),Marseille,0.9379901034373506,1.8186013712721727
2025-12-09,2025_26,Champions League,league_phase,Tottenham,SK Slavia Praha (CZE),2.0658999514682135,0.9675746054495636
2025-12-10,2025_26,Champions League,league_phase,Athletic Bilbao,Paris SG,0.7058219745693233,2.818512206480997
2025-12-10,2025_26,Champions League,league_phase,Club Brugge KV (BEL),Arsenal,0.9820207289592412,2.088568195000885
2025-12-10,2025_26,Champions League,league_phase,Dortmund,FK Bodø/Glimt (NOR),2.619989176047462,0.7453900471860865
2025-12-10,2025_26,Champions League,league_phase,Juventus,Paphos FC (CYP),2.1396221155074815,0.8245714450307482
2025-12-10,2025_26,Champions League,league_phase,Leverkusen,Newcastle,1.7995080222858713,1.0761975913492987
2025-12-10,2025_26,Champions League,league_phase,Qarabağ Ağdam FK (AZE),AFC Ajax (NED),1.4272267495971003,1.3305947251385482
2025-12-10,2025_26,Champions League,league_phase,Real Madrid,Man City,1.6461314359025476,1.1889520980936226
2025-12-10,2025_26,Champions League,league_phase,Sport Lisboa e Benfica (POR),Napoli,1.2477809376254212,1.6897238517559483
2025-12-10,2025_26,Champions League,league_phase,Villarreal,FC København (DEN),2.121461280387133,1.0058267829307785
2025-12-12,2025_26,Bundesliga,,Union Berlin,RB Leipzig,1.1170890157713662,1.823535202818632
2025-12-12,2025_26,La Liga,,Sociedad,Girona,1.699815552724415,1.0622928559523397
2025-12-12,2025_26,Ligue 1,,Angers,Nantes,1.4596481942455757,1.1469211159247061
2025-12-12,2025_26,Serie A,,Lecce,Pisa,1.3287179601853436,1.2116961377846762
2025-12-13,2025_26,Bundesliga,,Ein Frankfurt,Augsburg,1.7681645761792733,1.033941877064607
2025-12-13,2025_26,Bundesliga,,Hoffenheim,Hamburg,1.8035641721990197,0.9579064980069806
2025-12-13,2025_26,Bundesliga,,Leverkusen,FC Koln,2.1404048162225897,0.8415565847252492
2025-12-13,2025_26,Bundesliga,,M'gladbach,Wolfsburg,1.4999688613594855,1.1076801552941673
2025-12-13,2025_26,Bundesliga,,St Pauli,Heidenheim,1.584185835957793,1.0881540136120134
2025-12-13,2025_26,La Liga,,Ath Madrid,Valencia,2.28087975085713,0.7752438856737663
2025-12-13,2025_26,La Liga,,Barcelona,Osasuna,2.723616036670507,0.6384675650669983
2025-12-13,2025_26,La Liga,,Getafe,Espanol,1.3340980195123937,1.2518009143087565
2025-12-13,2025_26,La Liga,,Mallorca,Elche,1.4966055134779428,1.1592755086474904
2025-12-13,2025_26,Ligue 1,,Metz,Paris SG,0.6100431643761194,2.8812120117101863
2025-12-13,2025_26,Ligue 1,,Paris FC,Toulouse,1.4278789509527146,1.3357419806677733
2025-12-13,2025_26,Ligue 1,,Rennes,Brest,1.5651856726908748,1.0504043284179578
2025-12-13,2025_26,Premier League,,Arsenal,Wolves,3.1666610019554615,0.5550557001610824
2025-12-13,2025_26,Premier League,,Burnley,Fulham,1.1464438922282902,1.482274086271499
2025-12-13,2025_26,Premier League,,Chelsea,Everton,1.8189693681346655,0.9567095511007052
2025-12-13,2025_26,Premier League,,Liverpool,Brighton,1.6744532048873106,0.9665979371174613
2025-12-13,2025_26,Serie A,,Atalanta,Cagliari,1.9937260434463981,0.8918053914261242
2025-12-13,2025_26,Serie A,,Parma,Lazio,1.1062413774577902,1.6206362359408446
2025-12-13,2025_26,Serie A,,Torino,Cremonese,1.5156252073194878,1.0893419867497844
2025-12-14,2025_26,Bundesliga,,Bayern Munich,Mainz,3.3817210497527754,0.536048619433736
2025-12-14,2025_26,Bundesliga,,Freiburg,Dortmund,1.0942184487790276,1.8022892898126213
2025-12-14,2025_26,Bundesliga,,Werder Bremen,Stuttgart,1.268693215359641,1.2724234341686143
2025-12-14,2025_26,La Liga,,Alaves,Real Madrid,0.8029952508890429,2.0059617669298855
2025-12-14,2025_26,La Liga,,Celta,Ath Bilbao,1.4596500266909587,1.2400385556057472
2025-12-14,2025_26,La Liga,,Sevilla,Oviedo,1.7328809330776211,1.0245420610879012
2025-12-14,2025_26,Ligue 1,,Auxerre,Lille,1.043263047690393,1.6462520271375027
2025-12-14,2025_26,Ligue 1,,Lens,Nice,1.6873663655169913,1.063170760102822
2025-12-14,2025_26,Ligue 1,,Lyon,Le Havre,2.1320913996590174,0.8199133281980384
2025-12-14,2025_26,Ligue 1,,Marseille,Monaco,1.75594902566111,1.058184604439011
2025-12-14,2025_26,Ligue 1,,Strasbourg,Lorient,2.038495244705661,0.8773664252037465
2025-12-14,2025_26,Premier League,,Brentford,Leeds,1.9107376464983357,0.9548748366740734
2025-12-14,2025_26,Premier League,,Crystal Palace,Man City,1.1015045632462646,1.6866465010595177
2025-12-14,2025_26,Premier League,,Nott'm Forest,Tottenham,1.3530974048360747,1.3616530034457444
2025-12-14,2025_26,Premier League,,Sunderland,Newcastle,1.0858895299402662,1.7049283445027599
2025-12-14,2025_26,Premier League,,West Ham,Aston Villa,1.0627511753702574,1.6494226316747722
2025-12-14,2025_26,Serie A,,Bologna,Juventus,1.453494155792786,1.2383668729097828
2025-12-14,2025_26,Serie A,,Fiorentina,Verona,1.7789779228106128,1.0279742481588876
2025-12-14,2025_26,Serie A,,Genoa,Inter,0.8656543784972893,2.0262835531699586
2025-12-14,2025_26,Serie A,,Milan,Sassuolo,2.0516960668597335,0.801374626035162
2025-12-14,2025_26,Serie A,,Udinese,Napoli,1.0362200625582816,1.6333166071694167
2025-12-15,2025_26,La Liga,,Vallecano,Betis,1.2133942974631806,1.4523505876022387
2025-12-15,2025_26,Premier League,,Man United,Bournemouth,1.5294904024476554,1.1208199824767549
2025-12-15,2025_26,Serie A,,Roma,Como,1.6900910850346162,0.9653841463851692
2025-12-19,2025_26,Bundesliga,,Dortmund,M'gladbach,2.179201992221737,0.7889095443999912
2025-12-19,2025_26,La Liga,,Valencia,Mallorca,1.568799862361224,1.1499887281609877
2025-12-20,2025_26,Bundesliga,,Augsburg,Werder Bremen,1.3623919965794034,1.1948780983092357
2025-12-20,2025_26,Bundesliga,,FC Koln,Union Berlin,1.4422628430769402,1.202685681102427
2025-12-20,2025_26,Bundesliga,,Hamburg,Ein Frankfurt,1.2359982011282031,1.4791920402238963
2025-12-20,2025_26,Bundesliga,,RB Leipzig,Leverkusen,1.495402096448347,1.2781025543366726
2025-12-20,2025_26,Bundesliga,,Stuttgart,Hoffenheim,1.5546265334955434,1.04820284153702
2025-12-20,2025_26,Bundesliga,,Wolfsburg,Freiburg,1.4351544745082583,1.2383377134208318
2025-12-20,2025_26,La Liga,,Levante,Sociedad,1.3325984921097405,1.359939858415501
2025-12-20,2025_26,La Liga,,Osasuna,Alaves,1.545995024627734,1.128302010961432
2025-12-20,2025_26,La Liga,,Oviedo,Celta,1.0239343917816695,1.545963453944262
2025-12-20,2025_26,La Liga,,Real Madrid,Sevilla,2.383474140116344,0.6890824486466739
2025-12-20,2025_26,Premier League,,Bournemouth,Burnley,1.988162914145429,0.8224442570005297
2025-12-20,2025_26,Premier League,,Brighton,Sunderland,2.072950662780087,0.8874237051390232
2025-12-20,2025_26,Premier League,,Everton,Arsenal,0.9875470569299689,1.9272508106190411
2025-12-20,2025_26,Premier League,,Leeds,Crystal Palace,1.1598471318529122,1.529192328934741
2025-12-20,2025_26,Premier League,,Man City,West Ham,2.6899445045281607,0.631254295635152
2025-12-20,2025_26,Premier League,,Newcastle,Chelsea,1.378574959462292,1.2567681816317584
2025-12-20,2025_26,Premier League,,Tottenham,Liverpool,1.1562671238910602,1.4216056582321919
2025-12-20,2025_26,Premier League,,Wolves,Brentford,1.1691804587179624,1.5342661019430852
2025-12-20,2025_26,Serie A,,Juventus,Roma,1.4798385619825536,1.2018037828072163
2025-12-20,2025_26,Serie A,,Lazio,Cremonese,1.8788452314183188,0.9602477568758703
2025-12-21,2025_26,Bundesliga,,Heidenheim,Bayern Munich,0.5563238469922036,3.2186335825023304
2025-12-21,2025_26,Bundesliga,,Mainz,St Pauli,1.7009802081246945,1.0446905674432363
2025-12-21,2025_26,La Liga,,Betis,Getafe,1.922707292593275,0.9613562476464413
2025-12-21,2025_26,La Liga,,Elche,Vallecano,1.4102584902061814,1.292449005934845
2025-12-21,2025_26,La Liga,,Girona,Ath Madrid,0.9414507144090525,1.989926703453285
2025-12-21,2025_26,La Liga,,Villarreal,Barcelona,1.1114161056225227,1.7693038636416527
2025-12-21,2025_26,Premier League,,Aston Villa,Man United,1.6555784789957735,1.0061068542757483
2025-12-21,2025_26,Serie A,,Cagliari,Pisa,1.4944274682541026,1.0881465211213135
2025-12-21,2025_26,Serie A,,Fiorentina,Udinese,1.60600996493207,1.114881392552155
2025-12-21,2025_26,Serie A,,Genoa,Atalanta,1.1653589929096786,1.4666021970207743
2025-12-21,2025_26,Serie A,,Sassuolo,Torino,1.3985357464253525,1.2557326072264452
2025-12-22,2025_26,La Liga,,Ath Bilbao,Espanol,1.4953248669221644,1.058975692880445
2025-12-22,2025_26,Premier League,,Fulham,Nott'm Forest,1.5233254390572921,1.2084794061841992
2025-12-26,2025_26,Premier League,,Man United,Newcastle,1.4033989264570306,1.2100083144239409
2025-12-27,2025_26,Premier League,,Arsenal,Brighton,2.146165242778762,0.7740356020917543
2025-12-27,2025_26,Premier League,,Brentford,Bournemouth,1.5042107855569888,1.1683926514207628
2025-12-27,2025_26,Premier League,,Burnley,Everton,1.1100585634441968,1.5348216184681112
2025-12-27,2025_26,Premier League,,Chelsea,Aston Villa,1.5093218850744816,1.1220567799174772
2025-12-27,2025_26,Premier League,,Liverpool,Wolves,2.4941021222553346,0.6456692970864423
2025-12-27,2025_26,Premier League,,Nott'm Forest,Man City,0.8932285128367505,2.087052490902788
2025-12-27,2025_26,Premier League,,West Ham,Fulham,1.2987323651482108,1.3202420448114296
2025-12-27,2025_26,Serie A,,Lecce,Como,1.1107248390550073,1.5623101876894334
2025-12-27,2025_26,Serie A,,Parma,Fiorentina,1.2358652324176829,1.4371032389442187
2025-12-27,2025_26,Serie A,,Pisa,Juventus,0.9754019586696933,1.721621887089818
2025-12-27,2025_26,Serie A,,Torino,Cagliari,1.5531468242120037,1.1310659645660874
2025-12-27,2025_26,Serie A,,Udinese,Lazio,1.1979532065756853,1.4918946541761926
2025-12-28,2025_26,Premier League,,Crystal Palace,Tottenham,1.5265372373099535,1.210478157509711
2025-12-28,2025_26,Premier League,,Sunderland,Leeds,1.4762249396895955,1.2697542035742089
2025-12-28,2025_26,Serie A,,Atalanta,Inter,1.107735133788192,1.5855293337165959
2025-12-28,2025_26,Serie A,,Bologna,Sassuolo,1.8604797455645563,0.81709869161547
2025-12-28,2025_26,Serie A,,Cremonese,Napoli,1.0746214599249264,1.6307615298267903
2025-12-28,2025_26,Serie A,,Milan,Verona,2.199912174214265,0.788810641681305
2025-12-29,2025_26,Serie A,,Roma,Genoa,2.0123170633244722,0.8172764765867846
2025-12-30,2025_26,Premier League,,Arsenal,Aston Villa,1.8141564975306468,0.9123020162321097
2025-12-30,2025_26,Premier League,,Burnley,Newcastle,0.9904485756759042,1.7347190446597436
2025-12-30,2025_26,Premier League,,Chelsea,Bournemouth,1.8279555264641683,0.907951281284151
2025-12-30,2025_26,Premier League,,Man United,Wolves,2.1078917874326812,0.778370173136588
2025-12-30,2025_26,Premier League,,Nott'm Forest,Everton,1.3905284992120566,1.2421510667877924
2025-12-30,2025_26,Premier League,,West Ham,Brighton,1.1672345156499329,1.4317474688145
2026-01-01,2025_26,Premier League,,Brentford,Tottenham,1.628637536257468,1.1589345643166657
2026-01-01,2025_26,Premier League,,Crystal Palace,Fulham,1.5361198159666654,1.1791923500395225
2026-01-01,2025_26,Premier League,,Liverpool,Leeds,2.2541312980091437,0.7555326049192751
2026-01-01,2025_26,Premier League,,Sunderland,Man City,0.7978934989940877,2.4523841871691676
2026-01-02,2025_26,La Liga,,Vallecano,Getafe,1.5590936452882593,1.1338343990126654
2026-01-02,2025_26,Ligue 1,,Toulouse,Lens,1.293935133945232,1.3300820069695327
2026-01-02,2025_26,Serie A,,Cagliari,Milan,1.0260284686258705,1.7007322465276347
2026-01-03,2025_26,La Liga,,Celta,Valencia,1.6352029845922547,1.1010380900757175
2026-01-03,2025_26,La Liga,,Elche,Villarreal,1.2162680307846487,1.5532706990221319
2026-01-03,2025_26,La Liga,,Espanol,Barcelona,0.8638223357337773,2.085854902708331
2026-01-03,2025_26,La Liga,,Osasuna,Ath Bilbao,1.426544676246871,1.2643088657855854
2026-01-03,2025_26,Ligue 1,,Lille,Rennes,1.7709487693600328,1.0066766941208136
2026-01-03,2025_26,Ligue 1,,Monaco,Lyon,1.3738886391068421,1.240838418682451
2026-01-03,2025_26,Ligue 1,,Nice,Strasbourg,1.411258877748238,1.3278766713987298
2026-01-03,2025_26,Premier League,,Aston Villa,Nott'm Forest,2.0282833284701183,0.8944214638359573
2026-01-03,2025_26,Premier League,,Bournemouth,Arsenal,0.9537639523282888,1.9144634029703962
2026-01-03,2025_26,Premier League,,Brighton,Burnley,2.0527452348383126,0.8184438185185449
2026-01-03,2025_26,Premier League,,Wolves,West Ham,1.330622640814636,1.3678417633931952
2026-01-03,2025_26,Serie A,,Atalanta,Roma,1.3399242500924862,1.3118134029362938
2026-01-03,2025_26,Serie A,,Como,Udinese,1.8972444491492988,0.9091192895250759
2026-01-03,2025_26,Serie A,,Genoa,Pisa,1.478825537915992,1.0628807151196948
2026-01-03,2025_26,Serie A,,Juventus,Lecce,2.341359497728544,0.7062053366810642
2026-01-03,2025_26,Serie A,,Sassuolo,Parma,1.5133906150729448,1.1213706949493096
2026-01-04,2025_26,La Liga,,Alaves,Oviedo,1.6957604457027045,0.9976734337053808
2026-01-04,2025_26,La Liga,,Mallorca,Girona,1.65033770325346,1.0045544865488554
2026-01-04,2025_26,La Liga,,Real Madrid,Betis,1.987650670392135,0.834187748480746
2026-01-04,2025_26,La Liga,,Sevilla,Levante,1.6641226086185836,0.940966710399683
2026-01-04,2025_26,La Liga,,Sociedad,Ath Madrid,0.9670041582981985,1.9020064396044438
2026-01-04,2025_26,Ligue 1,,Brest,Auxerre,1.6102780776291654,1.1434779417427938
2026-01-04,2025_26,Ligue 1,,Le Havre,Angers,1.4726095475619676,1.3057494151116311
2026-01-04,2025_26,Ligue 1,,Lorient,Metz,1.7867225551312418,1.1051304746176474
2026-01-04,2025_26,Ligue 1,,Marseille,Nantes,2.252589172320537,0.7608156946678055
2026-01-04,2025_26,Ligue 1,,Paris SG,Paris FC,3.065160135950532,0.5490388899825015
2026-01-04,2025_26,Premier League,,Everton,Brentford,1.4465760629029234,1.2171663678612838
2026-01-04,2025_26,Premier League,,Fulham,Liverpool,1.1059790990721345,1.521940989684748
2026-01-04,2025_26,Premier League,,Leeds,Man United,1.1889839218204967,1.4891835228460448
2026-01-04,2025_26,Premier League,,Man City,Chelsea,1.8986737755129002,0.9302049767504392
2026-01-04,2025_26,Premier League,,Newcastle,Crystal Palace,1.625587658676828,0.9946224211190323
2026-01-04,2025_26,Premier League,,Tottenham,Sunderland,1.8160091024546048,0.964055827762424
2026-01-04,2025_26,Serie A,,Fiorentina,Cremonese,1.705109456497264,1.0799768124209903
2026-01-04,2025_26,Serie A,,Inter,Bologna,1.8796954758199644,0.8828963304221292
2026-01-04,2025_26,Serie A,,Lazio,Napoli,1.3459713672205122,1.354168648161725
2026-01-04,2025_26,Serie A,,Verona,Torino,1.3328837555453836,1.3806279303937672
2026-01-06,2025_26,Premier League,,West Ham,Nott'm Forest,1.351653356734454,1.295705906841381
2026-01-06,2025_26,Serie A,,Lecce,Roma,1.0101250726017317,1.8797203822037623
2026-01-06,2025_26,Serie A,,Pisa,Como,1.0604929021090992,1.5157759701891014
2026-01-06,2025_26,Serie A,,Sassuolo,Juventus,1.0868873945115964,1.724977980535807
2026-01-07,2025_26,Premier League,,Bournemouth,Tottenham,1.5083095424720747,1.2111231770348776
2026-01-07,2025_26,Premier League,,Brentford,Sunderland,1.9838787200070869,0.9023525671314326
2026-01-07,2025_26,Premier League,,Burnley,Man United,1.0325456218169942,1.7226205174119393
2026-01-07,2025_26,Premier League,,Crystal Palace,Aston Villa,1.1555196867180808,1.5191156244967845
2026-01-07,2025_26,Premier League,,Everton,Wolves,1.9257542636016767,0.9035009422336046
2026-01-07,2025_26,Premier League,,Fulham,Chelsea,1.1698138732088696,1.5326566044661771
2026-01-07,2025_26,Premier League,,Man City,Brighton,2.1499959438903304,0.7647676339881839
2026-01-07,2025_26,Premier League,,Newcastle,Leeds,1.9904320095026689,0.8583108715629139
2026-01-07,2025_26,Serie A,,Bologna,Atalanta,1.4462584283659634,1.1988898458186223
2026-01-07,2025_26,Serie A,,Lazio,Fiorentina,1.669625378692803,1.0596618831192979
2026-01-07,2025_26,Serie A,,Napoli,Verona,2.3298335756050843,0.7343736746283717
2026-01-07,2025_26,Serie A,,Parma,Inter,0.7925012522497802,2.2131742948151993
2026-01-07,2025_26,Serie A,,Torino,Udinese,1.6361957018364266,1.0444486033234315
2026-01-08,2025_26,Premier League,,Arsenal,Liverpool,1.7692128713024622,0.9339168317749803
2026-01-08,2025_26,Serie A,,Cremonese,Cagliari,1.4562835874409266,1.2261847174384133
2026-01-08,2025_26,Serie A,,Milan,Genoa,2.127287380474438,0.804951409589194
2026-01-09,2025_26,Bundesliga,,Ein Frankfurt,Dortmund,1.0912929525836335,1.744776764390795
2026-01-09,2025_26,La Liga,,Getafe,Sociedad,1.3683930585493085,1.278465569035627
2026-01-10,2025_26,Bundesliga,,Freiburg,Hamburg,1.9711315223938208,0.9285604224853053
2026-01-10,2025_26,Bundesliga,,Heidenheim,FC Koln,1.2931138532872806,1.387518085782044
2026-01-10,2025_26,Bundesliga,,Leverkusen,Stuttgart,1.8256677085236364,0.9579978523752773
2026-01-10,2025_26,Bundesliga,,Union Berlin,Mainz,1.5262526381438248,1.2219543691369033
2026-01-10,2025_26,La Liga,,Girona,Osasuna,1.268288863159385,1.3274418005912587
2026-01-10,2025_26,La Liga,,Oviedo,Betis,1.0136935712804318,1.7098706052822428
2026-01-10,2025_26,La Liga,,Valencia,Elche,1.5560849624635391,1.1659408103370321
2026-01-10,2025_26,La Liga,,Villarreal,Alaves,2.100510730102276,0.8315144758777095
2026-01-10,2025_26,Serie A,,Atalanta,Torino,1.8371904812271211,0.9209494027285713
2026-01-10,2025_26,Serie A,,Como,Bologna,1.4493177286331203,1.0872261534433367
2026-01-10,2025_26,Serie A,,Roma,Sassuolo,2.1036032791292714,0.7632110099228613
2026-01-10,2025_26,Serie A,,Udinese,Pisa,1.5082178916610856,1.085208359681127
2026-01-11,2025_26,Bundesliga,,Bayern Munich,Wolfsburg,3.356216048586433,0.545524448935107
2026-01-11,2025_26,Bundesliga,,M'gladbach,Augsburg,1.5894434587975084,1.0558276093474799
2026-01-11,2025_26,La Liga,,Levante,Espanol,1.3046816357305715,1.3860124256203834
2026-01-11,2025_26,La Liga,,Vallecano,Mallorca,1.4804592741400087,1.1787243323351202
2026-01-11,2025_26,Serie A,,Fiorentina,Milan,1.1466689950872708,1.5272961226148396
2026-01-11,2025_26,Serie A,,Inter,Napoli,1.8342785107300683,1.0010085805120024
2026-01-11,2025_26,Serie A,,Lecce,Parma,1.3880329686892074,1.2649991429440315
2026-01-11,2025_26,Serie A,,Verona,Lazio,1.1767153779990878,1.6495356954821376
2026-01-12,2025_26,La Liga,,Sevilla,Celta,1.3198232139338457,1.3826610385321487
2026-01-12,2025_26,Serie A,,Genoa,Cagliari,1.4766121794804898,1.1432837562733553
2026-01-12,2025_26,Serie A,,Juventus,Cremonese,2.193173523452505,0.7608872421153241
2026-01-13,2025_26,Bundesliga,,Dortmund,Werder Bremen,2.3444062486414725,0.6982389901163669
2026-01-13,2025_26,Bundesliga,,Mainz,Heidenheim,1.7760752390910461,0.9808140592637338
2026-01-13,2025_26,Bundesliga,,Stuttgart,Ein Frankfurt,1.5146996747489392,1.0300001704909483
2026-01-14,2025_26,Bundesliga,,FC Koln,Bayern Munich,0.5893482329960763,3.2473527782918046
2026-01-14,2025_26,Bundesliga,,Hoffenheim,M'gladbach,1.540938847780603,1.1072610567471715
2026-01-14,2025_26,Bundesliga,,RB Leipzig,Freiburg,1.84582526968471,0.9938305892877118
2026-01-14,2025_26,Bundesliga,,Wolfsburg,St Pauli,1.645378899426795,1.096579951297265
2026-01-14,2025_26,Serie A,,Inter,Lecce,2.9637969032502287,0.6108969574325738
2026-01-14,2025_26,Serie A,,Napoli,Parma,2.2624426425121498,0.7630991675984978
2026-01-15,2025_26,Bundesliga,,Augsburg,Union Berlin,1.3376324274415567,1.2898924070220166
2026-01-15,2025_26,Serie A,,Como,Milan,1.2912202602491074,1.3105225304411077
2026-01-15,2025_26,Serie A,,Verona,Bologna,1.0591779371727115,1.648137361562122
2026-01-16,2025_26,Bundesliga,,Werder Bremen,Ein Frankfurt,1.2763301718587219,1.309892253719575
2026-01-16,2025_26,La Liga,,Espanol,Girona,1.6856410310617378,0.96352623929664
2026-01-16,2025_26,Ligue 1,,Monaco,Lorient,1.9102887971467317,0.9120691833813475
2026-01-16,2025_26,Ligue 1,,Paris SG,Lille,2.240454580635254,0.7894655236767502
2026-01-16,2025_26,Serie A,,Pisa,Atalanta,0.9751283054978825,1.7277459161436801
2026-01-17,2025_26,Bundesliga,,Dortmund,St Pauli,2.7789840210483128,0.6066676844884379
2026-01-17,2025_26,Bundesliga,,FC Koln,Mainz,1.376067544328424,1.3038444197344083
2026-01-17,2025_26,Bundesliga,,Hamburg,M'gladbach,1.3175342246907,1.4074222734928776
2026-01-17,2025_26,Bundesliga,,Hoffenheim,Leverkusen,1.2350399352208294,1.4359672353256845
2026-01-17,2025_26,Bundesliga,,RB Leipzig,Bayern Munich,0.8541124507163418,2.14514300026908
2026-01-17,2025_26,Bundesliga,,Wolfsburg,Heidenheim,1.7892502669317387,0.9784711522642784
2026-01-17,2025_26,La Liga,,Betis,Villarreal,1.420246660176037,1.3153338056294537
2026-01-17,2025_26,La Liga,,Mallorca,Ath Bilbao,1.3114154485541183,1.3569697287319642
2026-01-17,2025_26,La Liga,,Osasuna,Oviedo,1.796776011148086,0.9494394396235074
2026-01-17,2025_26,La Liga,,Real Madrid,Levante,2.8407213505573394,0.5486619659900565
2026-01-17,2025_26,Ligue 1,,Angers,Marseille,1.0439241922065214,1.6246140128995772
2026-01-17,2025_26,Ligue 1,,Lens,Auxerre,2.039303261782184,0.8313143637939912
2026-01-17,2025_26,Ligue 1,,Toulouse,Nice,1.4088784555683298,1.2013732588139516
2026-01-17,2025_26,Premier League,,Chelsea,Brentford,1.7328784302773437,1.0463804393509561
2026-01-17,2025_26,Premier League,,Leeds,Fulham,1.3314202851847514,1.406884016813469
2026-01-17,2025_26,Premier League,,Liverpool,Burnley,2.4855489973715073,0.6545663856388864
2026-01-17,2025_26,Premier League,,Man United,Man City,0.9937764578146483,1.8201597735320354
2026-01-17,2025_26,Premier League,,Nott'm Forest,Arsenal,0.8585860558879087,2.06383959868324
2026-01-17,2025_26,Premier League,,Sunderland,Crystal Palace,1.238651744330041,1.471070412457639
2026-01-17,2025_26,Premier League,,Tottenham,West Ham,1.8301858885660256,0.976205292561548
2026-01-17,2025_26,Serie A,,Cagliari,Juventus,0.9308189394609169,1.898522851415376
2026-01-17,2025_26,Serie A,,Napoli,Sassuolo,2.281477490147564,0.7655500892318202
2026-01-17,2025_26,Serie A,,Udinese,Inter,0.8207684066813694,2.100735468809378
2026-01-18,2025_26,Bundesliga,,Augsburg,Freiburg,1.2702898527620468,1.3670856193875383
2026-01-18,2025_26,Bundesliga,,Stuttgart,Union Berlin,1.7433982982049632,0.9144602355450705
2026-01-18,2025_26,La Liga,,Ath Madrid,Alaves,2.5796860717500727,0.6964582868945842
2026-01-18,2025_26,La Liga,,Celta,Vallecano,1.729427861356759,1.0207775302598052
2026-01-18,2025_26,La Liga,,Getafe,Valencia,1.3848386326287354,1.2846227134417534
2026-01-18,2025_26,La Liga,,Sociedad,Barcelona,0.8206381304661988,2.275579261628337
2026-01-18,2025_26,Ligue 1,,Lyon,Brest,1.816378764155963,0.9008148818450858
2026-01-18,2025_26,Ligue 1,,Nantes,Paris FC,1.390416802371481,1.2244040544153147
2026-01-18,2025_26,Ligue 1,,Rennes,Le Havre,1.9070890633927253,0.9126113235779758
2026-01-18,2025_26,Ligue 1,,Strasbourg,Metz,2.11609964843024,0.8137144313411255
2026-01-18,2025_26,Premier League,,Aston Villa,Everton,1.8054333773471,0.9210593338800174
2026-01-18,2025_26,Premier League,,Wolves,Newcastle,0.9748139646122466,1.7223779492462497
2026-01-18,2025_26,Serie A,,Bologna,Fiorentina,1.648857545626702,1.0528822621301375
2026-01-18,2025_26,Serie A,,Milan,Lecce,2.421392853051175,0.6915237075665636
2026-01-18,2025_26,Serie A,,Parma,Genoa,1.340958453251124,1.3183200334004985
2026-01-18,2025_26,Serie A,,Torino,Roma,1.1146664992918953,1.6616299533151029
2026-01-19,2025_26,La Liga,,Elche,Sevilla,1.5304264946830943,1.200445345791492
2026-01-19,2025_26,Premier League,,Brighton,Bournemouth,1.571963486720201,1.0990733997804822
2026-01-19,2025_26,Serie A,,Cremonese,Verona,1.5346884327747838,1.1699203714253836
2026-01-19,2025_26,Serie A,,Lazio,Como,1.4225354858026091,1.202575310772122
2026-01-20,2025_26,Champions League,league_phase,FC København (DEN),Napoli,1.2164475798589525,1.6735254225070098
2026-01-20,2025_26,Champions League,league_phase,FK Bodø/Glimt (NOR),Man City,0.9943426413571423,2.274621364934762
2026-01-20,2025_26,Champions League,league_phase,FK Kairat (KAZ),Club Brugge KV (BEL),1.2219931388864533,1.6131268205697171
2026-01-20,2025_26,Champions League,league_phase,Inter,Arsenal,1.5290108328015417,1.344558386891522
2026-01-20,2025_26,Champions League,league_phase,PAE Olympiakos SFP (GRE),Leverkusen,1.0595002128781368,2.05581313527711
2026-01-20,2025_26,Champions League,league_phase,Real Madrid,Monaco,2.486020014368723,0.7750509275465884
2026-01-20,2025_26,Champions League,league_phase,Sporting Clube de Portugal (POR),Paris SG,0.9635019242625951,2.131440893070787
2026-01-20,2025_26,Champions League,league_phase,Tottenham,Dortmund,1.0339764333548496,1.9293884995612747
2026-01-20,2025_26,Champions League,league_phase,Villarreal,AFC Ajax (NED),1.6070405686902165,1.113265190601446
2026-01-21,2025_26,Champions League,league_phase,Atalanta,Athletic Bilbao,2.098816734331033,0.9076503290234634
2026-01-21,2025_26,Champions League,league_phase,Bayern Munich,Royale Union Saint-Gilloise (BEL),4.347492390795981,0.4233188873206034
2026-01-21,2025_26,Champions League,league_phase,Chelsea,Paphos FC (CYP),2.3300222760319667,0.8050858964920452
2026-01-21,2025_26,Champions League,league_phase,Galatasaray SK (TUR),Ath Madrid,1.1310653972902287,1.8359981218556138
2026-01-21,2025_26,Champions League,league_phase,Juventus,Sport Lisboa e Benfica (POR),1.9719599188526504,0.9423768101892681
2026-01-21,2025_26,Champions League,league_phase,Marseille,Liverpool,1.4828846189540381,1.251626218942872
2026-01-21,2025_26,Champions League,league_phase,Newcastle,PSV (NED),1.547938889670141,1.196948860023529
2026-01-21,2025_26,Champions League,league_phase,Qarabağ Ağdam FK (AZE),Ein Frankfurt,1.3748058980916624,1.4005018579425033
2026-01-21,2025_26,Champions League,league_phase,SK Slavia Praha (CZE),Barcelona,0.7592615769492632,2.797143151053868
2026-01-23,2025_26,Bundesliga,,St Pauli,Hamburg,1.4922797574887654,1.1019467048544718
2026-01-23,2025_26,La Liga,,Levante,Elche,1.440533701492668,1.2635268528464247
2026-01-23,2025_26,Ligue 1,,Auxerre,Paris SG,0.7377719518898292,2.513314639497057
2026-01-23,2025_26,Serie A,,Inter,Pisa,2.4836306980326746,0.6513026716503075
2026-01-24,2025_26,Bundesliga,,Bayern Munich,Augsburg,4.0177098228556565,0.43695959355256137
2026-01-24,2025_26,Bundesliga,,Ein Frankfurt,Hoffenheim,1.4598026815577734,1.1947601650722648
2026-01-24,2025_26,Bundesliga,,Heidenheim,RB Leipzig,0.9652882162407262,1.9412868399808056
2026-01-24,2025_26,Bundesliga,,Leverkusen,Werder Bremen,1.9752912233572135,0.8899349803868799
2026-01-24,2025_26,Bundesliga,,Mainz,Wolfsburg,1.552200537241268,1.22291666935925
2026-01-24,2025_26,Bundesliga,,Union Berlin,Dortmund,1.0300290557390417,1.940547051914119
2026-01-24,2025_26,La Liga,,Sevilla,Ath Bilbao,1.3595399751502315,1.3415877823473137
2026-01-24,2025_26,La Liga,,Valencia,Espanol,1.4366410421979054,1.251423663358299
2026-01-24,2025_26,La Liga,,Vallecano,Osasuna,1.4001864036809042,1.2873342701890418
2026-01-24,2025_26,La Liga,,Villarreal,Real Madrid,0.96196276601684,1.8179602170842781
2026-01-24,2025_26,Ligue 1,,Le Havre,Monaco,1.257075101563402,1.4497861165722368
2026-01-24,2025_26,Ligue 1,,Marseille,Lens,1.4898633443087947,1.1231281753798663
2026-01-24,2025_26,Ligue 1,,Rennes,Lorient,1.8215354893041482,0.9623526080963457
2026-01-24,2025_26,Premier League,,Bournemouth,Liverpool,1.0689777412878132,1.5721781564572301
2026-01-24,2025_26,Premier League,,Burnley,Tottenham,1.1073495094109134,1.6339584177001707
2026-01-24,2025_26,Premier League,,Fulham,Brighton,1.3239665536920515,1.2430168340098662
2026-01-24,2025_26,Premier League,,Man City,Wolves,2.743269356849071,0.6378799040228741
2026-01-24,2025_26,Premier League,,West Ham,Sunderland,1.5317686982984642,1.163202843384849
2026-01-24,2025_26,Serie A,,Como,Torino,1.7657920985740967,0.9510939549870219
2026-01-24,2025_26,Serie A,,Fiorentina,Cagliari,1.7745638122893441,1.0643229959136344
2026-01-24,2025_26,Serie A,,Lecce,Lazio,1.1310402720345307,1.5562876428083132
2026-01-25,2025_26,Bundesliga,,Freiburg,FC Koln,1.7962166552315164,1.0336342464263053
2026-01-25,2025_26,Bundesliga,,M'gladbach,Stuttgart,1.1576911940266676,1.4101051582991606
2026-01-25,2025_26,La Liga,,Alaves,Betis,1.1497337973455386,1.5692399755715478
2026-01-25,2025_26,La Liga,,Ath Madrid,Mallorca,2.421451651239386,0.7307906155168841
2026-01-25,2025_26,La Liga,,Barcelona,Oviedo,3.218561121613724,0.5283055252705073
2026-01-25,2025_26,La Liga,,Sociedad,Celta,1.2677912366469555,1.3762392756775326
2026-01-25,2025_26,Ligue 1,,Brest,Toulouse,1.366168570341436,1.3386371323435142
2026-01-25,2025_26,Ligue 1,,Lille,Strasbourg,1.5912429669725925,1.0651115655992967
2026-01-25,2025_26,Ligue 1,,Metz,Lyon,0.9576297005119321,1.8316843983331215
2026-01-25,2025_26,Ligue 1,,Nantes,Nice,1.2584819210157465,1.4198112250064838
2026-01-25,2025_26,Ligue 1,,Paris FC,Angers,1.5608491165220688,1.2249941520611245
2026-01-25,2025_26,Premier League,,Arsenal,Man United,2.209667157914332,0.793550675911424
2026-01-25,2025_26,Premier League,,Brentford,Nott'm Forest,1.826538578704124,1.008755795602402
2026-01-25,2025_26,Premier League,,Crystal Palace,Chelsea,1.1516616766422776,1.4647614872483021
2026-01-25,2025_26,Premier League,,Newcastle,Aston Villa,1.4747024894402878,1.2268110079379828
2026-01-25,2025_26,Serie A,,Atalanta,Parma,1.9714064244796947,0.8328423336709208
2026-01-25,2025_26,Serie A,,Genoa,Bologna,1.220526344461009,1.3083188230378966
2026-01-25,2025_26,Serie A,,Juventus,Napoli,1.5845698296568602,1.0627546873994815
2026-01-25,2025_26,Serie A,,Roma,Milan,1.4270792856061885,1.1205049660802346
2026-01-25,2025_26,Serie A,,Sassuolo,Cremonese,1.4756956205044474,1.1718267676607315
2026-01-26,2025_26,La Liga,,Girona,Getafe,1.4916001243922434,1.1901005164833576
2026-01-26,2025_26,Premier League,,Everton,Leeds,1.7232918731897404,1.0085374766036028
2026-01-26,2025_26,Serie A,,Verona,Udinese,1.364480245925564,1.3466453825162261
2026-01-27,2025_26,Bundesliga,,St Pauli,RB Leipzig,1.0063801510711345,1.7006607893872416
2026-01-27,2025_26,Bundesliga,,Werder Bremen,Hoffenheim,1.2536951739803501,1.4083267281731646
2026-01-28,2025_26,Champions League,league_phase,AFC Ajax (NED),PAE Olympiakos SFP (GRE),1.898212881414916,1.0680083353453833
2026-01-28,2025_26,Champions League,league_phase,Arsenal,FK Kairat (KAZ),3.0568921028028933,0.5217335451914538
2026-01-28,2025_26,Champions League,league_phase,Ath Madrid,FK Bodø/Glimt (NOR),2.355076431160346,0.7985993707561803
2026-01-28,2025_26,Champions League,league_phase,Athletic Bilbao,Sporting Clube de Portugal (POR),1.3492041860656199,1.419475931789262
2026-01-28,2025_26,Champions League,league_phase,Barcelona,FC København (DEN),2.869004582042644,0.7167100171110334
2026-01-28,2025_26,Champions League,league_phase,Club Brugge KV (BEL),Marseille,1.2253947957257485,1.534445617369588
2026-01-28,2025_26,Champions League,league_phase,Dortmund,Inter,1.5808513823820225,1.3297234293620388
2026-01-28,2025_26,Champions League,league_phase,Ein Frankfurt,Tottenham,1.5380907648953364,1.2387086527534905
2026-01-28,2025_26,Champions League,league_phase,Leverkusen,Villarreal,1.7409901372292083,1.24127964448132
2026-01-28,2025_26,Champions League,league_phase,Liverpool,Qarabağ Ağdam FK (AZE),2.1044200754409332,0.8643374457028802
2026-01-28,2025_26,Champions League,league_phase,Man City,Galatasaray SK (TUR),2.3262678772414542,0.7985807525890577
2026-01-28,2025_26,Champions League,league_phase,Monaco,Juventus,1.1894849253332944,1.8295820338791406
2026-01-28,2025_26,Champions League,league_phase,Napoli,Chelsea,1.4950204519150236,1.3284138779149828
2026-01-28,2025_26,Champions League,league_phase,PSV (NED),Bayern Munich,0.8096499443235973,2.4675115507081666
2026-01-28,2025_26,Champions League,league_phase,Paphos FC (CYP),SK Slavia Praha (CZE),1.7793261641862916,1.1211829981794919
2026-01-28,2025_26,Champions League,league_phase,Paris SG,Newcastle,2.459701186478663,0.8701809234856406
2026-01-28,2025_26,Champions League,league_phase,Royale Union Saint-Gilloise (BEL),Atalanta,1.0623694896046456,1.821324729994519
2026-01-28,2025_26,Champions League,league_phase,Sport Lisboa e Benfica (POR),Real Madrid,0.9043153117028568,2.299702981307133
2026-01-30,2025_26,Bundesliga,,FC Koln,Wolfsburg,1.5248377364310821,1.2678198340339193
2026-01-30,2025_26,La Liga,,Espanol,Alaves,1.5771331456933593,1.0309863223683924
2026-01-30,2025_26,Ligue 1,,Lens,Le Havre,2.0774311481365975,0.85029802863992
2026-01-30,2025_26,Serie A,,Lazio,Genoa,1.630558524437012,1.0660296793544406
2026-01-31,2025_26,Bundesliga,,Augsburg,St Pauli,1.5703926776060493,1.0665742906262647
2026-01-31,2025_26,Bundesliga,,Ein Frankfurt,Leverkusen,1.1442484491945555,1.3793986802516658
2026-01-31,2025_26,Bundesliga,,Hamburg,Bayern Munich,0.5863631180445968,3.269610191616688
2026-01-31,2025_26,Bundesliga,,Hoffenheim,Union Berlin,1.830513714611072,0.9835683799245898
2026-01-31,2025_26,Bundesliga,,RB Leipzig,Mainz,1.963279446859669,0.9171996934329625
2026-01-31,2025_26,Bundesliga,,Werder Bremen,M'gladbach,1.4626884459247014,1.1817374885737053
2026-01-31,2025_26,La Liga,,Elche,Barcelona,0.7660006114276166,2.319715597830646
2026-01-31,2025_26,La Liga,,Levante,Ath Madrid,0.8956058349762577,2.0272275416102463
2026-01-31,2025_26,La Liga,,Osasuna,Villarreal,1.3568639751479923,1.3364905548459882
2026-01-31,2025_26,La Liga,,Oviedo,Girona,1.3626037734934744,1.264441735876727
2026-01-31,2025_26,Ligue 1,,Lorient,Nantes,1.6350654610359188,1.102799574567579
2026-01-31,2025_26,Ligue 1,,Monaco,Rennes,1.4571284800264543,1.2230251018606328
2026-01-31,2025_26,Ligue 1,,Paris FC,Marseille,1.0637868924090117,1.6225730842704376
2026-01-31,2025_26,Premier League,,Brighton,Everton,1.5825905798881508,1.1288760029666653
2026-01-31,2025_26,Premier League,,Chelsea,West Ham,2.24921352551212,0.79727621250797
2026-01-31,2025_26,Premier League,,Leeds,Arsenal,0.8379683215020498,2.141926665918922
2026-01-31,2025_26,Premier League,,Liverpool,Newcastle,1.7738793125887964,0.937208942582164
2026-01-31,2025_26,Premier League,,Wolves,Bournemouth,1.1708487108260326,1.45820723724589
2026-01-31,2025_26,Serie A,,Cagliari,Verona,1.6698182365017578,1.0713984470294058
2026-01-31,2025_26,Serie A,,Napoli,Fiorentina,1.832336723745568,0.9487810175584642
2026-01-31,2025_26,Serie A,,Pisa,Sassuolo,1.3642956469507996,1.1896862609363204
2026-02-01,2025_26,Bundesliga,,Dortmund,Heidenheim,2.7968029319555145,0.5997557060522842
2026-02-01,2025_26,Bundesliga,,Stuttgart,Freiburg,1.6531947529686486,0.9792777814224379
2026-02-01,2025_26,La Liga,,Ath Bilbao,Sociedad,1.4555246762702083,1.056370777094495
2026-02-01,2025_26,La Liga,,Betis,Valencia,1.8095486003564694,0.9980423447264857
2026-02-01,2025_26,La Liga,,Getafe,Celta,1.169938143545248,1.532458755006271
2026-02-01,2025_26,La Liga,,Real Madrid,Vallecano,3.18725043959133,0.5679909999093669
2026-02-01,2025_26,Ligue 1,,Angers,Metz,1.63684350926117,1.046568118228239
2026-02-01,2025_26,Ligue 1,,Lyon,Lille,1.6490978527723803,1.06875126081818
2026-02-01,2025_26,Ligue 1,,Nice,Brest,1.6519420480370504,1.0731903357758223
2026-02-01,2025_26,Ligue 1,,Strasbourg,Paris SG,1.0162020808604815,1.809777078707536
2026-02-01,2025_26,Ligue 1,,Toulouse,Auxerre,1.8863324506277126,0.9577818496868388
2026-02-01,2025_26,Premier League,,Aston Villa,Brentford,1.8117989190488633,0.9322733575828671
2026-02-01,2025_26,Premier League,,Man United,Fulham,1.627549270811508,1.0675524738543405
2026-02-01,2025_26,Premier League,,Nott'm Forest,Crystal Palace,1.3999626296145498,1.1934394134579769
2026-02-01,2025_26,Premier League,,Tottenham,Man City,1.0580024359896614,1.8066811003721976
2026-02-01,2025_26,Serie A,,Como,Atalanta,1.484491165907608,1.159873838466941
2026-02-01,2025_26,Serie A,,Cremonese,Inter,0.8319773272475983,2.3559724269295343
2026-02-01,2025_26,Serie A,,Parma,Juventus,0.8885020945703835,2.1030908712965894
2026-02-01,2025_26,Serie A,,Torino,Lecce,1.651221369273875,1.0916922253300811
2026-02-02,2025_26,La Liga,,Mallorca,Sevilla,1.4475987604043965,1.1756375036041378
2026-02-02,2025_26,Premier League,,Sunderland,Burnley,1.6115942784253143,1.1146122762665933
2026-02-02,2025_26,Serie A,,Udinese,Roma,1.0488093369984477,1.6317431747190818
2026-02-03,2025_26,Serie A,,Bologna,Milan,1.1694425497975303,1.449990513990706
2026-02-06,2025_26,Bundesliga,,Union Berlin,Ein Frankfurt,1.3696925484067262,1.3188441052155853
2026-02-06,2025_26,La Liga,,Celta,Osasuna,1.6813843654344278,1.1558677289962311
2026-02-06,2025_26,Ligue 1,,Metz,Lille,1.0004251741912986,1.7704904521024005
2026-02-06,2025_26,Premier League,,Leeds,Nott'm Forest,1.3490810324621083,1.3349351024551008
2026-02-06,2025_26,Serie A,,Verona,Pisa,1.3018671361290972,1.222470441150107
2026-02-07,2025_26,Bundesliga,,Freiburg,Werder Bremen,1.6481326818273074,0.9912632884539125
2026-02-07,2025_26,Bundesliga,,Heidenheim,Hamburg,1.399825667779458,1.240610961296401
2026-02-07,2025_26,Bundesliga,,M'gladbach,Leverkusen,1.0745126844928443,1.6179979734027803
2026-02-07,2025_26,Bundesliga,,Mainz,Augsburg,1.5950615076631558,1.091874375372343
2026-02-07,2025_26,Bundesliga,,St Pauli,Stuttgart,0.9795678049734523,1.5375609482290082
2026-02-07,2025_26,Bundesliga,,Wolfsburg,Dortmund,0.92670582320243,2.00072531879223
2026-02-07,2025_26,La Liga,,Barcelona,Mallorca,2.902645396583101,0.6257831746168661
2026-02-07,2025_26,La Liga,,Sociedad,Elche,1.6896027910893474,1.0886942803584576
2026-02-07,2025_26,Ligue 1,,Brest,Lorient,1.564939112395423,1.1507621766076794
2026-02-07,2025_26,Ligue 1,,Lens,Rennes,1.8085515023851122,1.002973922810525
2026-02-07,2025_26,Ligue 1,,Nantes,Lyon,0.9657018842548666,1.7720152772524507
2026-02-07,2025_26,Premier League,,Arsenal,Sunderland,2.729934016280923,0.5773591908832153
2026-02-07,2025_26,Premier League,,Bournemouth,Aston Villa,1.2216667447796365,1.5060196079387267
2026-02-07,2025_26,Premier League,,Burnley,West Ham,1.288521065720908,1.370601347222146
2026-02-07,2025_26,Premier League,,Fulham,Everton,1.4721269304795703,1.209274123583164
2026-02-07,2025_26,Premier League,,Man United,Tottenham,1.588346465020769,1.089589961599599
2026-02-07,2025_26,Premier League,,Newcastle,Brentford,1.5230690821624577,1.0942342799761702
2026-02-07,2025_26,Premier League,,Wolves,Chelsea,0.9009684310696217,1.9082665071198237
2026-02-07,2025_26,Serie A,,Fiorentina,Torino,1.7084888873155908,1.0505158334912554
2026-02-07,2025_26,Serie A,,Genoa,Napoli,1.160708000540906,1.5101317484576298
2026-02-08,2025_26,Bundesliga,,Bayern Munich,Hoffenheim,2.673120878368552,0.6252008797734347
2026-02-08,2025_26,Bundesliga,,FC Koln,RB Leipzig,1.1475197259185659,1.6333509963574535
2026-02-08,2025_26,La Liga,,Alaves,Getafe,1.6132202377928184,1.139238586600194
2026-02-08,2025_26,La Liga,,Ath Bilbao,Levante,1.6872599687278675,0.9256884894713477
2026-02-08,2025_26,La Liga,,Ath Madrid,Betis,1.9335169811272912,0.9167031709014762
2026-02-08,2025_26,La Liga,,Sevilla,Girona,1.5385895919981645,1.0519901153344091
2026-02-08,2025_26,La Liga,,Valencia,Real Madrid,0.819089464830315,2.2431687862258336
2026-02-08,2025_26,Ligue 1,,Angers,Toulouse,1.2199586185175073,1.3944804864666183
2026-02-08,2025_26,Ligue 1,,Auxerre,Paris FC,1.3681314493165233,1.1829891517139677
2026-02-08,2025_26,Ligue 1,,Le Havre,Strasbourg,1.1285569179306199,1.5348842936376195
2026-02-08,2025_26,Ligue 1,,Nice,Monaco,1.5066511553999973,1.20689580498607
2026-02-08,2025_26,Ligue 1,,Paris SG,Marseille,2.123408610397451,0.8197625830339916
2026-02-08,2025_26,Premier League,,Brighton,Crystal Palace,1.6335329489345585,1.0610433035008033
2026-02-08,2025_26,Premier League,,Liverpool,Man City,1.489468602886092,1.1841678785644898
2026-02-08,2025_26,Serie A,,Bologna,Parma,1.854655152816073,0.9277484460100395
2026-02-08,2025_26,Serie A,,Juventus,Lazio,1.9973503256109084,0.8412675728470973
2026-02-08,2025_26,Serie A,,Lecce,Udinese,1.206090689944713,1.3477691143056436
2026-02-08,2025_26,Serie A,,Sassuolo,Inter,0.8691655330313836,2.3423904018275534
2026-02-09,2025_26,La Liga,,Villarreal,Espanol,1.7022057532619561,1.006518413826883
2026-02-09,2025_26,Serie A,,Atalanta,Cremonese,2.1768382579818484,0.7724968578064573
2026-02-09,2025_26,Serie A,,Roma,Cagliari,2.0289102719226006,0.852974686297023
2026-02-10,2025_26,Premier League,,Chelsea,Leeds,2.163749567318471,0.7579745353742577
2026-02-10,2025_26,Premier League,,Everton,Bournemouth,1.447506279604847,1.1957060668978359
2026-02-10,2025_26,Premier League,,Tottenham,Newcastle,1.4103749158493215,1.3269404833113687
2026-02-10,2025_26,Premier League,,West Ham,Man United,1.1393279611528069,1.5172184925955172
2026-02-11,2025_26,Premier League,,Aston Villa,Brighton,1.7214574561600722,0.9441063719438999
2026-02-11,2025_26,Premier League,,Crystal Palace,Burnley,1.9444585610554108,0.9003425047400296
2026-02-11,2025_26,Premier League,,Man City,Fulham,2.29559707311856,0.7866320989190411
2026-02-11,2025_26,Premier League,,Nott'm Forest,Wolves,1.7901433689728208,0.9832026379401464
2026-02-11,2025_26,Premier League,,Sunderland,Liverpool,0.9019039279513906,2.1178833678944495
2026-02-12,2025_26,Premier League,,Brentford,Arsenal,0.9933683666341666,1.8337245200853298
2026-02-13,2025_26,Bundesliga,,Dortmund,Mainz,2.1361037165141994,0.7492551447599431
2026-02-13,2025_26,La Liga,,Elche,Osasuna,1.355292939721306,1.3222431384590096
2026-02-13,2025_26,Ligue 1,,Monaco,Nantes,1.843695015620489,0.8904553641059016
2026-02-13,2025_26,Ligue 1,,Rennes,Paris SG,0.8750299619835712,2.245271870187809
2026-02-13,2025_26,Serie A,,Pisa,Milan,0.883175991890132,2.0168344051668012
2026-02-14,2025_26,Bundesliga,,Ein Frankfurt,M'gladbach,1.5246396992433207,1.0090912078678314
2026-02-14,2025_26,Bundesliga,,Hamburg,Union Berlin,1.4068206793694185,1.3408312146515344
2026-02-14,2025_26,Bundesliga,,Hoffenheim,Freiburg,1.6361911002320138,1.1111449102410154
2026-02-14,2025_26,Bundesliga,,Leverkusen,St Pauli,2.248587194823427,0.7832180217962398
2026-02-14,2025_26,Bundesliga,,Stuttgart,FC Koln,1.8846503573123552,0.8508206057210649
2026-02-14,2025_26,Bundesliga,,Werder Bremen,Bayern Munich,0.6351612978308504,2.8999326469912807
2026-02-14,2025_26,La Liga,,Espanol,Celta,1.28557937965521,1.300318441787582
2026-02-14,2025_26,La Liga,,Getafe,Villarreal,1.1549168440891475,1.636768074679328
2026-02-14,2025_26,La Liga,,Real Madrid,Sociedad,2.5493279162695712,0.6365778371828058
2026-02-14,2025_26,La Liga,,Sevilla,Alaves,1.6100753923674043,1.1127335613855247
2026-02-14,2025_26,Ligue 1,,Lille,Brest,1.682295236448831,0.970301333208087
2026-02-14,2025_26,Ligue 1,,Marseille,Strasbourg,1.445722067749365,1.1094754820648913
2026-02-14,2025_26,Ligue 1,,Paris FC,Lens,1.1404000210444933,1.6436009107505372
2026-02-14,2025_26,Serie A,,Como,Fiorentina,1.7928403176501908,0.9274007701835224
2026-02-14,2025_26,Serie A,,Inter,Juventus,1.7573523879183908,1.0314233572017473
2026-02-14,2025_26,Serie A,,Lazio,Atalanta,1.301460170540534,1.3546753407970027
2026-02-15,2025_26,Bundesliga,,Augsburg,Heidenheim,1.6795496337218923,0.9837487224763668
2026-02-15,2025_26,Bundesliga,,RB Leipzig,Wolfsburg,2.0425956613791416,0.9080430508767727
2026-02-15,2025_26,La Liga,,Levante,Valencia,1.3797114622346507,1.2958433309189596
2026-02-15,2025_26,La Liga,,Mallorca,Betis,1.2418396524774018,1.504985544765157
2026-02-15,2025_26,La Liga,,Oviedo,Ath Bilbao,1.114281965081012,1.532592403879855
2026-02-15,2025_26,La Liga,,Vallecano,Ath Madrid,0.9990372061173309,1.9676192790201972
2026-02-15,2025_26,Ligue 1,,Le Havre,Toulouse,1.2682918745771623,1.3822753690971155
2026-02-15,2025_26,Ligue 1,,Lorient,Angers,1.6267295057056317,1.164311398276347
2026-02-15,2025_26,Ligue 1,,Lyon,Nice,1.7598518533227474,0.9548251432781786
2026-02-15,2025_26,Ligue 1,,Metz,Auxerre,1.3544485663705046,1.354848137162729
2026-02-15,2025_26,Serie A,,Cremonese,Genoa,1.308386020704415,1.411547552723427
2026-02-15,2025_26,Serie A,,Napoli,Roma,1.385204213140688,1.2208274988077084
2026-02-15,2025_26,Serie A,,Parma,Verona,1.6221559148274312,1.1022004755944321
2026-02-15,2025_26,Serie A,,Torino,Bologna,1.1990846830750974,1.3400976775703395
2026-02-15,2025_26,Serie A,,Udinese,Sassuolo,1.5839154836211968,1.0297988449944475
2026-02-16,2025_26,La Liga,,Girona,Barcelona,0.7345345106004465,2.4470019287142657
2026-02-16,2025_26,Serie A,,Cagliari,Lecce,1.6863787857579078,1.0334001376215611
2026-02-17,2025_26,Champions League,playoff,Dortmund,Atalanta,1.9426923649695296,1.0170083313275409
2026-02-17,2025_26,Champions League,playoff,Galatasaray SK (TUR),Juventus,1.1322585660387692,1.8921346117475024
2026-02-17,2025_26,Champions League,playoff,Monaco,Paris SG,1.0135328111906003,1.9668913653095916
2026-02-17,2025_26,Champions League,playoff,Sport Lisboa e Benfica (POR),Real Madrid,1.0128427158398723,2.2493990886891613
2026-02-18,2025_26,Champions League,playoff,Club Brugge KV (BEL),Ath Madrid,1.2541042214429767,1.6509469585612986
2026-02-18,2025_26,Champions League,playoff,FK Bodø/Glimt (NOR),Inter,0.9781843425780292,2.2317278388017954
2026-02-18,2025_26,Champions League,playoff,PAE Olympiakos SFP (GRE),Leverkusen,1.2174743055960242,1.8015789369767472
2026-02-18,2025_26,Champions League,playoff,Qarabağ Ağdam FK (AZE),Newcastle,1.2859563927570852,1.6996649063543827
2026-02-18,2025_26,La Liga,,Levante,Villarreal,1.1910676491222536,1.5939700384255486
2026-02-18,2025_26,Premier League,,Wolves,Arsenal,0.7150705029120095,2.5671110322468063
2026-02-18,2025_26,Serie A,,Milan,Como,1.6489181297419546,1.0230036107367184
2026-02-20,2025_26,Bundesliga,,Mainz,Hamburg,1.6844128792905144,1.0752248029485523
2026-02-20,2025_26,La Liga,,Ath Bilbao,Elche,1.741832708842784,0.9785021451478084
2026-02-20,2025_26,Ligue 1,,Brest,Marseille,1.2894678256536969,1.3975540484993187
2026-02-20,2025_26,Serie A,,Sassuolo,Verona,1.645639790093327,1.0842819587091928
2026-02-21,2025_26,Bundesliga,,Bayern Munich,Ein Frankfurt,3.189146063127296,0.5669822189771709
2026-02-21,2025_26,Bundesliga,,FC Koln,Hoffenheim,1.2093270939431153,1.561977963370776
2026-02-21,2025_26,Bundesliga,,RB Leipzig,Dortmund,1.1900597043962606,1.5839039727813071
2026-02-21,2025_26,Bundesliga,,Union Berlin,Leverkusen,1.046516946944357,1.7451955952100848
2026-02-21,2025_26,Bundesliga,,Wolfsburg,Augsburg,1.5050047776439925,1.0869674020040654
2026-02-21,2025_26,La Liga,,Ath Madrid,Espanol,2.115187362990852,0.8127348782978326
2026-02-21,2025_26,La Liga,,Betis,Vallecano,1.9405498853314085,0.9689608700740127
2026-02-21,2025_26,La Liga,,Osasuna,Real Madrid,0.8634019125825959,2.1576119418601114
2026-02-21,2025_26,La Liga,,Sociedad,Oviedo,1.8857388327822633,0.9367807173542397
2026-02-21,2025_26,Ligue 1,,Lens,Monaco,1.7554549215501327,1.0178404668006935
2026-02-21,2025_26,Ligue 1,,Paris SG,Metz,3.5182324578591717,0.5227293471659596
2026-02-21,2025_26,Ligue 1,,Toulouse,Paris FC,1.7533568575433798,0.9571776286633887
2026-02-21,2025_26,Premier League,,Aston Villa,Leeds,2.0988753499732424,0.7850069724753974
2026-02-21,2025_26,Premier League,,Brentford,Brighton,1.535982642845482,1.1122123677633553
2026-02-21,2025_26,Premier League,,Chelsea,Burnley,2.4565229052765574,0.6737695868274353
2026-02-21,2025_26,Premier League,,Man City,Newcastle,1.9535540409435295,0.899699937967658
2026-02-21,2025_26,Premier League,,West Ham,Bournemouth,1.249225548096886,1.3987558729071787
2026-02-21,2025_26,Serie A,,Cagliari,Lazio,1.2429171379217234,1.3437197688684175
2026-02-21,2025_26,Serie A,,Juventus,Como,1.6511969640559796,1.0078315778461902
2026-02-21,2025_26,Serie A,,Lecce,Inter,0.7591158892422937,2.394773691340006
2026-02-22,2025_26,Bundesliga,,Freiburg,M'gladbach,1.7313920595582306,1.032034304817891
2026-02-22,2025_26,Bundesliga,,Heidenheim,Stuttgart,0.9169286395376262,1.733140004133829
2026-02-22,2025_26,Bundesliga,,St Pauli,Werder Bremen,1.3524764867492782,1.2066386165481746
2026-02-22,2025_26,La Liga,,Barcelona,Levante,3.014311304722535,0.5464763415437874
2026-02-22,2025_26,La Liga,,Celta,Mallorca,1.806640398264467,1.0286271037354515
2026-02-22,2025_26,La Liga,,Getafe,Sevilla,1.4389350545706252,1.2360832037822842
2026-02-22,2025_26,La Liga,,Villarreal,Valencia,1.7559127822874392,0.9712181539953977
2026-02-22,2025_26,Ligue 1,,Angers,Lille,1.163673019479331,1.5755299902496938
2026-02-22,2025_26,Ligue 1,,Auxerre,Rennes,1.3273623053243135,1.38542325136606
2026-02-22,2025_26,Ligue 1,,Nantes,Le Havre,1.326239318861596,1.2753597017597986
2026-02-22,2025_26,Ligue 1,,Nice,Lorient,1.6499053683705867,1.0947301574958404
2026-02-22,2025_26,Ligue 1,,Strasbourg,Lyon,1.3420667064867648,1.342471600621401
2026-02-22,2025_26,Premier League,,Crystal Palace,Wolves,1.9157082385898887,0.9688399290664158
2026-02-22,2025_26,Premier League,,Nott'm Forest,Liverpool,0.952469062392576,1.8377806553050529
2026-02-22,2025_26,Premier League,,Sunderland,Fulham,1.364474885147326,1.3814645260092167
2026-02-22,2025_26,Premier League,,Tottenham,Arsenal,0.9434962433276995,1.8847700296113596
2026-02-22,2025_26,Serie A,,Atalanta,Napoli,1.478884695073186,1.2111304695610894
2026-02-22,2025_26,Serie A,,Genoa,Torino,1.56469314247811,1.0664814420516298
2026-02-22,2025_26,Serie A,,Milan,Parma,2.2940615025026854,0.7216086154343322
2026-02-22,2025_26,Serie A,,Roma,Cremonese,2.3006303138114657,0.7199719716425586
2026-02-23,2025_26,La Liga,,Alaves,Girona,1.4659556899164126,1.1439893690946026
2026-02-23,2025_26,Premier League,,Everton,Man United,1.3005585234893258,1.2914217531690744
2026-02-23,2025_26,Serie A,,Bologna,Udinese,1.660134395198315,1.0112735299318796
2026-02-23,2025_26,Serie A,,Fiorentina,Pisa,1.771631092166026,0.9749804531480211
2026-02-24,2025_26,Champions League,playoff,Ath Madrid,Club Brugge KV (BEL),1.9999774768647736,0.9432652808998012
2026-02-24,2025_26,Champions League,playoff,Inter,FK Bodø/Glimt (NOR),2.2667890434836364,0.8014687742365161
2026-02-24,2025_26,Champions League,playoff,Leverkusen,PAE Olympiakos SFP (GRE),2.278379168137226,0.9366567983756428
2026-02-24,2025_26,Champions League,playoff,Newcastle,Qarabağ Ağdam FK (AZE),2.235654715787761,0.8111929080809847
2026-02-25,2025_26,Champions League,playoff,Atalanta,Dortmund,1.301930004675612,1.6284665199764328
2026-02-25,2025_26,Champions League,playoff,Juventus,Galatasaray SK (TUR),2.025644158761632,0.915981020129058
2026-02-25,2025_26,Champions League,playoff,Paris SG,Monaco,2.627423026029567,0.7977608696803141
2026-02-25,2025_26,Champions League,playoff,Real Madrid,Sport Lisboa e Benfica (POR),2.707206020775628,0.74970598637701
2026-02-27,2025_26,Bundesliga,,Augsburg,FC Koln,1.5070355322824833,1.137493376432988
2026-02-27,2025_26,La Liga,,Levante,Alaves,1.351054505407376,1.2305769526915478
2026-02-27,2025_26,Ligue 1,,Strasbourg,Lens,1.333842627274215,1.3113506784047573
2026-02-27,2025_26,Premier League,,Wolves,Aston Villa,0.939310683441237,1.9050915426100965
2026-02-27,2025_26,Serie A,,Parma,Cagliari,1.436969389408014,1.2506493036826558
2026-02-28,2025_26,Bundesliga,,Dortmund,Bayern Munich,0.9986026494141657,1.7695196921656182
2026-02-28,2025_26,Bundesliga,,Hoffenheim,St Pauli,2.136574779556841,0.8304954948489728
2026-02-28,2025_26,Bundesliga,,Leverkusen,Mainz,2.1633072070932133,0.914149539229081
2026-02-28,2025_26,Bundesliga,,M'gladbach,Union Berlin,1.4107797577360548,1.1873738413487982
2026-02-28,2025_26,Bundesliga,,Werder Bremen,Heidenheim,1.6003963131743337,1.0303374267120522
2026-02-28,2025_26,La Liga,,Barcelona,Villarreal,2.398477083742604,0.7755298581620497
2026-02-28,2025_26,La Liga,,Mallorca,Sociedad,1.3611883118888728,1.2836336907772408
2026-02-28,2025_26,La Liga,,Oviedo,Ath Madrid,0.8743102470105295,2.0310928812144153
2026-02-28,2025_26,La Liga,,Vallecano,Ath Bilbao,1.3667544743282722,1.318211355659346
2026-02-28,2025_26,Ligue 1,,Le Havre,Paris SG,0.7800373534755957,2.5483627428274653
2026-02-28,2025_26,Ligue 1,,Monaco,Angers,1.9742465228463781,0.9190965698956994
2026-02-28,2025_26,Ligue 1,,Rennes,Toulouse,1.5575442268239679,1.1655955038880057
2026-02-28,2025_26,Premier League,,Bournemouth,Sunderland,1.858358322959078,0.9722201662942603
2026-02-28,2025_26,Premier League,,Burnley,Brentford,1.076869047497415,1.632452026171102
2026-02-28,2025_26,Premier League,,Leeds,Man City,0.8860318469476245,2.179526407243606
2026-02-28,2025_26,Premier League,,Liverpool,West Ham,2.432085022431928,0.715101177014463
2026-02-28,2025_26,Premier League,,Newcastle,Everton,1.7544479438085843,1.0177471721979052
2026-02-28,2025_26,Serie A,,Como,Lecce,2.157985370033511,0.7912130964928724
2026-02-28,2025_26,Serie A,,Inter,Genoa,2.509030689751889,0.7064333577457946
2026-02-28,2025_26,Serie A,,Verona,Napoli,0.9190508663881491,1.9767550172145547
2026-03-01,2025_26,Bundesliga,,Ein Frankfurt,Freiburg,1.5244955326020613,1.109179797290445
2026-03-01,2025_26,Bundesliga,,Hamburg,RB Leipzig,1.0799032084468703,1.6459552104360131
2026-03-01,2025_26,Bundesliga,,Stuttgart,Wolfsburg,1.912156950406934,0.8490512614767358
2026-03-01,2025_26,La Liga,,Betis,Sevilla,1.9453162110025348,0.991313065564069
2026-03-01,2025_26,La Liga,,Elche,Espanol,1.3915219324753612,1.2573109229073938
2026-03-01,2025_26,La Liga,,Girona,Celta,1.2691973447734883,1.4120350240750095
2026-03-01,2025_26,La Liga,,Valencia,Osasuna,1.4339856165249025,1.2409730528263336
2026-03-01,2025_26,Ligue 1,,Lille,Nantes,1.991839679478805,0.8568032616711078
2026-03-01,2025_26,Ligue 1,,Lorient,Auxerre,1.6699061735079728,1.0794166449497598
2026-03-01,2025_26,Ligue 1,,Marseille,Lyon,1.3258246227080992,1.2149207605853984
2026-03-01,2025_26,Ligue 1,,Metz,Brest,1.1165752367748465,1.5756029369344373
2026-03-01,2025_26,Ligue 1,,Paris FC,Nice,1.2188624069983098,1.4427146791054262
2026-03-01,2025_26,Premier League,,Arsenal,Chelsea,1.930622196235445,0.8832959778882575
2026-03-01,2025_26,Premier League,,Brighton,Nott'm Forest,1.704765151746838,1.0260857627472746
2026-03-01,2025_26,Premier League,,Fulham,Tottenham,1.450484331651901,1.280347223598459
2026-03-01,2025_26,Premier League,,Man United,Crystal Palace,1.7518082585857742,1.0046644289291473
2026-03-01,2025_26,Serie A,,Cremonese,Milan,0.9113045411530023,1.9497621788109394
2026-03-01,2025_26,Serie A,,Roma,Juventus,1.4827522255319054,1.1798988310492255
2026-03-01,2025_26,Serie A,,Sassuolo,Atalanta,1.0852557828122718,1.6827351528609256
2026-03-01,2025_26,Serie A,,Torino,Lazio,1.2487653231618239,1.4750922720811355
2026-03-02,2025_26,La Liga,,Real Madrid,Getafe,3.098900393182982,0.608238769730038
2026-03-02,2025_26,Serie A,,Pisa,Bologna,1.0791304917267615,1.5262985743668982
2026-03-02,2025_26,Serie A,,Udinese,Fiorentina,1.3017459775516311,1.2917079575791306
2026-03-03,2025_26,Premier League,,Bournemouth,Brentford,1.4343528451463674,1.2215162905852135
2026-03-03,2025_26,Premier League,,Everton,Burnley,1.937357322727691,0.9043566622723416
2026-03-03,2025_26,Premier League,,Leeds,Sunderland,1.6271568568884769,1.1462825116025301
2026-03-03,2025_26,Premier League,,Wolves,Liverpool,0.8291440538100028,2.199689901993469
2026-03-04,2025_26,Bundesliga,,Hamburg,Leverkusen,1.0469663574917416,1.770955767355349
2026-03-04,2025_26,La Liga,,Vallecano,Oviedo,1.705106724620139,0.9913202362776569
2026-03-04,2025_26,Premier League,,Aston Villa,Chelsea,1.3585370677835127,1.293119179310138
2026-03-04,2025_26,Premier League,,Brighton,Arsenal,0.9224432756790495,1.8837066264853637
2026-03-04,2025_26,Premier League,,Fulham,West Ham,1.7195582538877996,1.0206115948738075
2026-03-04,2025_26,Premier League,,Man City,Nott'm Forest,2.543681362646499,0.6824080216188948
2026-03-04,2025_26,Premier League,,Newcastle,Man United,1.4970103887003186,1.1104466789424219
2026-03-05,2025_26,Premier League,,Tottenham,Crystal Palace,1.5566827626628137,1.1127155935352975
2026-03-06,2025_26,Bundesliga,,Bayern Munich,M'gladbach,3.694600778012711,0.4960248400121894
2026-03-06,2025_26,La Liga,,Celta,Real Madrid,0.998678879321035,1.9214667671110695
2026-03-06,2025_26,Ligue 1,,Paris SG,Monaco,2.4711235025095872,0.7776649865271752
2026-03-06,2025_26,Serie A,,Napoli,Torino,2.0965984537869407,0.8212116277618821
2026-03-07,2025_26,Bundesliga,,FC Koln,Dortmund,0.9166602686052272,2.1450121340046717
2026-03-07,2025_26,Bundesliga,,Freiburg,Leverkusen,1.2111616661029259,1.4712136397796571
2026-03-07,2025_26,Bundesliga,,Heidenheim,Hoffenheim,1.0387075165087556,1.7077549820652183
2026-03-07,2025_26,Bundesliga,,Mainz,Stuttgart,1.0908417615100732,1.4533366731351225
2026-03-07,2025_26,Bundesliga,,RB Leipzig,Augsburg,1.9580901143721317,0.8900586870050364
2026-03-07,2025_26,Bundesliga,,Wolfsburg,Hamburg,1.515785595923833,1.160249622052126
2026-03-07,2025_26,La Liga,,Ath Bilbao,Barcelona,0.8314283129831072,2.0692293837332003
2026-03-07,2025_26,La Liga,,Ath Madrid,Sociedad,2.133561264482781,0.8258685919404678
2026-03-07,2025_26,La Liga,,Levante,Girona,1.344709450206121,1.2081147650876034
2026-03-07,2025_26,La Liga,,Osasuna,Mallorca,1.7468030398949697,1.0346853344511504
2026-03-07,2025_26,Ligue 1,,Auxerre,Strasbourg,1.0903232764274837,1.5305527133225019
2026-03-07,2025_26,Ligue 1,,Nantes,Angers,1.5291237742138162,1.2227187172539193
2026-03-07,2025_26,Ligue 1,,Toulouse,Marseille,1.2884236568573009,1.410887321642033
2026-03-07,2025_26,Serie A,,Atalanta,Udinese,2.0159447805354915,0.8847870214687591
2026-03-07,2025_26,Serie A,,Cagliari,Como,1.0752062665347697,1.5980193646008325
2026-03-07,2025_26,Serie A,,Juventus,Pisa,2.3645385146693036,0.6708205070166265
2026-03-08,2025_26,Bundesliga,,St Pauli,Ein Frankfurt,1.1768306707643974,1.4998017711714546
2026-03-08,2025_26,Bundesliga,,Union Berlin,Werder Bremen,1.5487620464987866,1.1395765743387527
2026-03-08,2025_26,La Liga,,Getafe,Betis,1.2077980984511938,1.5542218261924108
2026-03-08,2025_26,La Liga,,Sevilla,Vallecano,1.4681277180884849,1.2658508873912402
2026-03-08,2025_26,La Liga,,Valencia,Alaves,1.5976118438259157,1.0516924581827412
2026-03-08,2025_26,La Liga,,Villarreal,Elche,1.9705877672006265,0.9331285051133106
2026-03-08,2025_26,Ligue 1,,Brest,Le Havre,1.723089018972281,1.0075850819308378
2026-03-08,2025_26,Ligue 1,,Lens,Metz,2.487304198799182,0.6966499193676464
2026-03-08,2025_26,Ligue 1,,Lille,Lorient,1.7318203761365307,0.9621028379627502
2026-03-08,2025_26,Ligue 1,,Lyon,Paris FC,2.0559984403709968,0.7820651530888377
2026-03-08,2025_26,Ligue 1,,Nice,Rennes,1.424400220087008,1.2157648469788318
2026-03-08,2025_26,Serie A,,Bologna,Verona,1.9772825642595993,0.8640408641839351
2026-03-08,2025_26,Serie A,,Fiorentina,Parma,1.6570212231678556,1.108616178569484
2026-03-08,2025_26,Serie A,,Genoa,Roma,1.1170995103186616,1.6310331164947791
2026-03-08,2025_26,Serie A,,Lecce,Cremonese,1.4744560333793884,1.1081462010993186
2026-03-08,2025_26,Serie A,,Milan,Inter,1.2807681731700924,1.4568259819863203
2026-03-09,2025_26,La Liga,,Espanol,Oviedo,1.6918484655684711,0.9478744788072697
2026-03-09,2025_26,Serie A,,Lazio,Sassuolo,1.5957533653970066,1.0144348206697635
2026-03-10,2025_26,Champions League,round_of_16,Atalanta,Bayern Munich,0.8885491278499921,2.2291017976348915
2026-03-10,2025_26,Champions League,round_of_16,Ath Madrid,Tottenham,2.1097182213959784,0.9237667965542965
2026-03-10,2025_26,Champions League,round_of_16,Galatasaray SK (TUR),Liverpool,1.1869046407217962,1.8250288460155735
2026-03-10,2025_26,Champions League,round_of_16,Newcastle,Barcelona,1.0555148003402122,1.8899027187836313
2026-03-11,2025_26,Champions League,round_of_16,FK Bodø/Glimt (NOR),Sporting Clube de Portugal (POR),1.5418205004522822,1.2845332715832019
2026-03-11,2025_26,Champions League,round_of_16,Leverkusen,Arsenal,1.172172179531338,1.7584295228287177
2026-03-11,2025_26,Champions League,round_of_16,Paris SG,Chelsea,1.9234680393033408,1.056157510700238
2026-03-11,2025_26,Champions League,round_of_16,Real Madrid,Man City,1.6885730510028127,1.2523751009925705
2026-03-13,2025_26,Bundesliga,,M'gladbach,St Pauli,1.5947491588209068,1.0584718637141828
2026-03-13,2025_26,La Liga,,Alaves,Villarreal,1.2060776719163786,1.5340075859757085
2026-03-13,2025_26,Ligue 1,,Marseille,Auxerre,1.967037100095887,0.8492390430744673
2026-03-13,2025_26,Serie A,,Torino,Parma,1.5205311678176916,1.201639642768806
2026-03-14,2025_26,Bundesliga,,Dortmund,Augsburg,2.3302526791113043,0.7050394967627702
2026-03-14,2025_26,Bundesliga,,Ein Frankfurt,Heidenheim,1.9862264503771598,0.8336495385617916
2026-03-14,2025_26,Bundesliga,,Hamburg,FC Koln,1.5842417031708762,1.2176072716568793
2026-03-14,2025_26,Bundesliga,,Hoffenheim,Wolfsburg,2.0961928545543755,0.8735349833234135
2026-03-14,2025_26,Bundesliga,,Leverkusen,Bayern Munich,0.7976486306119648,2.043792283624645
2026-03-14,2025_26,La Liga,,Ath Madrid,Getafe,2.3667069670145504,0.7508450459655375
2026-03-14,2025_26,La Liga,,Girona,Ath Bilbao,1.2565882651254294,1.3857368774049397
2026-03-14,2025_26,La Liga,,Oviedo,Valencia,1.2173182052263651,1.4343531173246782
2026-03-14,2025_26,La Liga,,Real Madrid,Elche,2.8543071180578607,0.6298404850156221
2026-03-14,2025_26,Ligue 1,,Angers,Nice,1.3082714987539246,1.3035976205973312
2026-03-14,2025_26,Ligue 1,,Lorient,Lens,1.1091420568485024,1.6280222913933409
2026-03-14,2025_26,Ligue 1,,Monaco,Brest,1.6433544773901667,0.985481292007921
2026-03-14,2025_26,Premier League,,Arsenal,Everton,2.222653976580669,0.722725492087194
2026-03-14,2025_26,Premier League,,Burnley,Bournemouth,1.0890502276142817,1.648114504973668
2026-03-14,2025_26,Premier League,,Chelsea,Newcastle,1.685135252703218,1.0128403257463379
2026-03-14,2025_26,Premier League,,Sunderland,Brighton,1.2207154622657188,1.4210370791663256
2026-03-14,2025_26,Premier League,,West Ham,Man City,0.9226049558045223,2.0624672233307755
2026-03-14,2025_26,Serie A,,Inter,Atalanta,1.9842093764412008,0.8188275868194936
2026-03-14,2025_26,Serie A,,Napoli,Lecce,2.2009239991934004,0.7674048789424269
2026-03-14,2025_26,Serie A,,Udinese,Juventus,1.038326821296788,1.7536048637921036
2026-03-15,2025_26,Bundesliga,,Freiburg,Union Berlin,1.7216717429828146,1.0420175692714788
2026-03-15,2025_26,Bundesliga,,Stuttgart,RB Leipzig,1.4502922121176394,1.0547872645528362
2026-03-15,2025_26,Bundesliga,,Werder Bremen,Mainz,1.4422210735711616,1.2204690958514244
2026-03-15,2025_26,La Liga,,Barcelona,Sevilla,2.8927275098404164,0.6079548660793506
2026-03-15,2025_26,La Liga,,Betis,Celta,1.5915978108523876,1.190765470428024
2026-03-15,2025_26,La Liga,,Mallorca,Espanol,1.3522195326643491,1.235105332578138
2026-03-15,2025_26,La Liga,,Sociedad,Osasuna,1.5142451107353914,1.1704884816365226
2026-03-15,2025_26,Ligue 1,,Le Havre,Lyon,1.0296226205079966,1.6375946430588824
2026-03-15,2025_26,Ligue 1,,Metz,Toulouse,1.1006319103151725,1.6651556805253651
2026-03-15,2025_26,Ligue 1,,Rennes,Lille,1.5258751262007662,1.2370089836418516
2026-03-15,2025_26,Ligue 1,,Strasbourg,Paris FC,1.8595716260145738,0.8954088171040463
2026-03-15,2025_26,Premier League,,Crystal Palace,Leeds,1.663100290573162,1.0136767000707887
2026-03-15,2025_26,Premier League,,Liverpool,Tottenham,2.1127704144430792,0.8582928516724683
2026-03-15,2025_26,Premier League,,Man United,Aston Villa,1.4764034578209602,1.207728682268252
2026-03-15,2025_26,Premier League,,Nott'm Forest,Fulham,1.3949277969132061,1.2601159769690893
2026-03-15,2025_26,Serie A,,Como,Roma,1.3517921173411407,1.2231750287568555
2026-03-15,2025_26,Serie A,,Lazio,Milan,1.124328799936243,1.520048591325908
2026-03-15,2025_26,Serie A,,Pisa,Cagliari,1.317767139613401,1.3867285166293977
2026-03-15,2025_26,Serie A,,Sassuolo,Bologna,1.2688884259384914,1.3517318245846643
2026-03-15,2025_26,Serie A,,Verona,Genoa,1.243896077988563,1.52350569596744
2026-03-16,2025_26,La Liga,,Vallecano,Levante,1.7466696178908354,1.008684571042402
2026-03-16,2025_26,Premier League,,Brentford,Wolves,1.9743481038797175,0.8927035039935084
2026-03-16,2025_26,Serie A,,Cremonese,Fiorentina,1.212967950129674,1.387001977936204
2026-03-17,2025_26,Champions League,round_of_16,Arsenal,Leverkusen,2.0570077872320347,0.9031936509538682
2026-03-17,2025_26,Champions League,round_of_16,Chelsea,Paris SG,1.2410889283531874,1.6632036086294875
2026-03-17,2025_26,Champions League,round_of_16,Man City,Real Madrid,1.4599066580077311,1.439712150176818
2026-03-17,2025_26,Champions League,round_of_16,Sporting Clube de Portugal (POR),FK Bodø/Glimt (NOR),1.5490800746620579,1.3045234480730428
2026-03-18,2025_26,Champions League,round_of_16,Barcelona,Newcastle,2.4626591807455833,0.8198596445539744
2026-03-18,2025_26,Champions League,round_of_16,Bayern Munich,Atalanta,3.1302069323067196,0.6777374610184483
2026-03-18,2025_26,Champions League,round_of_16,Liverpool,Galatasaray SK (TUR),2.1964247079315222,0.910672135181849
2026-03-18,2025_26,Champions League,round_of_16,Tottenham,Ath Madrid,1.183528423803631,1.7729443981040558
2026-03-20,2025_26,Bundesliga,,RB Leipzig,Hoffenheim,1.5704432083094482,1.1514222807650232
2026-03-20,2025_26,La Liga,,Villarreal,Sociedad,1.6178325092512837,1.071298886265228
2026-03-20,2025_26,Ligue 1,,Lens,Angers,2.3679351201492675,0.7528035380989339
2026-03-20,2025_26,Premier League,,Bournemouth,Man United,1.301488464254244,1.346652274842049
2026-03-20,2025_26,Serie A,,Cagliari,Napoli,1.0506554486014308,1.6729375482568765
2026-03-20,2025_26,Serie A,,Genoa,Udinese,1.5663905132022036,1.1244581861398357
2026-03-21,2025_26,Bundesliga,,Bayern Munich,Union Berlin,3.6130790373572355,0.4519634131553536
2026-03-21,2025_26,Bundesliga,,Dortmund,Hamburg,2.4598741894413982,0.6741837840972418
2026-03-21,2025_26,Bundesliga,,FC Koln,M'gladbach,1.4993253254985506,1.2294741412985066
2026-03-21,2025_26,Bundesliga,,Heidenheim,Leverkusen,0.9312185651884142,1.9342525951032112
2026-03-21,2025_26,Bundesliga,,Wolfsburg,Werder Bremen,1.3913765539685736,1.2400346009785876
2026-03-21,2025_26,La Liga,,Elche,Mallorca,1.5084471142307478,1.2423951903491577
2026-03-21,2025_26,La Liga,,Espanol,Getafe,1.507208026312102,1.0952135664671994
2026-03-21,2025_26,La Liga,,Levante,Oviedo,1.5771054463382712,1.099524119762272
2026-03-21,2025_26,La Liga,,Osasuna,Girona,1.5942007573006711,1.0553528091483653
2026-03-21,2025_26,La Liga,,Sevilla,Valencia,1.4274051587262198,1.2143608315208623
2026-03-21,2025_26,Ligue 1,,Auxerre,Brest,1.2420198871729773,1.411479390472997
2026-03-21,2025_26,Ligue 1,,Nice,Paris SG,0.8526959374018824,2.303028075512075
2026-03-21,2025_26,Ligue 1,,Toulouse,Lorient,1.5319157484087613,1.1223694672692555
2026-03-21,2025_26,Premier League,,Brighton,Liverpool,1.1400136047060563,1.6399671830590372
2026-03-21,2025_26,Premier League,,Everton,Chelsea,1.196088999606238,1.4303618935188
2026-03-21,2025_26,Premier League,,Fulham,Burnley,1.8570418079401574,0.9354644755528363
2026-03-21,2025_26,Premier League,,Leeds,Brentford,1.2208263702706863,1.4504634810683774
2026-03-21,2025_26,Serie A,,Juventus,Sassuolo,2.2026546529973716,0.745189267967767
2026-03-21,2025_26,Serie A,,Milan,Torino,2.2142333555365767,0.7703043433671508
2026-03-21,2025_26,Serie A,,Parma,Cremonese,1.632471892988132,1.033234147660294
2026-03-22,2025_26,Bundesliga,,Augsburg,Stuttgart,1.0362847115578164,1.4788512319994849
2026-03-22,2025_26,Bundesliga,,Mainz,Ein Frankfurt,1.3338696949443931,1.2466442163948428
2026-03-22,2025_26,Bundesliga,,St Pauli,Freiburg,1.274506259773128,1.4018208363096656
2026-03-22,2025_26,La Liga,,Ath Bilbao,Betis,1.314298360269695,1.2777107968581807
2026-03-22,2025_26,La Liga,,Barcelona,Vallecano,3.221591554462593,0.6125852250269871
2026-03-22,2025_26,La Liga,,Celta,Alaves,1.7919000747050133,1.0077709052375523
2026-03-22,2025_26,La Liga,,Real Madrid,Ath Madrid,1.9406779595881245,1.0035312369432696
2026-03-22,2025_26,Ligue 1,,Lyon,Monaco,1.5436781791521512,1.1459790425118357
2026-03-22,2025_26,Ligue 1,,Marseille,Lille,1.5388552668220192,1.1228959750330387
2026-03-22,2025_26,Ligue 1,,Nantes,Strasbourg,1.0717704455923216,1.584511647284436
2026-03-22,2025_26,Ligue 1,,Paris FC,Le Havre,1.5433551293556103,1.1907634579715645
2026-03-22,2025_26,Ligue 1,,Rennes,Metz,2.2913450618157873,0.7995083523661844
2026-03-22,2025_26,Premier League,,Aston Villa,West Ham,1.8925144894840311,0.9537934946550867
2026-03-22,2025_26,Premier League,,Newcastle,Sunderland,1.9874864617311623,0.8695425312503373
2026-03-22,2025_26,Premier League,,Tottenham,Nott'm Forest,1.615408944782306,1.090710317986265
2026-03-22,2025_26,Serie A,,Atalanta,Verona,2.2138417570739066,0.7843492853173161
2026-03-22,2025_26,Serie A,,Bologna,Lazio,1.4117198780904194,1.2276941557209333
2026-03-22,2025_26,Serie A,,Como,Pisa,2.268926611749456,0.7422271886936644
2026-03-22,2025_26,Serie A,,Fiorentina,Inter,0.9656821556142431,2.02355678640131
2026-03-22,2025_26,Serie A,,Roma,Lecce,2.2729022632006193,0.7347428099732056
2026-04-03,2025_26,La Liga,,Vallecano,Elche,1.5958516585372513,1.084155615175241
2026-04-03,2025_26,Ligue 1,,Paris SG,Toulouse,2.7453388919568575,0.6300604635628764
2026-04-04,2025_26,Bundesliga,,Freiburg,Bayern Munich,0.6658263574249822,2.839440678992632
2026-04-04,2025_26,Bundesliga,,Hamburg,Augsburg,1.4831284055712477,1.1960160787508787
2026-04-04,2025_26,Bundesliga,,Hoffenheim,Mainz,1.6440465476879782,1.0904566809349128
2026-04-04,2025_26,Bundesliga,,Leverkusen,Wolfsburg,2.2011125150301356,0.7972548874925384
2026-04-04,2025_26,Bundesliga,,M'gladbach,Heidenheim,1.7523236141409455,0.9750558181593376
2026-04-04,2025_26,Bundesliga,,Stuttgart,Dortmund,1.2872544852297219,1.3435579306859624
2026-04-04,2025_26,Bundesliga,,Werder Bremen,RB Leipzig,1.0897435009995498,1.546794717618784
2026-04-04,2025_26,La Liga,,Ath Madrid,Barcelona,1.2024555417655969,1.5395837114096584
2026-04-04,2025_26,La Liga,,Betis,Espanol,1.7669423278729484,0.9945872508981355
2026-04-04,2025_26,La Liga,,Mallorca,Real Madrid,0.7918197368427169,2.349160972529927
2026-04-04,2025_26,La Liga,,Sociedad,Levante,1.7254152929051396,0.9994383880238297
2026-04-04,2025_26,Ligue 1,,Brest,Rennes,1.3258629660415473,1.3261386267600468
2026-04-04,2025_26,Ligue 1,,Lille,Lens,1.2875756797511728,1.4029137804912406
2026-04-04,2025_26,Ligue 1,,Strasbourg,Nice,1.7460492676483639,0.986694529338594
2026-04-04,2025_26,Serie A,,Lazio,Parma,1.8914042229815609,0.9269060547169291
2026-04-04,2025_26,Serie A,,Sassuolo,Cagliari,1.6109866667365274,1.10967043846739
2026-04-04,2025_26,Serie A,,Verona,Fiorentina,1.1309890595301022,1.5686625226057838
2026-04-05,2025_26,Bundesliga,,Ein Frankfurt,FC Koln,1.7962686038715885,1.0097896857067599
2026-04-05,2025_26,Bundesliga,,Union Berlin,St Pauli,1.6142832112200516,1.091605811878848
2026-04-05,2025_26,La Liga,,Alaves,Osasuna,1.4008754867628277,1.2864755792381257
2026-04-05,2025_26,La Liga,,Getafe,Ath Bilbao,1.3103275609673657,1.3115387659263704
2026-04-05,2025_26,La Liga,,Oviedo,Sevilla,1.2803955800363334,1.3218916178653801
2026-04-05,2025_26,La Liga,,Valencia,Celta,1.3307989956965556,1.285530579395133
2026-04-05,2025_26,Ligue 1,,Angers,Lyon,0.9795882526507322,1.717823817579299
2026-04-05,2025_26,Ligue 1,,Le Havre,Auxerre,1.4821271382371701,1.1841586087716554
2026-04-05,2025_26,Ligue 1,,Lorient,Paris FC,1.535614756542453,1.097555267882477
2026-04-05,2025_26,Ligue 1,,Metz,Nantes,1.3108787142653264,1.3705637353172513
2026-04-05,2025_26,Ligue 1,,Monaco,Marseille,1.5637085356895568,1.1446490259973003
2026-04-05,2025_26,Serie A,,Cremonese,Bologna,1.133893298790706,1.4652359172069924
2026-04-05,2025_26,Serie A,,Inter,Roma,1.8508396847870086,0.9161506222717413
2026-04-05,2025_26,Serie A,,Pisa,Torino,1.3200621630414844,1.3712352889190045
2026-04-06,2025_26,La Liga,,Girona,Villarreal,1.2652975330228904,1.5036016086888733
2026-04-06,2025_26,Serie A,,Juventus,Genoa,2.1747156493030473,0.7999811191094066
2026-04-06,2025_26,Serie A,,Lecce,Atalanta,1.0944974774169463,1.5901901531008131
2026-04-06,2025_26,Serie A,,Napoli,Milan,1.400297115071717,1.2482035693807347
2026-04-06,2025_26,Serie A,,Udinese,Como,1.049807903189857,1.6643659956851231
2026-04-07,2025_26,Champions League,quarterfinal,Real Madrid,Bayern Munich,1.2452327023820169,1.7800193869072949
2026-04-07,2025_26,Champions League,quarterfinal,Sporting Clube de Portugal (POR),Arsenal,1.1012396118013357,1.8428916403502922
2026-04-08,2025_26,Champions League,quarterfinal,Barcelona,Ath Madrid,2.232019087008634,0.9921692695983592
2026-04-08,2025_26,Champions League,quarterfinal,Paris SG,Liverpool,2.1968083597897947,0.9992017208248658
2026-04-10,2025_26,Bundesliga,,Augsburg,Hoffenheim,1.2563082993630545,1.4401056161412569
2026-04-10,2025_26,La Liga,,Real Madrid,Girona,2.6767753473964553,0.6493780028016645
2026-04-10,2025_26,Ligue 1,,Marseille,Metz,2.319359494332023,0.7213361640646018
2026-04-10,2025_26,Ligue 1,,Paris FC,Monaco,1.122659588858631,1.597202560215407
2026-04-10,2025_26,Premier League,,West Ham,Wolves,1.5295733120980464,1.0841740845807868
2026-04-10,2025_26,Serie A,,Roma,Pisa,2.4270091119785384,0.6886975378124555
2026-04-11,2025_26,Bundesliga,,Dortmund,Leverkusen,1.7084260191964418,1.002027789814875
2026-04-11,2025_26,Bundesliga,,Heidenheim,Union Berlin,1.3061367882364132,1.3198836254453763
2026-04-11,2025_26,Bundesliga,,RB Leipzig,M'gladbach,2.133137685368481,0.876181192088337
2026-04-11,2025_26,Bundesliga,,St Pauli,Bayern Munich,0.5668120582533255,3.1059217416916125
2026-04-11,2025_26,Bundesliga,,Wolfsburg,Ein Frankfurt,1.2391075627851642,1.4373912903204875
2026-04-11,2025_26,La Liga,,Barcelona,Espanol,2.9777165898570033,0.6250891142720439
2026-04-11,2025_26,La Liga,,Elche,Valencia,1.4015244852931978,1.3429399111068092
2026-04-11,2025_26,La Liga,,Sevilla,Ath Madrid,0.949640598048207,1.9284836503083405
2026-04-11,2025_26,La Liga,,Sociedad,Alaves,1.6901688526677963,1.059737084634837
2026-04-11,2025_26,Ligue 1,,Auxerre,Nantes,1.5672206874818964,1.101962225872957
2026-04-11,2025_26,Ligue 1,,Rennes,Angers,2.0528795512117797,0.881409692393649
2026-04-11,2025_26,Premier League,,Arsenal,Bournemouth,2.3393195875828305,0.7434505443194582
2026-04-11,2025_26,Premier League,,Brentford,Everton,1.517531278124236,1.2298027521503132
2026-04-11,2025_26,Premier League,,Burnley,Brighton,1.053040194411232,1.6237853781777993
2026-04-11,2025_26,Premier League,,Liverpool,Fulham,2.082707093753902,0.9248747083230456
2026-04-11,2025_26,Serie A,,Atalanta,Juventus,1.301733105817326,1.4045382430085054
2026-04-11,2025_26,Serie A,,Cagliari,Cremonese,1.5648439272861456,1.0769080247361664
2026-04-11,2025_26,Serie A,,Milan,Udinese,2.0133060391888944,0.8308301631065661
2026-04-11,2025_26,Serie A,,Torino,Verona,1.8236581368749414,0.9596969025883594
2026-04-12,2025_26,Bundesliga,,FC Koln,Werder Bremen,1.4060369026577022,1.2221613848459891
2026-04-12,2025_26,Bundesliga,,Mainz,Freiburg,1.487318089778643,1.2019731216758016
2026-04-12,2025_26,Bundesliga,,Stuttgart,Hamburg,1.976963854451794,0.7943107739117877
2026-04-12,2025_26,La Liga,,Ath Bilbao,Villarreal,1.337772124290251,1.3566421882366182
2026-04-12,2025_26,La Liga,,Celta,Oviedo,2.0413544637914427,0.8898545137752434
2026-04-12,2025_26,La Liga,,Mallorca,Vallecano,1.468852782852651,1.2831405446944255
2026-04-12,2025_26,La Liga,,Osasuna,Betis,1.4310340452641446,1.268158564509491
2026-04-12,2025_26,Ligue 1,,Lyon,Lorient,1.8626048038951593,0.905209630665091
2026-04-12,2025_26,Ligue 1,,Nice,Le Havre,1.5616035591953374,1.12652575943563
2026-04-12,2025_26,Ligue 1,,Toulouse,Lille,1.2406641106792715,1.50471647137679
2026-04-12,2025_26,Premier League,,Chelsea,Man City,1.2004659734896541,1.4640841365863622
2026-04-12,2025_26,Premier League,,Crystal Palace,Newcastle,1.331942826956513,1.352666192341795
2026-04-12,2025_26,Premier League,,Nott'm Forest,Aston Villa,1.1801037119507942,1.4341162493341435
2026-04-12,2025_26,Premier League,,Sunderland,Tottenham,1.3584270202648654,1.3315144185763628
2026-04-12,2025_26,Serie A,,Bologna,Lecce,1.7463143954312284,0.9369515592472653
2026-04-12,2025_26,Serie A,,Como,Inter,1.221156284104468,1.552801790573174
2026-04-12,2025_26,Serie A,,Genoa,Sassuolo,1.4965012367118544,1.1655076232043222
2026-04-12,2025_26,Serie A,,Parma,Napoli,1.009739416583859,1.6944070442518604
2026-04-13,2025_26,La Liga,,Levante,Getafe,1.4031236805026204,1.2622695755904145
2026-04-13,2025_26,Premier League,,Man United,Leeds,1.9325083711759996,0.8520298361458667
2026-04-13,2025_26,Serie A,,Fiorentina,Lazio,1.3919124632321156,1.3231081036224799
2026-04-14,2025_26,Champions League,quarterfinal,Ath Madrid,Barcelona,1.3014785051413866,1.5968604304820286
2026-04-14,2025_26,Champions League,quarterfinal,Liverpool,Paris SG,1.22373356329212,1.8210187293265405
2026-04-15,2025_26,Champions League,quarterfinal,Arsenal,Sporting Clube de Portugal (POR),2.4095530731789343,0.825338882699388
2026-04-15,2025_26,Champions League,quarterfinal,Bayern Munich,Real Madrid,2.254932950932984,0.918139682973381
2026-04-17,2025_26,Bundesliga,,St Pauli,FC Koln,1.3095930997185292,1.2772014574906634
2026-04-17,2025_26,Ligue 1,,Lens,Toulouse,2.005571606007315,0.7816904986361102
2026-04-17,2025_26,Serie A,,Inter,Cagliari,2.7806061161884563,0.6286835868662726
2026-04-17,2025_26,Serie A,,Sassuolo,Como,1.0413681834207915,1.5707829076469266
2026-04-18,2025_26,Bundesliga,,Ein Frankfurt,RB Leipzig,1.1923833944665592,1.4343253509113705
2026-04-18,2025_26,Bundesliga,,Hoffenheim,Dortmund,1.1268755672383493,1.7210518667519648
2026-04-18,2025_26,Bundesliga,,Leverkusen,Augsburg,2.262467210740736,0.8011393266927178
2026-04-18,2025_26,Bundesliga,,Union Berlin,Wolfsburg,1.5850136888857282,1.1708221874814262
2026-04-18,2025_26,Bundesliga,,Werder Bremen,Hamburg,1.5263302062040554,1.0749870140503135
2026-04-18,2025_26,Ligue 1,,Angers,Le Havre,1.418015069124612,1.2444061402435902
2026-04-18,2025_26,Ligue 1,,Lille,Nice,1.9386620328660904,0.8441524018918504
2026-04-18,2025_26,Ligue 1,,Lorient,Marseille,1.2089111097444591,1.5162386459095503
2026-04-18,2025_26,Premier League,,Brentford,Fulham,1.6555732663938068,1.1255075359620357
2026-04-18,2025_26,Premier League,,Chelsea,Man United,1.424573711786439,1.1340284233597482
2026-04-18,2025_26,Premier League,,Leeds,Wolves,1.648256846047554,1.0163088414030004
2026-04-18,2025_26,Premier League,,Newcastle,Bournemouth,1.544836909845208,1.0716762899188121
2026-04-18,2025_26,Premier League,,Tottenham,Brighton,1.2964578212598248,1.320590546324502
2026-04-18,2025_26,Serie A,,Napoli,Lazio,1.7560399973332543,0.9981718854717668
2026-04-18,2025_26,Serie A,,Roma,Atalanta,1.6084427834561688,1.074164514895174
2026-04-18,2025_26,Serie A,,Udinese,Parma,1.6869273409328613,1.0793288157520646
2026-04-19,2025_26,Bundesliga,,Bayern Munich,Stuttgart,2.6541205757833244,0.6430189253894792
2026-04-19,2025_26,Bundesliga,,Freiburg,Heidenheim,1.8645116646650821,0.9650985698274933
2026-04-19,2025_26,Bundesliga,,M'gladbach,Mainz,1.4050451967243458,1.2295697348173797
2026-04-19,2025_26,Ligue 1,,Metz,Paris FC,1.1577851078858814,1.6086050405635857
2026-04-19,2025_26,Ligue 1,,Monaco,Auxerre,1.9999800517667636,0.8928354714898185
2026-04-19,2025_26,Ligue 1,,Nantes,Brest,1.2886571357300804,1.4268665582635605
2026-04-19,2025_26,Ligue 1,,Paris SG,Lyon,2.3434187822430497,0.7200605120698896
2026-04-19,2025_26,Ligue 1,,Strasbourg,Rennes,1.4917962597074659,1.1436384656372662
2026-04-19,2025_26,Premier League,,Aston Villa,Sunderland,1.9152976290863224,0.9099969349959082
2026-04-19,2025_26,Premier League,,Everton,Liverpool,1.2581225304449561,1.4614596377229028
2026-04-19,2025_26,Premier League,,Man City,Arsenal,1.403148073174428,1.192596709150559
2026-04-19,2025_26,Premier League,,Nott'm Forest,Burnley,1.8499057873230802,0.9251558669008086
2026-04-19,2025_26,Serie A,,Cremonese,Torino,1.2919048631679448,1.383360320567152
2026-04-19,2025_26,Serie A,,Juventus,Bologna,1.9921942238209507,0.8570617131854017
2026-04-19,2025_26,Serie A,,Pisa,Genoa,1.2077640597388417,1.5366816541954096
2026-04-19,2025_26,Serie A,,Verona,Milan,0.856835897099382,1.994136398767998
2026-04-20,2025_26,Premier League,,Crystal Palace,West Ham,1.6673859347042674,1.0791463518601243
2026-04-20,2025_26,Serie A,,Lecce,Fiorentina,1.185082220694224,1.4063781735671221
2026-04-21,2025_26,La Liga,,Ath Bilbao,Osasuna,1.3982746467192757,1.1895933328608155
2026-04-21,2025_26,La Liga,,Girona,Betis,1.376979396238396,1.3619521822902874
2026-04-21,2025_26,La Liga,,Mallorca,Valencia,1.4982549385311994,1.1955523325277617
2026-04-21,2025_26,La Liga,,Real Madrid,Alaves,2.6859572683161317,0.673549135983959
2026-04-21,2025_26,Premier League,,Brighton,Chelsea,1.3512517963099113,1.2421317781921999
2026-04-22,2025_26,La Liga,,Barcelona,Celta,2.635115763413835,0.7292554601738782
2026-04-22,2025_26,La Liga,,Elche,Ath Madrid,0.9722369432667781,1.8955615470400264
2026-04-22,2025_26,La Liga,,Sociedad,Getafe,1.7354428837706395,1.0439007815671657
2026-04-22,2025_26,Ligue 1,,Paris SG,Nantes,3.3213912485022585,0.5511532645856926
2026-04-22,2025_26,Premier League,,Bournemouth,Leeds,1.6538535116967088,1.0348669273328235
2026-04-22,2025_26,Premier League,,Burnley,Man City,0.7385862814190262,2.5769446782984944
2026-04-23,2025_26,La Liga,,Levante,Sevilla,1.4402168616285518,1.2052870209781
2026-04-23,2025_26,La Liga,,Oviedo,Villarreal,1.1127376217292562,1.6068785066230757
2026-04-23,2025_26,La Liga,,Vallecano,Espanol,1.5666631141399534,1.1176426333317522
2026-04-24,2025_26,Bundesliga,,RB Leipzig,Union Berlin,2.2084704599336056,0.7867271861002407
2026-04-24,2025_26,La Liga,,Betis,Real Madrid,1.019767432637392,1.903381705195463
2026-04-24,2025_26,Ligue 1,,Brest,Lens,1.1360546576510862,1.5592515722313913
2026-04-24,2025_26,Premier League,,Sunderland,Nott'm Forest,1.3193314393608646,1.2996834287290258
2026-04-24,2025_26,Serie A,,Napoli,Cremonese,2.1856813564880393,0.7577347453237608
2026-04-25,2025_26,Bundesliga,,Augsburg,Ein Frankfurt,1.2962186022572069,1.261947605980779
2026-04-25,2025_26,Bundesliga,,FC Koln,Leverkusen,1.0477911994820415,1.688850616826586
2026-04-25,2025_26,Bundesliga,,Hamburg,Hoffenheim,1.2383011897758525,1.4889003432307824
2026-04-25,2025_26,Bundesliga,,Heidenheim,St Pauli,1.4983488259151434,1.1592393781152317
2026-04-25,2025_26,Bundesliga,,Mainz,Bayern Munich,0.6294134756953619,2.8671520546099285
2026-04-25,2025_26,Bundesliga,,Wolfsburg,M'gladbach,1.4108852440452737,1.3295733865964507
2026-04-25,2025_26,La Liga,,Alaves,Mallorca,1.5357005209080143,1.1450937553040448
2026-04-25,2025_26,La Liga,,Ath Madrid,Ath Bilbao,2.1238046159707453,0.8283833387926345
2026-04-25,2025_26,La Liga,,Getafe,Barcelona,0.8207815353658353,2.3027532052751924
2026-04-25,2025_26,La Liga,,Valencia,Girona,1.5145030570851514,1.157216319664229
2026-04-25,2025_26,Ligue 1,,Angers,Paris SG,0.7005458211200836,2.6614045348060813
2026-04-25,2025_26,Ligue 1,,Lyon,Auxerre,1.9908606854324973,0.8685709661915822
2026-04-25,2025_26,Ligue 1,,Toulouse,Monaco,1.2170862719677573,1.4901008013791792
2026-04-25,2025_26,Premier League,,Arsenal,Newcastle,2.0312936593627544,0.8248060635408679
2026-04-25,2025_26,Premier League,,Fulham,Aston Villa,1.262755696296675,1.3661778617067015
2026-04-25,2025_26,Premier League,,Liverpool,Crystal Palace,1.994439397865672,0.9764549817967723
2026-04-25,2025_26,Premier League,,West Ham,Everton,1.3057709421688346,1.3910703413365837
2026-04-25,2025_26,Premier League,,Wolves,Tottenham,1.184747685741129,1.5005802351539113
2026-04-25,2025_26,Serie A,,Bologna,Roma,1.1996394079073083,1.4840730408616243
2026-04-25,2025_26,Serie A,,Parma,Pisa,1.7208812470281434,1.0075860407359465
2026-04-25,2025_26,Serie A,,Verona,Lecce,1.3770921002454193,1.2794854832331364
2026-04-26,2025_26,Bundesliga,,Dortmund,Freiburg,2.058625500118163,0.817051723170139
2026-04-26,2025_26,Bundesliga,,Stuttgart,Werder Bremen,1.9982598045913296,0.8097638545139297
2026-04-26,2025_26,La Liga,,Osasuna,Sevilla,1.675842409199407,1.0530100140099539
2026-04-26,2025_26,La Liga,,Oviedo,Elche,1.430628131542715,1.1958513083689395
2026-04-26,2025_26,La Liga,,Vallecano,Sociedad,1.4459772345421682,1.266040682501756
2026-04-26,2025_26,La Liga,,Villarreal,Celta,1.6162615936951445,1.1224032024959383
2026-04-26,2025_26,Ligue 1,,Le Havre,Metz,1.824288084365404,0.9182624116413549
2026-04-26,2025_26,Ligue 1,,Lorient,Strasbourg,1.2906513635462438,1.3620603326411147
2026-04-26,2025_26,Ligue 1,,Marseille,Nice,1.7426593518848958,0.9084985010121579
2026-04-26,2025_26,Ligue 1,,Paris FC,Lille,1.1511592017883436,1.5556908343355087
2026-04-26,2025_26,Ligue 1,,Rennes,Nantes,2.1459562732742743,0.8247671053785808
2026-04-26,2025_26,Serie A,,Fiorentina,Sassuolo,1.5682007388151393,1.119371033767546
2026-04-26,2025_26,Serie A,,Genoa,Como,1.1652955393959814,1.6052066141632533
2026-04-26,2025_26,Serie A,,Milan,Juventus,1.3600229947556466,1.3234468116987492
2026-04-26,2025_26,Serie A,,Torino,Inter,0.8424152801914997,2.1159528949164184
2026-04-27,2025_26,La Liga,,Espanol,Levante,1.456324533423172,1.1117939781912851
2026-04-27,2025_26,Premier League,,Man United,Brentford,1.6853646680914334,1.0915011264198167
2026-04-27,2025_26,Serie A,,Cagliari,Atalanta,1.0545691571498206,1.643080877095205
2026-04-27,2025_26,Serie A,,Lazio,Udinese,1.6365560117477933,1.0419509664498567
2026-04-28,2025_26,Champions League,semifinal,Paris SG,Bayern Munich,1.3029083732614812,1.5847280176690812
2026-04-29,2025_26,Champions League,semifinal,Ath Madrid,Arsenal,1.3040639662309506,1.3682884773270512
2026-05-01,2025_26,La Liga,,Girona,Mallorca,1.5272905301018498,1.1470390104671777
2026-05-01,2025_26,Premier League,,Leeds,Burnley,1.9414743384073099,0.9066972417877005
2026-05-01,2025_26,Serie A,,Pisa,Lecce,1.3934456387730731,1.2986182393305548
2026-05-02,2025_26,Bundesliga,,Bayern Munich,Heidenheim,4.090515957038935,0.4232563142576762
2026-05-02,2025_26,Bundesliga,,Ein Frankfurt,Hamburg,1.7180925031855603,0.9814607345979085
2026-05-02,2025_26,Bundesliga,,Hoffenheim,Stuttgart,1.243533374807998,1.3519654480936594
2026-05-02,2025_26,Bundesliga,,Leverkusen,RB Leipzig,1.5173409058216607,1.1942963930765564
2026-05-02,2025_26,Bundesliga,,Union Berlin,FC Koln,1.4729653009355483,1.2849894612115635
2026-05-02,2025_26,Bundesliga,,Werder Bremen,Augsburg,1.4990613843656908,1.1394195193190906
2026-05-02,2025_26,La Liga,,Alaves,Ath Bilbao,1.423761316039525,1.1645573449990327
2026-05-02,2025_26,La Liga,,Osasuna,Barcelona,0.897392317255171,2.1812037256610672
2026-05-02,2025_26,La Liga,,Valencia,Ath Madrid,1.0790377643514568,1.6203287405306401
2026-05-02,2025_26,La Liga,,Villarreal,Levante,1.9633199860160917,0.9195809766141256
2026-05-02,2025_26,Ligue 1,,Metz,Monaco,0.9622683573298787,1.91071175294671
2026-05-02,2025_26,Ligue 1,,Nantes,Marseille,1.0746498285035833,1.7554315703176375
2026-05-02,2025_26,Ligue 1,,Nice,Lens,1.0423838288103278,1.6748628488702202
2026-05-02,2025_26,Ligue 1,,Paris SG,Lorient,2.981747419888661,0.5833063558314985
2026-05-02,2025_26,Premier League,,Arsenal,Fulham,2.224358211183615,0.7454519809415746
2026-05-02,2025_26,Premier League,,Brentford,West Ham,1.6771822362886364,1.0832477929935835
2026-05-02,2025_26,Premier League,,Newcastle,Brighton,1.4119098002015154,1.198384143213995
2026-05-02,2025_26,Premier League,,Wolves,Sunderland,1.3092990123436408,1.338616025996256
2026-05-02,2025_26,Serie A,,Atalanta,Genoa,1.9462853129158775,0.9237412008242957
2026-05-02,2025_26,Serie A,,Como,Napoli,1.474459179578056,1.1932459651838638
2026-05-02,2025_26,Serie A,,Udinese,Torino,1.575017113234144,1.13496248868485
2026-05-03,2025_26,Bundesliga,,Freiburg,Wolfsburg,1.7839196309850984,1.066837697782555
2026-05-03,2025_26,Bundesliga,,M'gladbach,Dortmund,0.9693165909000425,1.9434727811898684
2026-05-03,2025_26,Bundesliga,,St Pauli,Mainz,1.1541290020974788,1.4830044036831982
2026-05-03,2025_26,La Liga,,Betis,Oviedo,1.894367006584252,0.924666521652198
2026-05-03,2025_26,La Liga,,Celta,Elche,1.6794146189888297,1.030980836191609
2026-05-03,2025_26,La Liga,,Espanol,Real Madrid,0.8244741275814321,2.2337059152173784
2026-05-03,2025_26,La Liga,,Getafe,Vallecano,1.485666853197717,1.2978379999163834
2026-05-03,2025_26,Ligue 1,,Auxerre,Angers,1.6425788487437485,1.0751818538707505
2026-05-03,2025_26,Ligue 1,,Lille,Le Havre,1.9929599981257877,0.8004524643719165
2026-05-03,2025_26,Ligue 1,,Lyon,Rennes,1.581354233075868,1.124762928286819
2026-05-03,2025_26,Ligue 1,,Paris FC,Brest,1.4213001915371988,1.2213833162481764
2026-05-03,2025_26,Ligue 1,,Strasbourg,Toulouse,1.7149673277292672,0.9798882346988635
2026-05-03,2025_26,Premier League,,Aston Villa,Tottenham,1.8151864076892907,1.0023372638358707
2026-05-03,2025_26,Premier League,,Bournemouth,Crystal Palace,1.5535796149722356,1.1664256457310707
2026-05-03,2025_26,Premier League,,Man United,Liverpool,1.3942667007498024,1.3120528897678878
2026-05-03,2025_26,Serie A,,Bologna,Cagliari,1.661621535985908,1.029703654259718
2026-05-03,2025_26,Serie A,,Inter,Parma,2.86431497550358,0.6390032638414116
2026-05-03,2025_26,Serie A,,Juventus,Verona,2.7474081174437885,0.647078770603168
2026-05-03,2025_26,Serie A,,Sassuolo,Milan,1.0785759302259448,1.4260300446416325
2026-05-04,2025_26,La Liga,,Sevilla,Sociedad,1.3044124569705058,1.3535000910575037
2026-05-04,2025_26,Premier League,,Chelsea,Nott'm Forest,1.4963596076580237,1.0773659623266159
2026-05-04,2025_26,Premier League,,Everton,Man City,1.0747638334296257,1.780074657289334
2026-05-04,2025_26,Serie A,,Cremonese,Lazio,1.0570973937870725,1.704670731358871
2026-05-04,2025_26,Serie A,,Roma,Fiorentina,1.8619406735295887,0.8595151224936507
2026-05-05,2025_26,Champions League,semifinal,Arsenal,Ath Madrid,1.7863439844747329,1.0456900618201754
2026-05-06,2025_26,Champions League,semifinal,Bayern Munich,Paris SG,1.8407356595432285,1.0821872263449792
2026-05-08,2025_26,Bundesliga,,Dortmund,Ein Frankfurt,2.1413680445825776,0.7351433271296658
2026-05-08,2025_26,La Liga,,Levante,Osasuna,1.309689193334704,1.3836367167914032
2026-05-08,2025_26,Ligue 1,,Lens,Nantes,2.5161947880303566,0.757253605855407
2026-05-08,2025_26,Serie A,,Torino,Sassuolo,1.3986522353111241,1.2617722648599545
2026-05-09,2025_26,Bundesliga,,Augsburg,M'gladbach,1.5523520554793324,1.1866709228600483
2026-05-09,2025_26,Bundesliga,,Hoffenheim,Werder Bremen,1.8264237023150731,0.9858369996855082
2026-05-09,2025_26,Bundesliga,,RB Leipzig,St Pauli,2.315716559197752,0.716574821358243
2026-05-09,2025_26,Bundesliga,,Stuttgart,Leverkusen,1.362961790739385,1.2534680546899843
2026-05-09,2025_26,Bundesliga,,Wolfsburg,Bayern Munich,0.5905967786536553,3.04057769134594
2026-05-09,2025_26,La Liga,,Ath Madrid,Celta,2.0080932119286046,0.8993060074454265
2026-05-09,2025_26,La Liga,,Elche,Alaves,1.4442360536825325,1.2303827450688036
2026-05-09,2025_26,La Liga,,Sevilla,Espanol,1.4968047077448317,1.1242150065746435
2026-05-09,2025_26,La Liga,,Sociedad,Betis,1.400318642343689,1.3208433545106046
2026-05-09,2025_26,Premier League,,Brighton,Wolves,2.0943730038755097,0.7868887956456886
2026-05-09,2025_26,Premier League,,Fulham,Bournemouth,1.3107536532950603,1.3230775377306567
2026-05-09,2025_26,Premier League,,Liverpool,Chelsea,1.8829276770038819,1.0259056037205057
2026-05-09,2025_26,Premier League,,Man City,Brentford,2.0348245130594997,0.8380457740004207
2026-05-09,2025_26,Premier League,,Sunderland,Man United,1.0003711962279522,1.6226084827542453
2026-05-09,2025_26,Serie A,,Cagliari,Udinese,1.273979098526034,1.3528452132459698
2026-05-09,2025_26,Serie A,,Lazio,Inter,0.9764027738503528,1.706398044959845
2026-05-09,2025_26,Serie A,,Lecce,Juventus,0.8994350311505913,1.9637230921138278
2026-05-10,2025_26,Bundesliga,,FC Koln,Heidenheim,1.6047818429940357,1.0231878038496538
2026-05-10,2025_26,Bundesliga,,Hamburg,Freiburg,1.2952094085746886,1.3847797789217555
2026-05-10,2025_26,Bundesliga,,Mainz,Union Berlin,1.6787282478912764,1.0158608994825602
2026-05-10,2025_26,La Liga,,Ath Bilbao,Valencia,1.5834443728920748,1.0990840072906392
2026-05-10,2025_26,La Liga,,Barcelona,Real Madrid,1.6534178471380214,1.1346197058973013
2026-05-10,2025_26,La Liga,,Mallorca,Villarreal,1.244179282349688,1.4986406123357132
2026-05-10,2025_26,La Liga,,Oviedo,Getafe,1.355421413040571,1.31064064003583
2026-05-10,2025_26,Ligue 1,,Angers,Strasbourg,1.0524541878856044,1.48554831613857
2026-05-10,2025_26,Ligue 1,,Auxerre,Nice,1.360059721213374,1.2243597669425421
2026-05-10,2025_26,Ligue 1,,Le Havre,Marseille,1.2548900296134577,1.4890669295908001
2026-05-10,2025_26,Ligue 1,,Metz,Lorient,1.1389844510152751,1.544592965774076
2026-05-10,2025_26,Ligue 1,,Monaco,Lille,1.3949006465335079,1.3313605299229274
2026-05-10,2025_26,Ligue 1,,Paris SG,Brest,2.8387268352783646,0.5997838947376967
2026-05-10,2025_26,Ligue 1,,Rennes,Paris FC,1.6478920871394496,1.0648755989197711
2026-05-10,2025_26,Ligue 1,,Toulouse,Lyon,1.1375789777340803,1.4617034828866844
2026-05-10,2025_26,Premier League,,Burnley,Aston Villa,0.9656310895169443,1.8648891304434838
2026-05-10,2025_26,Premier League,,Crystal Palace,Everton,1.3130614628786583,1.2819880408833595
2026-05-10,2025_26,Premier League,,Nott'm Forest,Newcastle,1.423434522584818,1.2221559067445835
2026-05-10,2025_26,Premier League,,West Ham,Arsenal,0.9032534762572293,1.9983888121963689
2026-05-10,2025_26,Serie A,,Cremonese,Pisa,1.5481673116178245,1.139523666684323
2026-05-10,2025_26,Serie A,,Fiorentina,Genoa,1.5455126354160917,1.1868111982635965
2026-05-10,2025_26,Serie A,,Milan,Atalanta,1.5066385418476047,1.1253599947668587
2026-05-10,2025_26,Serie A,,Parma,Roma,1.0064844911666069,1.7644745077884745
2026-05-10,2025_26,Serie A,,Verona,Como,0.9064635607357064,1.9363222598574448
2026-05-11,2025_26,La Liga,,Vallecano,Girona,1.5448863932038797,1.079758727100745
2026-05-11,2025_26,Premier League,,Tottenham,Leeds,1.462146310552398,1.1044615636497104
2026-05-11,2025_26,Serie A,,Napoli,Bologna,1.8659778818659252,0.9205209881265468
2026-05-12,2025_26,La Liga,,Betis,Elche,1.8867783778061546,0.941093953992586
2026-05-12,2025_26,La Liga,,Celta,Levante,1.8639951837382422,1.0002469819782063
2026-05-12,2025_26,La Liga,,Osasuna,Ath Madrid,1.102336802916788,1.5493863155624197
2026-05-13,2025_26,La Liga,,Alaves,Barcelona,0.7970316334468605,2.284503120204081
2026-05-13,2025_26,La Liga,,Espanol,Ath Bilbao,1.270929164954873,1.3163053001696925
2026-05-13,2025_26,La Liga,,Getafe,Mallorca,1.421211349607108,1.2536678885147265
2026-05-13,2025_26,La Liga,,Villarreal,Sevilla,1.9792762311818324,0.9056663078532794
2026-05-13,2025_26,Ligue 1,,Brest,Strasbourg,1.3357774398392754,1.3250971277376073
2026-05-13,2025_26,Ligue 1,,Lens,Paris SG,1.1009943534187954,1.7335562911386577
2026-05-13,2025_26,Premier League,,Man City,Crystal Palace,2.3277802597544093,0.768111612737681
2026-05-14,2025_26,La Liga,,Girona,Sociedad,1.3732687833817097,1.3275704656020413
2026-05-14,2025_26,La Liga,,Real Madrid,Oviedo,2.841357140074083,0.6048995882881575
2026-05-14,2025_26,La Liga,,Valencia,Vallecano,1.4685821607930691,1.234509807854448
2026-05-15,2025_26,Premier League,,Aston Villa,Liverpool,1.2826238155513772,1.3992439152512135
2026-05-16,2025_26,Bundesliga,,Bayern Munich,FC Koln,3.4495737147479235,0.4981837293246986
2026-05-16,2025_26,Bundesliga,,Ein Frankfurt,Stuttgart,1.0746766396770238,1.4973006935421334
2026-05-16,2025_26,Bundesliga,,Freiburg,RB Leipzig,1.1871175981486577,1.4952624930652538
2026-05-16,2025_26,Bundesliga,,Heidenheim,Mainz,1.2865026300279998,1.3928963817043054
2026-05-16,2025_26,Bundesliga,,Leverkusen,Hamburg,2.2564716782714895,0.7839254943618753
2026-05-16,2025_26,Bundesliga,,M'gladbach,Hoffenheim,1.2263875528005217,1.4026111679600959
2026-05-16,2025_26,Bundesliga,,St Pauli,Wolfsburg,1.3633573134039931,1.3003334290582402
2026-05-16,2025_26,Bundesliga,,Union Berlin,Augsburg,1.4142604053039494,1.3078456612637919
2026-05-16,2025_26,Bundesliga,,Werder Bremen,Dortmund,0.931201656121233,1.9028383985002297
2026-05-17,2025_26,La Liga,,Ath Bilbao,Celta,1.3521676271494705,1.3110247367782977
2026-05-17,2025_26,La Liga,,Ath Madrid,Girona,2.066369894781229,0.78020942367277
2026-05-17,2025_26,La Liga,,Barcelona,Betis,2.3279690164378355,0.7774404292489956
2026-05-17,2025_26,La Liga,,Elche,Getafe,1.4461401763593398,1.2476482026552937
2026-05-17,2025_26,La Liga,,Levante,Mallorca,1.5046891704006995,1.2035815963205947
2026-05-17,2025_26,La Liga,,Osasuna,Espanol,1.5575973198582636,0.9877893476832336
2026-05-17,2025_26,La Liga,,Oviedo,Alaves,1.2822928240956102,1.3349720678237436
2026-05-17,2025_26,La Liga,,Sevilla,Real Madrid,0.8681207715869901,2.0472756591805825
2026-05-17,2025_26,La Liga,,Sociedad,Valencia,1.6770740470153105,1.088583620902148
2026-05-17,2025_26,La Liga,,Vallecano,Villarreal,1.3269063315590013,1.4473143555620078
2026-05-17,2025_26,Ligue 1,,Brest,Angers,1.7687163210142578,1.068703928232956
2026-05-17,2025_26,Ligue 1,,Lille,Auxerre,1.950352762305442,0.8236808142510172
2026-05-17,2025_26,Ligue 1,,Lorient,Le Havre,1.6405130844840594,1.0407304969289277
2026-05-17,2025_26,Ligue 1,,Lyon,Lens,1.5042416718941223,1.1955160067557347
2026-05-17,2025_26,Ligue 1,,Marseille,Rennes,1.3770047218790324,1.1756567880197573
2026-05-17,2025_26,Ligue 1,,Nantes,Toulouse,1.192022746929402,1.3709574179966217
2026-05-17,2025_26,Ligue 1,,Nice,Metz,1.87415314989435,0.868888420143604
2026-05-17,2025_26,Ligue 1,,Paris FC,Paris SG,0.8821223629944682,2.0738385939512103
2026-05-17,2025_26,Ligue 1,,Strasbourg,Monaco,1.379403498962332,1.315748441710003
2026-05-17,2025_26,Premier League,,Brentford,Crystal Palace,1.6399500224793047,1.0905252044394633
2026-05-17,2025_26,Premier League,,Everton,Sunderland,1.8654913129111725,0.9631637196702038
2026-05-17,2025_26,Premier League,,Leeds,Brighton,1.280908189752688,1.4081213978325267
2026-05-17,2025_26,Premier League,,Man United,Nott'm Forest,1.5901418091089332,1.051488521428257
2026-05-17,2025_26,Premier League,,Newcastle,West Ham,1.8853355066804776,0.9683592653685656
2026-05-17,2025_26,Premier League,,Wolves,Fulham,1.202774296053329,1.5241102358335552
2026-05-17,2025_26,Serie A,,Atalanta,Bologna,1.679735668402203,1.0251749900904348
2026-05-17,2025_26,Serie A,,Cagliari,Torino,1.437011107861991,1.3140953212490012
2026-05-17,2025_26,Serie A,,Como,Parma,2.1019326214527045,0.8814129767780124
2026-05-17,2025_26,Serie A,,Genoa,Milan,1.1390487588908245,1.5005792838492724
2026-05-17,2025_26,Serie A,,Inter,Verona,3.2601713724894936,0.5337408092138978
2026-05-17,2025_26,Serie A,,Juventus,Fiorentina,2.092524387744566,0.7833947338306947
2026-05-17,2025_26,Serie A,,Pisa,Napoli,0.8945182275715943,2.1181504962479325
2026-05-17,2025_26,Serie A,,Roma,Lazio,1.8808852502983322,0.9392986157682132
2026-05-17,2025_26,Serie A,,Sassuolo,Lecce,1.769300572054678,0.9572910486219541
2026-05-17,2025_26,Serie A,,Udinese,Cremonese,1.8282240649845687,0.950474174385139
2026-05-18,2025_26,Premier League,,Arsenal,Burnley,3.027848711706627,0.5641720354071306
2026-05-19,2025_26,Premier League,,Bournemouth,Man City,1.1066940045658762,1.8054722985496
2026-05-19,2025_26,Premier League,,Chelsea,Tottenham,1.5865234812089963,1.0325623759156708
2026-05-22,2025_26,Serie A,,Fiorentina,Atalanta,1.187577686496806,1.36247811853735
2026-05-23,2025_26,La Liga,,Alaves,Vallecano,1.4487152978818387,1.260468035434871
2026-05-23,2025_26,La Liga,,Betis,Levante,1.9795010381346698,0.9790848782677057
2026-05-23,2025_26,La Liga,,Celta,Sevilla,1.7094484168166808,1.0627316034887129
2026-05-23,2025_26,La Liga,,Espanol,Sociedad,1.314358788567957,1.3687064197958687
2026-05-23,2025_26,La Liga,,Getafe,Osasuna,1.4965544777816129,1.2538474990472006
2026-05-23,2025_26,La Liga,,Girona,Elche,1.5580463333478591,1.1412017931048195
2026-05-23,2025_26,La Liga,,Mallorca,Oviedo,1.705024223735212,1.0524626509194577
2026-05-23,2025_26,La Liga,,Real Madrid,Ath Bilbao,2.500703042059808,0.6822173328437792
2026-05-23,2025_26,La Liga,,Valencia,Barcelona,0.819121380228437,2.2179890807997618
2026-05-23,2025_26,Serie A,,Bologna,Inter,0.8912293894716063,1.8547354458955534
2026-05-23,2025_26,Serie A,,Lazio,Pisa,2.2054781986616443,0.7765988231923823
2026-05-24,2025_26,La Liga,,Villarreal,Ath Madrid,1.3904502665526637,1.3971506749412537
2026-05-24,2025_26,Premier League,,Brighton,Man United,1.3801924345243395,1.2567573267782945
2026-05-24,2025_26,Premier League,,Burnley,Wolves,1.561608819417897,1.211306187189194
2026-05-24,2025_26,Premier League,,Crystal Palace,Arsenal,0.963319711379365,1.8327941192756951
2026-05-24,2025_26,Premier League,,Fulham,Newcastle,1.2396847404787614,1.3527103465510806
2026-05-24,2025_26,Premier League,,Liverpool,Brentford,1.9773831962580113,1.0043704138913
2026-05-24,2025_26,Premier League,,Man City,Aston Villa,2.0530976676027697,0.8535645673940764
2026-05-24,2025_26,Premier League,,Nott'm Forest,Bournemouth,1.3673304272955797,1.222325442821296
2026-05-24,2025_26,Premier League,,Sunderland,Chelsea,1.1058266472450657,1.46037562584554
2026-05-24,2025_26,Premier League,,Tottenham,Everton,1.4066815891247784,1.2462292353367554
2026-05-24,2025_26,Premier League,,West Ham,Leeds,1.305005575424155,1.2778230917916653
2026-05-24,2025_26,Serie A,,Cremonese,Como,1.0095842086314626,1.7832960264995905
2026-05-24,2025_26,Serie A,,Lecce,Genoa,1.2842522790868445,1.275090843464622
2026-05-24,2025_26,Serie A,,Milan,Cagliari,2.143212637154199,0.8611926971217503
2026-05-24,2025_26,Serie A,,Napoli,Udinese,1.8441088031878365,0.8828857314324466
2026-05-24,2025_26,Serie A,,Parma,Sassuolo,1.3724940632476477,1.2760128463575278
2026-05-24,2025_26,Serie A,,Torino,Juventus,1.0632185696211984,1.7707938258881983
2026-05-24,2025_26,Serie A,,Verona,Roma,0.8711289130322588,2.0848246423147225
2026-05-30,2025_26,Champions League,final,Paris SG,Arsenal,1.6909640736717264,1.0816604581982263
